{"asctime": "2026-03-23 13:39:39,250", "level": "INFO", "logger": "sqlalchemy.engine.Engine", "message": "select pg_catalog.version()"}
{"asctime": "2026-03-23 13:39:39,250", "level": "INFO", "logger": "sqlalchemy.engine.Engine", "message": "[raw sql] ()"}
{"asctime": "2026-03-23 13:39:39,252", "level": "INFO", "logger": "sqlalchemy.engine.Engine", "message": "select current_schema()"}
{"asctime": "2026-03-23 13:39:39,252", "level": "INFO", "logger": "sqlalchemy.engine.Engine", "message": "[raw sql] ()"}
{"asctime": "2026-03-23 13:39:39,254", "level": "INFO", "logger": "sqlalchemy.engine.Engine", "message": "show standard_conforming_strings"}
{"asctime": "2026-03-23 13:39:39,254", "level": "INFO", "logger": "sqlalchemy.engine.Engine", "message": "[raw sql] ()"}
{"asctime": "2026-03-23 13:39:39,257", "level": "INFO", "logger": "sqlalchemy.engine.Engine", "message": "BEGIN (implicit)"}
{"asctime": "2026-03-23 13:39:39,259", "level": "INFO", "logger": "sqlalchemy.engine.Engine", "message": "SELECT pg_catalog.pg_class.relname \nFROM pg_catalog.pg_class JOIN pg_catalog.pg_namespace ON pg_catalog.pg_namespace.oid = pg_catalog.pg_class.relnamespace \nWHERE pg_catalog.pg_class.relname = $1::VARCHAR AND pg_catalog.pg_class.relkind = ANY (ARRAY[$2::VARCHAR, $3::VARCHAR, $4::VARCHAR, $5::VARCHAR, $6::VARCHAR]) AND pg_catalog.pg_table_is_visible(pg_catalog.pg_class.oid) AND pg_catalog.pg_namespace.nspname != $7::VARCHAR"}
{"asctime": "2026-03-23 13:39:39,260", "level": "INFO", "logger": "sqlalchemy.engine.Engine", "message": "[generated in 0.00035s] ('users', 'r', 'p', 'f', 'v', 'm', 'pg_catalog')"}
{"asctime": "2026-03-23 13:39:39,265", "level": "INFO", "logger": "sqlalchemy.engine.Engine", "message": "SELECT pg_catalog.pg_class.relname \nFROM pg_catalog.pg_class JOIN pg_catalog.pg_namespace ON pg_catalog.pg_namespace.oid = pg_catalog.pg_class.relnamespace \nWHERE pg_catalog.pg_class.relname = $1::VARCHAR AND pg_catalog.pg_class.relkind = ANY (ARRAY[$2::VARCHAR, $3::VARCHAR, $4::VARCHAR, $5::VARCHAR, $6::VARCHAR]) AND pg_catalog.pg_table_is_visible(pg_catalog.pg_class.oid) AND pg_catalog.pg_namespace.nspname != $7::VARCHAR"}
{"asctime": "2026-03-23 13:39:39,265", "level": "INFO", "logger": "sqlalchemy.engine.Engine", "message": "[cached since 0.005539s ago] ('otps', 'r', 'p', 'f', 'v', 'm', 'pg_catalog')"}
{"asctime": "2026-03-23 13:39:39,266", "level": "INFO", "logger": "sqlalchemy.engine.Engine", "message": "SELECT pg_catalog.pg_class.relname \nFROM pg_catalog.pg_class JOIN pg_catalog.pg_namespace ON pg_catalog.pg_namespace.oid = pg_catalog.pg_class.relnamespace \nWHERE pg_catalog.pg_class.relname = $1::VARCHAR AND pg_catalog.pg_class.relkind = ANY (ARRAY[$2::VARCHAR, $3::VARCHAR, $4::VARCHAR, $5::VARCHAR, $6::VARCHAR]) AND pg_catalog.pg_table_is_visible(pg_catalog.pg_class.oid) AND pg_catalog.pg_namespace.nspname != $7::VARCHAR"}
{"asctime": "2026-03-23 13:39:39,266", "level": "INFO", "logger": "sqlalchemy.engine.Engine", "message": "[cached since 0.006742s ago] ('family_members', 'r', 'p', 'f', 'v', 'm', 'pg_catalog')"}
{"asctime": "2026-03-23 13:39:39,266", "level": "INFO", "logger": "sqlalchemy.engine.Engine", "message": "SELECT pg_catalog.pg_class.relname \nFROM pg_catalog.pg_class JOIN pg_catalog.pg_namespace ON pg_catalog.pg_namespace.oid = pg_catalog.pg_class.relnamespace \nWHERE pg_catalog.pg_class.relname = $1::VARCHAR AND pg_catalog.pg_class.relkind = ANY (ARRAY[$2::VARCHAR, $3::VARCHAR, $4::VARCHAR, $5::VARCHAR, $6::VARCHAR]) AND pg_catalog.pg_table_is_visible(pg_catalog.pg_class.oid) AND pg_catalog.pg_namespace.nspname != $7::VARCHAR"}
{"asctime": "2026-03-23 13:39:39,267", "level": "INFO", "logger": "sqlalchemy.engine.Engine", "message": "[cached since 0.00765s ago] ('medical_records', 'r', 'p', 'f', 'v', 'm', 'pg_catalog')"}
{"asctime": "2026-03-23 13:39:39,267", "level": "INFO", "logger": "sqlalchemy.engine.Engine", "message": "SELECT pg_catalog.pg_class.relname \nFROM pg_catalog.pg_class JOIN pg_catalog.pg_namespace ON pg_catalog.pg_namespace.oid = pg_catalog.pg_class.relnamespace \nWHERE pg_catalog.pg_class.relname = $1::VARCHAR AND pg_catalog.pg_class.relkind = ANY (ARRAY[$2::VARCHAR, $3::VARCHAR, $4::VARCHAR, $5::VARCHAR, $6::VARCHAR]) AND pg_catalog.pg_table_is_visible(pg_catalog.pg_class.oid) AND pg_catalog.pg_namespace.nspname != $7::VARCHAR"}
{"asctime": "2026-03-23 13:39:39,268", "level": "INFO", "logger": "sqlalchemy.engine.Engine", "message": "[cached since 0.008547s ago] ('prescriptions', 'r', 'p', 'f', 'v', 'm', 'pg_catalog')"}
{"asctime": "2026-03-23 13:39:39,269", "level": "INFO", "logger": "sqlalchemy.engine.Engine", "message": "SELECT pg_catalog.pg_class.relname \nFROM pg_catalog.pg_class JOIN pg_catalog.pg_namespace ON pg_catalog.pg_namespace.oid = pg_catalog.pg_class.relnamespace \nWHERE pg_catalog.pg_class.relname = $1::VARCHAR AND pg_catalog.pg_class.relkind = ANY (ARRAY[$2::VARCHAR, $3::VARCHAR, $4::VARCHAR, $5::VARCHAR, $6::VARCHAR]) AND pg_catalog.pg_table_is_visible(pg_catalog.pg_class.oid) AND pg_catalog.pg_namespace.nspname != $7::VARCHAR"}
{"asctime": "2026-03-23 13:39:39,269", "level": "INFO", "logger": "sqlalchemy.engine.Engine", "message": "[cached since 0.009569s ago] ('medicines', 'r', 'p', 'f', 'v', 'm', 'pg_catalog')"}
{"asctime": "2026-03-23 13:39:39,270", "level": "INFO", "logger": "sqlalchemy.engine.Engine", "message": "SELECT pg_catalog.pg_class.relname \nFROM pg_catalog.pg_class JOIN pg_catalog.pg_namespace ON pg_catalog.pg_namespace.oid = pg_catalog.pg_class.relnamespace \nWHERE pg_catalog.pg_class.relname = $1::VARCHAR AND pg_catalog.pg_class.relkind = ANY (ARRAY[$2::VARCHAR, $3::VARCHAR, $4::VARCHAR, $5::VARCHAR, $6::VARCHAR]) AND pg_catalog.pg_table_is_visible(pg_catalog.pg_class.oid) AND pg_catalog.pg_namespace.nspname != $7::VARCHAR"}
{"asctime": "2026-03-23 13:39:39,270", "level": "INFO", "logger": "sqlalchemy.engine.Engine", "message": "[cached since 0.01057s ago] ('medication_schedules', 'r', 'p', 'f', 'v', 'm', 'pg_catalog')"}
{"asctime": "2026-03-23 13:39:39,271", "level": "INFO", "logger": "sqlalchemy.engine.Engine", "message": "SELECT pg_catalog.pg_class.relname \nFROM pg_catalog.pg_class JOIN pg_catalog.pg_namespace ON pg_catalog.pg_namespace.oid = pg_catalog.pg_class.relnamespace \nWHERE pg_catalog.pg_class.relname = $1::VARCHAR AND pg_catalog.pg_class.relkind = ANY (ARRAY[$2::VARCHAR, $3::VARCHAR, $4::VARCHAR, $5::VARCHAR, $6::VARCHAR]) AND pg_catalog.pg_table_is_visible(pg_catalog.pg_class.oid) AND pg_catalog.pg_namespace.nspname != $7::VARCHAR"}
{"asctime": "2026-03-23 13:39:39,272", "level": "INFO", "logger": "sqlalchemy.engine.Engine", "message": "[cached since 0.01209s ago] ('health_metrics', 'r', 'p', 'f', 'v', 'm', 'pg_catalog')"}
{"asctime": "2026-03-23 13:39:39,272", "level": "INFO", "logger": "sqlalchemy.engine.Engine", "message": "SELECT pg_catalog.pg_class.relname \nFROM pg_catalog.pg_class JOIN pg_catalog.pg_namespace ON pg_catalog.pg_namespace.oid = pg_catalog.pg_class.relnamespace \nWHERE pg_catalog.pg_class.relname = $1::VARCHAR AND pg_catalog.pg_class.relkind = ANY (ARRAY[$2::VARCHAR, $3::VARCHAR, $4::VARCHAR, $5::VARCHAR, $6::VARCHAR]) AND pg_catalog.pg_table_is_visible(pg_catalog.pg_class.oid) AND pg_catalog.pg_namespace.nspname != $7::VARCHAR"}
{"asctime": "2026-03-23 13:39:39,272", "level": "INFO", "logger": "sqlalchemy.engine.Engine", "message": "[cached since 0.01263s ago] ('emergency_contacts', 'r', 'p', 'f', 'v', 'm', 'pg_catalog')"}
{"asctime": "2026-03-23 13:39:39,272", "level": "INFO", "logger": "sqlalchemy.engine.Engine", "message": "SELECT pg_catalog.pg_class.relname \nFROM pg_catalog.pg_class JOIN pg_catalog.pg_namespace ON pg_catalog.pg_namespace.oid = pg_catalog.pg_class.relnamespace \nWHERE pg_catalog.pg_class.relname = $1::VARCHAR AND pg_catalog.pg_class.relkind = ANY (ARRAY[$2::VARCHAR, $3::VARCHAR, $4::VARCHAR, $5::VARCHAR, $6::VARCHAR]) AND pg_catalog.pg_table_is_visible(pg_catalog.pg_class.oid) AND pg_catalog.pg_namespace.nspname != $7::VARCHAR"}
{"asctime": "2026-03-23 13:39:39,273", "level": "INFO", "logger": "sqlalchemy.engine.Engine", "message": "[cached since 0.01324s ago] ('ai_conversations', 'r', 'p', 'f', 'v', 'm', 'pg_catalog')"}
{"asctime": "2026-03-23 13:39:39,273", "level": "INFO", "logger": "sqlalchemy.engine.Engine", "message": "COMMIT"}
{"asctime": "2026-03-23 13:40:08,788", "level": "INFO", "logger": "sqlalchemy.engine.Engine", "message": "select pg_catalog.version()"}
{"asctime": "2026-03-23 13:40:08,788", "level": "INFO", "logger": "sqlalchemy.engine.Engine", "message": "[raw sql] ()"}
{"asctime": "2026-03-23 13:40:08,791", "level": "INFO", "logger": "sqlalchemy.engine.Engine", "message": "select current_schema()"}
{"asctime": "2026-03-23 13:40:08,791", "level": "INFO", "logger": "sqlalchemy.engine.Engine", "message": "[raw sql] ()"}
{"asctime": "2026-03-23 13:40:08,792", "level": "INFO", "logger": "sqlalchemy.engine.Engine", "message": "show standard_conforming_strings"}
{"asctime": "2026-03-23 13:40:08,792", "level": "INFO", "logger": "sqlalchemy.engine.Engine", "message": "[raw sql] ()"}
{"asctime": "2026-03-23 13:40:08,794", "level": "INFO", "logger": "sqlalchemy.engine.Engine", "message": "BEGIN (implicit)"}
{"asctime": "2026-03-23 13:40:08,797", "level": "INFO", "logger": "sqlalchemy.engine.Engine", "message": "SELECT pg_catalog.pg_class.relname \nFROM pg_catalog.pg_class JOIN pg_catalog.pg_namespace ON pg_catalog.pg_namespace.oid = pg_catalog.pg_class.relnamespace \nWHERE pg_catalog.pg_class.relname = $1::VARCHAR AND pg_catalog.pg_class.relkind = ANY (ARRAY[$2::VARCHAR, $3::VARCHAR, $4::VARCHAR, $5::VARCHAR, $6::VARCHAR]) AND pg_catalog.pg_table_is_visible(pg_catalog.pg_class.oid) AND pg_catalog.pg_namespace.nspname != $7::VARCHAR"}
{"asctime": "2026-03-23 13:40:08,797", "level": "INFO", "logger": "sqlalchemy.engine.Engine", "message": "[generated in 0.00037s] ('users', 'r', 'p', 'f', 'v', 'm', 'pg_catalog')"}
{"asctime": "2026-03-23 13:40:08,801", "level": "INFO", "logger": "sqlalchemy.engine.Engine", "message": "SELECT pg_catalog.pg_class.relname \nFROM pg_catalog.pg_class JOIN pg_catalog.pg_namespace ON pg_catalog.pg_namespace.oid = pg_catalog.pg_class.relnamespace \nWHERE pg_catalog.pg_class.relname = $1::VARCHAR AND pg_catalog.pg_class.relkind = ANY (ARRAY[$2::VARCHAR, $3::VARCHAR, $4::VARCHAR, $5::VARCHAR, $6::VARCHAR]) AND pg_catalog.pg_table_is_visible(pg_catalog.pg_class.oid) AND pg_catalog.pg_namespace.nspname != $7::VARCHAR"}
{"asctime": "2026-03-23 13:40:08,802", "level": "INFO", "logger": "sqlalchemy.engine.Engine", "message": "[cached since 0.005468s ago] ('otps', 'r', 'p', 'f', 'v', 'm', 'pg_catalog')"}
{"asctime": "2026-03-23 13:40:08,802", "level": "INFO", "logger": "sqlalchemy.engine.Engine", "message": "SELECT pg_catalog.pg_class.relname \nFROM pg_catalog.pg_class JOIN pg_catalog.pg_namespace ON pg_catalog.pg_namespace.oid = pg_catalog.pg_class.relnamespace \nWHERE pg_catalog.pg_class.relname = $1::VARCHAR AND pg_catalog.pg_class.relkind = ANY (ARRAY[$2::VARCHAR, $3::VARCHAR, $4::VARCHAR, $5::VARCHAR, $6::VARCHAR]) AND pg_catalog.pg_table_is_visible(pg_catalog.pg_class.oid) AND pg_catalog.pg_namespace.nspname != $7::VARCHAR"}
{"asctime": "2026-03-23 13:40:08,803", "level": "INFO", "logger": "sqlalchemy.engine.Engine", "message": "[cached since 0.00637s ago] ('family_members', 'r', 'p', 'f', 'v', 'm', 'pg_catalog')"}
{"asctime": "2026-03-23 13:40:08,803", "level": "INFO", "logger": "sqlalchemy.engine.Engine", "message": "SELECT pg_catalog.pg_class.relname \nFROM pg_catalog.pg_class JOIN pg_catalog.pg_namespace ON pg_catalog.pg_namespace.oid = pg_catalog.pg_class.relnamespace \nWHERE pg_catalog.pg_class.relname = $1::VARCHAR AND pg_catalog.pg_class.relkind = ANY (ARRAY[$2::VARCHAR, $3::VARCHAR, $4::VARCHAR, $5::VARCHAR, $6::VARCHAR]) AND pg_catalog.pg_table_is_visible(pg_catalog.pg_class.oid) AND pg_catalog.pg_namespace.nspname != $7::VARCHAR"}
{"asctime": "2026-03-23 13:40:08,803", "level": "INFO", "logger": "sqlalchemy.engine.Engine", "message": "[cached since 0.007284s ago] ('medical_records', 'r', 'p', 'f', 'v', 'm', 'pg_catalog')"}
{"asctime": "2026-03-23 13:40:08,804", "level": "INFO", "logger": "sqlalchemy.engine.Engine", "message": "SELECT pg_catalog.pg_class.relname \nFROM pg_catalog.pg_class JOIN pg_catalog.pg_namespace ON pg_catalog.pg_namespace.oid = pg_catalog.pg_class.relnamespace \nWHERE pg_catalog.pg_class.relname = $1::VARCHAR AND pg_catalog.pg_class.relkind = ANY (ARRAY[$2::VARCHAR, $3::VARCHAR, $4::VARCHAR, $5::VARCHAR, $6::VARCHAR]) AND pg_catalog.pg_table_is_visible(pg_catalog.pg_class.oid) AND pg_catalog.pg_namespace.nspname != $7::VARCHAR"}
{"asctime": "2026-03-23 13:40:08,804", "level": "INFO", "logger": "sqlalchemy.engine.Engine", "message": "[cached since 0.008248s ago] ('prescriptions', 'r', 'p', 'f', 'v', 'm', 'pg_catalog')"}
{"asctime": "2026-03-23 13:40:08,805", "level": "INFO", "logger": "sqlalchemy.engine.Engine", "message": "SELECT pg_catalog.pg_class.relname \nFROM pg_catalog.pg_class JOIN pg_catalog.pg_namespace ON pg_catalog.pg_namespace.oid = pg_catalog.pg_class.relnamespace \nWHERE pg_catalog.pg_class.relname = $1::VARCHAR AND pg_catalog.pg_class.relkind = ANY (ARRAY[$2::VARCHAR, $3::VARCHAR, $4::VARCHAR, $5::VARCHAR, $6::VARCHAR]) AND pg_catalog.pg_table_is_visible(pg_catalog.pg_class.oid) AND pg_catalog.pg_namespace.nspname != $7::VARCHAR"}
{"asctime": "2026-03-23 13:40:08,805", "level": "INFO", "logger": "sqlalchemy.engine.Engine", "message": "[cached since 0.009029s ago] ('medicines', 'r', 'p', 'f', 'v', 'm', 'pg_catalog')"}
{"asctime": "2026-03-23 13:40:08,806", "level": "INFO", "logger": "sqlalchemy.engine.Engine", "message": "SELECT pg_catalog.pg_class.relname \nFROM pg_catalog.pg_class JOIN pg_catalog.pg_namespace ON pg_catalog.pg_namespace.oid = pg_catalog.pg_class.relnamespace \nWHERE pg_catalog.pg_class.relname = $1::VARCHAR AND pg_catalog.pg_class.relkind = ANY (ARRAY[$2::VARCHAR, $3::VARCHAR, $4::VARCHAR, $5::VARCHAR, $6::VARCHAR]) AND pg_catalog.pg_table_is_visible(pg_catalog.pg_class.oid) AND pg_catalog.pg_namespace.nspname != $7::VARCHAR"}
{"asctime": "2026-03-23 13:40:08,806", "level": "INFO", "logger": "sqlalchemy.engine.Engine", "message": "[cached since 0.009761s ago] ('medication_schedules', 'r', 'p', 'f', 'v', 'm', 'pg_catalog')"}
{"asctime": "2026-03-23 13:40:08,806", "level": "INFO", "logger": "sqlalchemy.engine.Engine", "message": "SELECT pg_catalog.pg_class.relname \nFROM pg_catalog.pg_class JOIN pg_catalog.pg_namespace ON pg_catalog.pg_namespace.oid = pg_catalog.pg_class.relnamespace \nWHERE pg_catalog.pg_class.relname = $1::VARCHAR AND pg_catalog.pg_class.relkind = ANY (ARRAY[$2::VARCHAR, $3::VARCHAR, $4::VARCHAR, $5::VARCHAR, $6::VARCHAR]) AND pg_catalog.pg_table_is_visible(pg_catalog.pg_class.oid) AND pg_catalog.pg_namespace.nspname != $7::VARCHAR"}
{"asctime": "2026-03-23 13:40:08,806", "level": "INFO", "logger": "sqlalchemy.engine.Engine", "message": "[cached since 0.01041s ago] ('health_metrics', 'r', 'p', 'f', 'v', 'm', 'pg_catalog')"}
{"asctime": "2026-03-23 13:40:08,807", "level": "INFO", "logger": "sqlalchemy.engine.Engine", "message": "SELECT pg_catalog.pg_class.relname \nFROM pg_catalog.pg_class JOIN pg_catalog.pg_namespace ON pg_catalog.pg_namespace.oid = pg_catalog.pg_class.relnamespace \nWHERE pg_catalog.pg_class.relname = $1::VARCHAR AND pg_catalog.pg_class.relkind = ANY (ARRAY[$2::VARCHAR, $3::VARCHAR, $4::VARCHAR, $5::VARCHAR, $6::VARCHAR]) AND pg_catalog.pg_table_is_visible(pg_catalog.pg_class.oid) AND pg_catalog.pg_namespace.nspname != $7::VARCHAR"}
{"asctime": "2026-03-23 13:40:08,807", "level": "INFO", "logger": "sqlalchemy.engine.Engine", "message": "[cached since 0.01094s ago] ('emergency_contacts', 'r', 'p', 'f', 'v', 'm', 'pg_catalog')"}
{"asctime": "2026-03-23 13:40:08,807", "level": "INFO", "logger": "sqlalchemy.engine.Engine", "message": "SELECT pg_catalog.pg_class.relname \nFROM pg_catalog.pg_class JOIN pg_catalog.pg_namespace ON pg_catalog.pg_namespace.oid = pg_catalog.pg_class.relnamespace \nWHERE pg_catalog.pg_class.relname = $1::VARCHAR AND pg_catalog.pg_class.relkind = ANY (ARRAY[$2::VARCHAR, $3::VARCHAR, $4::VARCHAR, $5::VARCHAR, $6::VARCHAR]) AND pg_catalog.pg_table_is_visible(pg_catalog.pg_class.oid) AND pg_catalog.pg_namespace.nspname != $7::VARCHAR"}
{"asctime": "2026-03-23 13:40:08,807", "level": "INFO", "logger": "sqlalchemy.engine.Engine", "message": "[cached since 0.01142s ago] ('ai_conversations', 'r', 'p', 'f', 'v', 'm', 'pg_catalog')"}
{"asctime": "2026-03-23 13:40:08,808", "level": "INFO", "logger": "sqlalchemy.engine.Engine", "message": "COMMIT"}
{"asctime": "2026-03-23 13:40:41,879", "level": "INFO", "logger": "sqlalchemy.engine.Engine", "message": "select pg_catalog.version()"}
{"asctime": "2026-03-23 13:40:41,879", "level": "INFO", "logger": "sqlalchemy.engine.Engine", "message": "[raw sql] ()"}
{"asctime": "2026-03-23 13:40:41,882", "level": "INFO", "logger": "sqlalchemy.engine.Engine", "message": "select current_schema()"}
{"asctime": "2026-03-23 13:40:41,882", "level": "INFO", "logger": "sqlalchemy.engine.Engine", "message": "[raw sql] ()"}
{"asctime": "2026-03-23 13:40:41,883", "level": "INFO", "logger": "sqlalchemy.engine.Engine", "message": "show standard_conforming_strings"}
{"asctime": "2026-03-23 13:40:41,883", "level": "INFO", "logger": "sqlalchemy.engine.Engine", "message": "[raw sql] ()"}
{"asctime": "2026-03-23 13:40:41,884", "level": "INFO", "logger": "sqlalchemy.engine.Engine", "message": "BEGIN (implicit)"}
{"asctime": "2026-03-23 13:40:41,887", "level": "INFO", "logger": "sqlalchemy.engine.Engine", "message": "SELECT pg_catalog.pg_class.relname \nFROM pg_catalog.pg_class JOIN pg_catalog.pg_namespace ON pg_catalog.pg_namespace.oid = pg_catalog.pg_class.relnamespace \nWHERE pg_catalog.pg_class.relname = $1::VARCHAR AND pg_catalog.pg_class.relkind = ANY (ARRAY[$2::VARCHAR, $3::VARCHAR, $4::VARCHAR, $5::VARCHAR, $6::VARCHAR]) AND pg_catalog.pg_table_is_visible(pg_catalog.pg_class.oid) AND pg_catalog.pg_namespace.nspname != $7::VARCHAR"}
{"asctime": "2026-03-23 13:40:41,887", "level": "INFO", "logger": "sqlalchemy.engine.Engine", "message": "[generated in 0.00045s] ('users', 'r', 'p', 'f', 'v', 'm', 'pg_catalog')"}
{"asctime": "2026-03-23 13:40:41,892", "level": "INFO", "logger": "sqlalchemy.engine.Engine", "message": "SELECT pg_catalog.pg_class.relname \nFROM pg_catalog.pg_class JOIN pg_catalog.pg_namespace ON pg_catalog.pg_namespace.oid = pg_catalog.pg_class.relnamespace \nWHERE pg_catalog.pg_class.relname = $1::VARCHAR AND pg_catalog.pg_class.relkind = ANY (ARRAY[$2::VARCHAR, $3::VARCHAR, $4::VARCHAR, $5::VARCHAR, $6::VARCHAR]) AND pg_catalog.pg_table_is_visible(pg_catalog.pg_class.oid) AND pg_catalog.pg_namespace.nspname != $7::VARCHAR"}
{"asctime": "2026-03-23 13:40:41,892", "level": "INFO", "logger": "sqlalchemy.engine.Engine", "message": "[cached since 0.00534s ago] ('otps', 'r', 'p', 'f', 'v', 'm', 'pg_catalog')"}
{"asctime": "2026-03-23 13:40:41,892", "level": "INFO", "logger": "sqlalchemy.engine.Engine", "message": "SELECT pg_catalog.pg_class.relname \nFROM pg_catalog.pg_class JOIN pg_catalog.pg_namespace ON pg_catalog.pg_namespace.oid = pg_catalog.pg_class.relnamespace \nWHERE pg_catalog.pg_class.relname = $1::VARCHAR AND pg_catalog.pg_class.relkind = ANY (ARRAY[$2::VARCHAR, $3::VARCHAR, $4::VARCHAR, $5::VARCHAR, $6::VARCHAR]) AND pg_catalog.pg_table_is_visible(pg_catalog.pg_class.oid) AND pg_catalog.pg_namespace.nspname != $7::VARCHAR"}
{"asctime": "2026-03-23 13:40:41,892", "level": "INFO", "logger": "sqlalchemy.engine.Engine", "message": "[cached since 0.006052s ago] ('family_members', 'r', 'p', 'f', 'v', 'm', 'pg_catalog')"}
{"asctime": "2026-03-23 13:40:41,892", "level": "INFO", "logger": "sqlalchemy.engine.Engine", "message": "SELECT pg_catalog.pg_class.relname \nFROM pg_catalog.pg_class JOIN pg_catalog.pg_namespace ON pg_catalog.pg_namespace.oid = pg_catalog.pg_class.relnamespace \nWHERE pg_catalog.pg_class.relname = $1::VARCHAR AND pg_catalog.pg_class.relkind = ANY (ARRAY[$2::VARCHAR, $3::VARCHAR, $4::VARCHAR, $5::VARCHAR, $6::VARCHAR]) AND pg_catalog.pg_table_is_visible(pg_catalog.pg_class.oid) AND pg_catalog.pg_namespace.nspname != $7::VARCHAR"}
{"asctime": "2026-03-23 13:40:41,893", "level": "INFO", "logger": "sqlalchemy.engine.Engine", "message": "[cached since 0.006829s ago] ('medical_records', 'r', 'p', 'f', 'v', 'm', 'pg_catalog')"}
{"asctime": "2026-03-23 13:40:41,893", "level": "INFO", "logger": "sqlalchemy.engine.Engine", "message": "SELECT pg_catalog.pg_class.relname \nFROM pg_catalog.pg_class JOIN pg_catalog.pg_namespace ON pg_catalog.pg_namespace.oid = pg_catalog.pg_class.relnamespace \nWHERE pg_catalog.pg_class.relname = $1::VARCHAR AND pg_catalog.pg_class.relkind = ANY (ARRAY[$2::VARCHAR, $3::VARCHAR, $4::VARCHAR, $5::VARCHAR, $6::VARCHAR]) AND pg_catalog.pg_table_is_visible(pg_catalog.pg_class.oid) AND pg_catalog.pg_namespace.nspname != $7::VARCHAR"}
{"asctime": "2026-03-23 13:40:41,893", "level": "INFO", "logger": "sqlalchemy.engine.Engine", "message": "[cached since 0.00755s ago] ('prescriptions', 'r', 'p', 'f', 'v', 'm', 'pg_catalog')"}
{"asctime": "2026-03-23 13:40:41,894", "level": "INFO", "logger": "sqlalchemy.engine.Engine", "message": "SELECT pg_catalog.pg_class.relname \nFROM pg_catalog.pg_class JOIN pg_catalog.pg_namespace ON pg_catalog.pg_namespace.oid = pg_catalog.pg_class.relnamespace \nWHERE pg_catalog.pg_class.relname = $1::VARCHAR AND pg_catalog.pg_class.relkind = ANY (ARRAY[$2::VARCHAR, $3::VARCHAR, $4::VARCHAR, $5::VARCHAR, $6::VARCHAR]) AND pg_catalog.pg_table_is_visible(pg_catalog.pg_class.oid) AND pg_catalog.pg_namespace.nspname != $7::VARCHAR"}
{"asctime": "2026-03-23 13:40:41,896", "level": "INFO", "logger": "sqlalchemy.engine.Engine", "message": "[cached since 0.008951s ago] ('medicines', 'r', 'p', 'f', 'v', 'm', 'pg_catalog')"}
{"asctime": "2026-03-23 13:40:41,896", "level": "INFO", "logger": "sqlalchemy.engine.Engine", "message": "SELECT pg_catalog.pg_class.relname \nFROM pg_catalog.pg_class JOIN pg_catalog.pg_namespace ON pg_catalog.pg_namespace.oid = pg_catalog.pg_class.relnamespace \nWHERE pg_catalog.pg_class.relname = $1::VARCHAR AND pg_catalog.pg_class.relkind = ANY (ARRAY[$2::VARCHAR, $3::VARCHAR, $4::VARCHAR, $5::VARCHAR, $6::VARCHAR]) AND pg_catalog.pg_table_is_visible(pg_catalog.pg_class.oid) AND pg_catalog.pg_namespace.nspname != $7::VARCHAR"}
{"asctime": "2026-03-23 13:40:41,898", "level": "INFO", "logger": "sqlalchemy.engine.Engine", "message": "[cached since 0.009931s ago] ('medication_schedules', 'r', 'p', 'f', 'v', 'm', 'pg_catalog')"}
{"asctime": "2026-03-23 13:40:41,899", "level": "INFO", "logger": "sqlalchemy.engine.Engine", "message": "SELECT pg_catalog.pg_class.relname \nFROM pg_catalog.pg_class JOIN pg_catalog.pg_namespace ON pg_catalog.pg_namespace.oid = pg_catalog.pg_class.relnamespace \nWHERE pg_catalog.pg_class.relname = $1::VARCHAR AND pg_catalog.pg_class.relkind = ANY (ARRAY[$2::VARCHAR, $3::VARCHAR, $4::VARCHAR, $5::VARCHAR, $6::VARCHAR]) AND pg_catalog.pg_table_is_visible(pg_catalog.pg_class.oid) AND pg_catalog.pg_namespace.nspname != $7::VARCHAR"}
{"asctime": "2026-03-23 13:40:41,899", "level": "INFO", "logger": "sqlalchemy.engine.Engine", "message": "[cached since 0.01232s ago] ('health_metrics', 'r', 'p', 'f', 'v', 'm', 'pg_catalog')"}
{"asctime": "2026-03-23 13:40:41,900", "level": "INFO", "logger": "sqlalchemy.engine.Engine", "message": "SELECT pg_catalog.pg_class.relname \nFROM pg_catalog.pg_class JOIN pg_catalog.pg_namespace ON pg_catalog.pg_namespace.oid = pg_catalog.pg_class.relnamespace \nWHERE pg_catalog.pg_class.relname = $1::VARCHAR AND pg_catalog.pg_class.relkind = ANY (ARRAY[$2::VARCHAR, $3::VARCHAR, $4::VARCHAR, $5::VARCHAR, $6::VARCHAR]) AND pg_catalog.pg_table_is_visible(pg_catalog.pg_class.oid) AND pg_catalog.pg_namespace.nspname != $7::VARCHAR"}
{"asctime": "2026-03-23 13:40:41,900", "level": "INFO", "logger": "sqlalchemy.engine.Engine", "message": "[cached since 0.01332s ago] ('emergency_contacts', 'r', 'p', 'f', 'v', 'm', 'pg_catalog')"}
{"asctime": "2026-03-23 13:40:41,901", "level": "INFO", "logger": "sqlalchemy.engine.Engine", "message": "SELECT pg_catalog.pg_class.relname \nFROM pg_catalog.pg_class JOIN pg_catalog.pg_namespace ON pg_catalog.pg_namespace.oid = pg_catalog.pg_class.relnamespace \nWHERE pg_catalog.pg_class.relname = $1::VARCHAR AND pg_catalog.pg_class.relkind = ANY (ARRAY[$2::VARCHAR, $3::VARCHAR, $4::VARCHAR, $5::VARCHAR, $6::VARCHAR]) AND pg_catalog.pg_table_is_visible(pg_catalog.pg_class.oid) AND pg_catalog.pg_namespace.nspname != $7::VARCHAR"}
{"asctime": "2026-03-23 13:40:41,901", "level": "INFO", "logger": "sqlalchemy.engine.Engine", "message": "[cached since 0.01402s ago] ('ai_conversations', 'r', 'p', 'f', 'v', 'm', 'pg_catalog')"}
{"asctime": "2026-03-23 13:40:41,901", "level": "INFO", "logger": "sqlalchemy.engine.Engine", "message": "COMMIT"}
{"asctime": "2026-03-23 13:40:43,891", "level": "INFO", "logger": "sqlalchemy.engine.Engine", "message": "select pg_catalog.version()"}
{"asctime": "2026-03-23 13:40:43,891", "level": "INFO", "logger": "sqlalchemy.engine.Engine", "message": "[raw sql] ()"}
{"asctime": "2026-03-23 13:40:43,892", "level": "INFO", "logger": "sqlalchemy.engine.Engine", "message": "select current_schema()"}
{"asctime": "2026-03-23 13:40:43,892", "level": "INFO", "logger": "sqlalchemy.engine.Engine", "message": "[raw sql] ()"}
{"asctime": "2026-03-23 13:40:43,895", "level": "INFO", "logger": "sqlalchemy.engine.Engine", "message": "show standard_conforming_strings"}
{"asctime": "2026-03-23 13:40:43,895", "level": "INFO", "logger": "sqlalchemy.engine.Engine", "message": "[raw sql] ()"}
{"asctime": "2026-03-23 13:40:43,897", "level": "INFO", "logger": "sqlalchemy.engine.Engine", "message": "BEGIN (implicit)"}
{"asctime": "2026-03-23 13:40:43,899", "level": "INFO", "logger": "sqlalchemy.engine.Engine", "message": "SELECT pg_catalog.pg_class.relname \nFROM pg_catalog.pg_class JOIN pg_catalog.pg_namespace ON pg_catalog.pg_namespace.oid = pg_catalog.pg_class.relnamespace \nWHERE pg_catalog.pg_class.relname = $1::VARCHAR AND pg_catalog.pg_class.relkind = ANY (ARRAY[$2::VARCHAR, $3::VARCHAR, $4::VARCHAR, $5::VARCHAR, $6::VARCHAR]) AND pg_catalog.pg_table_is_visible(pg_catalog.pg_class.oid) AND pg_catalog.pg_namespace.nspname != $7::VARCHAR"}
{"asctime": "2026-03-23 13:40:43,899", "level": "INFO", "logger": "sqlalchemy.engine.Engine", "message": "[generated in 0.00036s] ('users', 'r', 'p', 'f', 'v', 'm', 'pg_catalog')"}
{"asctime": "2026-03-23 13:40:43,904", "level": "INFO", "logger": "sqlalchemy.engine.Engine", "message": "SELECT pg_catalog.pg_class.relname \nFROM pg_catalog.pg_class JOIN pg_catalog.pg_namespace ON pg_catalog.pg_namespace.oid = pg_catalog.pg_class.relnamespace \nWHERE pg_catalog.pg_class.relname = $1::VARCHAR AND pg_catalog.pg_class.relkind = ANY (ARRAY[$2::VARCHAR, $3::VARCHAR, $4::VARCHAR, $5::VARCHAR, $6::VARCHAR]) AND pg_catalog.pg_table_is_visible(pg_catalog.pg_class.oid) AND pg_catalog.pg_namespace.nspname != $7::VARCHAR"}
{"asctime": "2026-03-23 13:40:43,905", "level": "INFO", "logger": "sqlalchemy.engine.Engine", "message": "[cached since 0.004953s ago] ('otps', 'r', 'p', 'f', 'v', 'm', 'pg_catalog')"}
{"asctime": "2026-03-23 13:40:43,905", "level": "INFO", "logger": "sqlalchemy.engine.Engine", "message": "SELECT pg_catalog.pg_class.relname \nFROM pg_catalog.pg_class JOIN pg_catalog.pg_namespace ON pg_catalog.pg_namespace.oid = pg_catalog.pg_class.relnamespace \nWHERE pg_catalog.pg_class.relname = $1::VARCHAR AND pg_catalog.pg_class.relkind = ANY (ARRAY[$2::VARCHAR, $3::VARCHAR, $4::VARCHAR, $5::VARCHAR, $6::VARCHAR]) AND pg_catalog.pg_table_is_visible(pg_catalog.pg_class.oid) AND pg_catalog.pg_namespace.nspname != $7::VARCHAR"}
{"asctime": "2026-03-23 13:40:43,905", "level": "INFO", "logger": "sqlalchemy.engine.Engine", "message": "[cached since 0.005934s ago] ('family_members', 'r', 'p', 'f', 'v', 'm', 'pg_catalog')"}
{"asctime": "2026-03-23 13:40:43,906", "level": "INFO", "logger": "sqlalchemy.engine.Engine", "message": "SELECT pg_catalog.pg_class.relname \nFROM pg_catalog.pg_class JOIN pg_catalog.pg_namespace ON pg_catalog.pg_namespace.oid = pg_catalog.pg_class.relnamespace \nWHERE pg_catalog.pg_class.relname = $1::VARCHAR AND pg_catalog.pg_class.relkind = ANY (ARRAY[$2::VARCHAR, $3::VARCHAR, $4::VARCHAR, $5::VARCHAR, $6::VARCHAR]) AND pg_catalog.pg_table_is_visible(pg_catalog.pg_class.oid) AND pg_catalog.pg_namespace.nspname != $7::VARCHAR"}
{"asctime": "2026-03-23 13:40:43,906", "level": "INFO", "logger": "sqlalchemy.engine.Engine", "message": "[cached since 0.006584s ago] ('medical_records', 'r', 'p', 'f', 'v', 'm', 'pg_catalog')"}
{"asctime": "2026-03-23 13:40:43,907", "level": "INFO", "logger": "sqlalchemy.engine.Engine", "message": "SELECT pg_catalog.pg_class.relname \nFROM pg_catalog.pg_class JOIN pg_catalog.pg_namespace ON pg_catalog.pg_namespace.oid = pg_catalog.pg_class.relnamespace \nWHERE pg_catalog.pg_class.relname = $1::VARCHAR AND pg_catalog.pg_class.relkind = ANY (ARRAY[$2::VARCHAR, $3::VARCHAR, $4::VARCHAR, $5::VARCHAR, $6::VARCHAR]) AND pg_catalog.pg_table_is_visible(pg_catalog.pg_class.oid) AND pg_catalog.pg_namespace.nspname != $7::VARCHAR"}
{"asctime": "2026-03-23 13:40:43,907", "level": "INFO", "logger": "sqlalchemy.engine.Engine", "message": "[cached since 0.007375s ago] ('prescriptions', 'r', 'p', 'f', 'v', 'm', 'pg_catalog')"}
{"asctime": "2026-03-23 13:40:43,907", "level": "INFO", "logger": "sqlalchemy.engine.Engine", "message": "SELECT pg_catalog.pg_class.relname \nFROM pg_catalog.pg_class JOIN pg_catalog.pg_namespace ON pg_catalog.pg_namespace.oid = pg_catalog.pg_class.relnamespace \nWHERE pg_catalog.pg_class.relname = $1::VARCHAR AND pg_catalog.pg_class.relkind = ANY (ARRAY[$2::VARCHAR, $3::VARCHAR, $4::VARCHAR, $5::VARCHAR, $6::VARCHAR]) AND pg_catalog.pg_table_is_visible(pg_catalog.pg_class.oid) AND pg_catalog.pg_namespace.nspname != $7::VARCHAR"}
{"asctime": "2026-03-23 13:40:43,908", "level": "INFO", "logger": "sqlalchemy.engine.Engine", "message": "[cached since 0.008093s ago] ('medicines', 'r', 'p', 'f', 'v', 'm', 'pg_catalog')"}
{"asctime": "2026-03-23 13:40:43,908", "level": "INFO", "logger": "sqlalchemy.engine.Engine", "message": "SELECT pg_catalog.pg_class.relname \nFROM pg_catalog.pg_class JOIN pg_catalog.pg_namespace ON pg_catalog.pg_namespace.oid = pg_catalog.pg_class.relnamespace \nWHERE pg_catalog.pg_class.relname = $1::VARCHAR AND pg_catalog.pg_class.relkind = ANY (ARRAY[$2::VARCHAR, $3::VARCHAR, $4::VARCHAR, $5::VARCHAR, $6::VARCHAR]) AND pg_catalog.pg_table_is_visible(pg_catalog.pg_class.oid) AND pg_catalog.pg_namespace.nspname != $7::VARCHAR"}
{"asctime": "2026-03-23 13:40:43,908", "level": "INFO", "logger": "sqlalchemy.engine.Engine", "message": "[cached since 0.008841s ago] ('medication_schedules', 'r', 'p', 'f', 'v', 'm', 'pg_catalog')"}
{"asctime": "2026-03-23 13:40:43,908", "level": "INFO", "logger": "sqlalchemy.engine.Engine", "message": "SELECT pg_catalog.pg_class.relname \nFROM pg_catalog.pg_class JOIN pg_catalog.pg_namespace ON pg_catalog.pg_namespace.oid = pg_catalog.pg_class.relnamespace \nWHERE pg_catalog.pg_class.relname = $1::VARCHAR AND pg_catalog.pg_class.relkind = ANY (ARRAY[$2::VARCHAR, $3::VARCHAR, $4::VARCHAR, $5::VARCHAR, $6::VARCHAR]) AND pg_catalog.pg_table_is_visible(pg_catalog.pg_class.oid) AND pg_catalog.pg_namespace.nspname != $7::VARCHAR"}
{"asctime": "2026-03-23 13:40:43,909", "level": "INFO", "logger": "sqlalchemy.engine.Engine", "message": "[cached since 0.01016s ago] ('health_metrics', 'r', 'p', 'f', 'v', 'm', 'pg_catalog')"}
{"asctime": "2026-03-23 13:40:43,910", "level": "INFO", "logger": "sqlalchemy.engine.Engine", "message": "SELECT pg_catalog.pg_class.relname \nFROM pg_catalog.pg_class JOIN pg_catalog.pg_namespace ON pg_catalog.pg_namespace.oid = pg_catalog.pg_class.relnamespace \nWHERE pg_catalog.pg_class.relname = $1::VARCHAR AND pg_catalog.pg_class.relkind = ANY (ARRAY[$2::VARCHAR, $3::VARCHAR, $4::VARCHAR, $5::VARCHAR, $6::VARCHAR]) AND pg_catalog.pg_table_is_visible(pg_catalog.pg_class.oid) AND pg_catalog.pg_namespace.nspname != $7::VARCHAR"}
{"asctime": "2026-03-23 13:40:43,910", "level": "INFO", "logger": "sqlalchemy.engine.Engine", "message": "[cached since 0.01081s ago] ('emergency_contacts', 'r', 'p', 'f', 'v', 'm', 'pg_catalog')"}
{"asctime": "2026-03-23 13:40:43,910", "level": "INFO", "logger": "sqlalchemy.engine.Engine", "message": "SELECT pg_catalog.pg_class.relname \nFROM pg_catalog.pg_class JOIN pg_catalog.pg_namespace ON pg_catalog.pg_namespace.oid = pg_catalog.pg_class.relnamespace \nWHERE pg_catalog.pg_class.relname = $1::VARCHAR AND pg_catalog.pg_class.relkind = ANY (ARRAY[$2::VARCHAR, $3::VARCHAR, $4::VARCHAR, $5::VARCHAR, $6::VARCHAR]) AND pg_catalog.pg_table_is_visible(pg_catalog.pg_class.oid) AND pg_catalog.pg_namespace.nspname != $7::VARCHAR"}
{"asctime": "2026-03-23 13:40:43,911", "level": "INFO", "logger": "sqlalchemy.engine.Engine", "message": "[cached since 0.01152s ago] ('ai_conversations', 'r', 'p', 'f', 'v', 'm', 'pg_catalog')"}
{"asctime": "2026-03-23 13:40:43,911", "level": "INFO", "logger": "sqlalchemy.engine.Engine", "message": "COMMIT"}
{"asctime": "2026-03-23 13:40:45,891", "level": "INFO", "logger": "sqlalchemy.engine.Engine", "message": "select pg_catalog.version()"}
{"asctime": "2026-03-23 13:40:45,891", "level": "INFO", "logger": "sqlalchemy.engine.Engine", "message": "[raw sql] ()"}
{"asctime": "2026-03-23 13:40:45,894", "level": "INFO", "logger": "sqlalchemy.engine.Engine", "message": "select current_schema()"}
{"asctime": "2026-03-23 13:40:45,894", "level": "INFO", "logger": "sqlalchemy.engine.Engine", "message": "[raw sql] ()"}
{"asctime": "2026-03-23 13:40:45,896", "level": "INFO", "logger": "sqlalchemy.engine.Engine", "message": "show standard_conforming_strings"}
{"asctime": "2026-03-23 13:40:45,896", "level": "INFO", "logger": "sqlalchemy.engine.Engine", "message": "[raw sql] ()"}
{"asctime": "2026-03-23 13:40:45,897", "level": "INFO", "logger": "sqlalchemy.engine.Engine", "message": "BEGIN (implicit)"}
{"asctime": "2026-03-23 13:40:45,900", "level": "INFO", "logger": "sqlalchemy.engine.Engine", "message": "SELECT pg_catalog.pg_class.relname \nFROM pg_catalog.pg_class JOIN pg_catalog.pg_namespace ON pg_catalog.pg_namespace.oid = pg_catalog.pg_class.relnamespace \nWHERE pg_catalog.pg_class.relname = $1::VARCHAR AND pg_catalog.pg_class.relkind = ANY (ARRAY[$2::VARCHAR, $3::VARCHAR, $4::VARCHAR, $5::VARCHAR, $6::VARCHAR]) AND pg_catalog.pg_table_is_visible(pg_catalog.pg_class.oid) AND pg_catalog.pg_namespace.nspname != $7::VARCHAR"}
{"asctime": "2026-03-23 13:40:45,900", "level": "INFO", "logger": "sqlalchemy.engine.Engine", "message": "[generated in 0.00036s] ('users', 'r', 'p', 'f', 'v', 'm', 'pg_catalog')"}
{"asctime": "2026-03-23 13:40:45,905", "level": "INFO", "logger": "sqlalchemy.engine.Engine", "message": "SELECT pg_catalog.pg_class.relname \nFROM pg_catalog.pg_class JOIN pg_catalog.pg_namespace ON pg_catalog.pg_namespace.oid = pg_catalog.pg_class.relnamespace \nWHERE pg_catalog.pg_class.relname = $1::VARCHAR AND pg_catalog.pg_class.relkind = ANY (ARRAY[$2::VARCHAR, $3::VARCHAR, $4::VARCHAR, $5::VARCHAR, $6::VARCHAR]) AND pg_catalog.pg_table_is_visible(pg_catalog.pg_class.oid) AND pg_catalog.pg_namespace.nspname != $7::VARCHAR"}
{"asctime": "2026-03-23 13:40:45,905", "level": "INFO", "logger": "sqlalchemy.engine.Engine", "message": "[cached since 0.006167s ago] ('otps', 'r', 'p', 'f', 'v', 'm', 'pg_catalog')"}
{"asctime": "2026-03-23 13:40:45,907", "level": "INFO", "logger": "sqlalchemy.engine.Engine", "message": "SELECT pg_catalog.pg_class.relname \nFROM pg_catalog.pg_class JOIN pg_catalog.pg_namespace ON pg_catalog.pg_namespace.oid = pg_catalog.pg_class.relnamespace \nWHERE pg_catalog.pg_class.relname = $1::VARCHAR AND pg_catalog.pg_class.relkind = ANY (ARRAY[$2::VARCHAR, $3::VARCHAR, $4::VARCHAR, $5::VARCHAR, $6::VARCHAR]) AND pg_catalog.pg_table_is_visible(pg_catalog.pg_class.oid) AND pg_catalog.pg_namespace.nspname != $7::VARCHAR"}
{"asctime": "2026-03-23 13:40:45,907", "level": "INFO", "logger": "sqlalchemy.engine.Engine", "message": "[cached since 0.00744s ago] ('family_members', 'r', 'p', 'f', 'v', 'm', 'pg_catalog')"}
{"asctime": "2026-03-23 13:40:45,908", "level": "INFO", "logger": "sqlalchemy.engine.Engine", "message": "SELECT pg_catalog.pg_class.relname \nFROM pg_catalog.pg_class JOIN pg_catalog.pg_namespace ON pg_catalog.pg_namespace.oid = pg_catalog.pg_class.relnamespace \nWHERE pg_catalog.pg_class.relname = $1::VARCHAR AND pg_catalog.pg_class.relkind = ANY (ARRAY[$2::VARCHAR, $3::VARCHAR, $4::VARCHAR, $5::VARCHAR, $6::VARCHAR]) AND pg_catalog.pg_table_is_visible(pg_catalog.pg_class.oid) AND pg_catalog.pg_namespace.nspname != $7::VARCHAR"}
{"asctime": "2026-03-23 13:40:45,908", "level": "INFO", "logger": "sqlalchemy.engine.Engine", "message": "[cached since 0.00876s ago] ('medical_records', 'r', 'p', 'f', 'v', 'm', 'pg_catalog')"}
{"asctime": "2026-03-23 13:40:45,910", "level": "INFO", "logger": "sqlalchemy.engine.Engine", "message": "SELECT pg_catalog.pg_class.relname \nFROM pg_catalog.pg_class JOIN pg_catalog.pg_namespace ON pg_catalog.pg_namespace.oid = pg_catalog.pg_class.relnamespace \nWHERE pg_catalog.pg_class.relname = $1::VARCHAR AND pg_catalog.pg_class.relkind = ANY (ARRAY[$2::VARCHAR, $3::VARCHAR, $4::VARCHAR, $5::VARCHAR, $6::VARCHAR]) AND pg_catalog.pg_table_is_visible(pg_catalog.pg_class.oid) AND pg_catalog.pg_namespace.nspname != $7::VARCHAR"}
{"asctime": "2026-03-23 13:40:45,910", "level": "INFO", "logger": "sqlalchemy.engine.Engine", "message": "[cached since 0.01003s ago] ('prescriptions', 'r', 'p', 'f', 'v', 'm', 'pg_catalog')"}
{"asctime": "2026-03-23 13:40:45,911", "level": "INFO", "logger": "sqlalchemy.engine.Engine", "message": "SELECT pg_catalog.pg_class.relname \nFROM pg_catalog.pg_class JOIN pg_catalog.pg_namespace ON pg_catalog.pg_namespace.oid = pg_catalog.pg_class.relnamespace \nWHERE pg_catalog.pg_class.relname = $1::VARCHAR AND pg_catalog.pg_class.relkind = ANY (ARRAY[$2::VARCHAR, $3::VARCHAR, $4::VARCHAR, $5::VARCHAR, $6::VARCHAR]) AND pg_catalog.pg_table_is_visible(pg_catalog.pg_class.oid) AND pg_catalog.pg_namespace.nspname != $7::VARCHAR"}
{"asctime": "2026-03-23 13:40:45,911", "level": "INFO", "logger": "sqlalchemy.engine.Engine", "message": "[cached since 0.01132s ago] ('medicines', 'r', 'p', 'f', 'v', 'm', 'pg_catalog')"}
{"asctime": "2026-03-23 13:40:45,911", "level": "INFO", "logger": "sqlalchemy.engine.Engine", "message": "SELECT pg_catalog.pg_class.relname \nFROM pg_catalog.pg_class JOIN pg_catalog.pg_namespace ON pg_catalog.pg_namespace.oid = pg_catalog.pg_class.relnamespace \nWHERE pg_catalog.pg_class.relname = $1::VARCHAR AND pg_catalog.pg_class.relkind = ANY (ARRAY[$2::VARCHAR, $3::VARCHAR, $4::VARCHAR, $5::VARCHAR, $6::VARCHAR]) AND pg_catalog.pg_table_is_visible(pg_catalog.pg_class.oid) AND pg_catalog.pg_namespace.nspname != $7::VARCHAR"}
{"asctime": "2026-03-23 13:40:45,911", "level": "INFO", "logger": "sqlalchemy.engine.Engine", "message": "[cached since 0.01247s ago] ('medication_schedules', 'r', 'p', 'f', 'v', 'm', 'pg_catalog')"}
{"asctime": "2026-03-23 13:40:45,913", "level": "INFO", "logger": "sqlalchemy.engine.Engine", "message": "SELECT pg_catalog.pg_class.relname \nFROM pg_catalog.pg_class JOIN pg_catalog.pg_namespace ON pg_catalog.pg_namespace.oid = pg_catalog.pg_class.relnamespace \nWHERE pg_catalog.pg_class.relname = $1::VARCHAR AND pg_catalog.pg_class.relkind = ANY (ARRAY[$2::VARCHAR, $3::VARCHAR, $4::VARCHAR, $5::VARCHAR, $6::VARCHAR]) AND pg_catalog.pg_table_is_visible(pg_catalog.pg_class.oid) AND pg_catalog.pg_namespace.nspname != $7::VARCHAR"}
{"asctime": "2026-03-23 13:40:45,914", "level": "INFO", "logger": "sqlalchemy.engine.Engine", "message": "[cached since 0.01379s ago] ('health_metrics', 'r', 'p', 'f', 'v', 'm', 'pg_catalog')"}
{"asctime": "2026-03-23 13:40:45,915", "level": "INFO", "logger": "sqlalchemy.engine.Engine", "message": "SELECT pg_catalog.pg_class.relname \nFROM pg_catalog.pg_class JOIN pg_catalog.pg_namespace ON pg_catalog.pg_namespace.oid = pg_catalog.pg_class.relnamespace \nWHERE pg_catalog.pg_class.relname = $1::VARCHAR AND pg_catalog.pg_class.relkind = ANY (ARRAY[$2::VARCHAR, $3::VARCHAR, $4::VARCHAR, $5::VARCHAR, $6::VARCHAR]) AND pg_catalog.pg_table_is_visible(pg_catalog.pg_class.oid) AND pg_catalog.pg_namespace.nspname != $7::VARCHAR"}
{"asctime": "2026-03-23 13:40:45,915", "level": "INFO", "logger": "sqlalchemy.engine.Engine", "message": "[cached since 0.01513s ago] ('emergency_contacts', 'r', 'p', 'f', 'v', 'm', 'pg_catalog')"}
{"asctime": "2026-03-23 13:40:45,915", "level": "INFO", "logger": "sqlalchemy.engine.Engine", "message": "SELECT pg_catalog.pg_class.relname \nFROM pg_catalog.pg_class JOIN pg_catalog.pg_namespace ON pg_catalog.pg_namespace.oid = pg_catalog.pg_class.relnamespace \nWHERE pg_catalog.pg_class.relname = $1::VARCHAR AND pg_catalog.pg_class.relkind = ANY (ARRAY[$2::VARCHAR, $3::VARCHAR, $4::VARCHAR, $5::VARCHAR, $6::VARCHAR]) AND pg_catalog.pg_table_is_visible(pg_catalog.pg_class.oid) AND pg_catalog.pg_namespace.nspname != $7::VARCHAR"}
{"asctime": "2026-03-23 13:40:45,915", "level": "INFO", "logger": "sqlalchemy.engine.Engine", "message": "[cached since 0.01627s ago] ('ai_conversations', 'r', 'p', 'f', 'v', 'm', 'pg_catalog')"}
{"asctime": "2026-03-23 13:40:45,917", "level": "INFO", "logger": "sqlalchemy.engine.Engine", "message": "COMMIT"}
{"asctime": "2026-03-23 13:40:47,971", "level": "INFO", "logger": "sqlalchemy.engine.Engine", "message": "select pg_catalog.version()"}
{"asctime": "2026-03-23 13:40:47,971", "level": "INFO", "logger": "sqlalchemy.engine.Engine", "message": "[raw sql] ()"}
{"asctime": "2026-03-23 13:40:47,975", "level": "INFO", "logger": "sqlalchemy.engine.Engine", "message": "select current_schema()"}
{"asctime": "2026-03-23 13:40:47,975", "level": "INFO", "logger": "sqlalchemy.engine.Engine", "message": "[raw sql] ()"}
{"asctime": "2026-03-23 13:40:47,976", "level": "INFO", "logger": "sqlalchemy.engine.Engine", "message": "show standard_conforming_strings"}
{"asctime": "2026-03-23 13:40:47,976", "level": "INFO", "logger": "sqlalchemy.engine.Engine", "message": "[raw sql] ()"}
{"asctime": "2026-03-23 13:40:47,978", "level": "INFO", "logger": "sqlalchemy.engine.Engine", "message": "BEGIN (implicit)"}
{"asctime": "2026-03-23 13:40:47,981", "level": "INFO", "logger": "sqlalchemy.engine.Engine", "message": "SELECT pg_catalog.pg_class.relname \nFROM pg_catalog.pg_class JOIN pg_catalog.pg_namespace ON pg_catalog.pg_namespace.oid = pg_catalog.pg_class.relnamespace \nWHERE pg_catalog.pg_class.relname = $1::VARCHAR AND pg_catalog.pg_class.relkind = ANY (ARRAY[$2::VARCHAR, $3::VARCHAR, $4::VARCHAR, $5::VARCHAR, $6::VARCHAR]) AND pg_catalog.pg_table_is_visible(pg_catalog.pg_class.oid) AND pg_catalog.pg_namespace.nspname != $7::VARCHAR"}
{"asctime": "2026-03-23 13:40:47,981", "level": "INFO", "logger": "sqlalchemy.engine.Engine", "message": "[generated in 0.00040s] ('users', 'r', 'p', 'f', 'v', 'm', 'pg_catalog')"}
{"asctime": "2026-03-23 13:40:47,986", "level": "INFO", "logger": "sqlalchemy.engine.Engine", "message": "SELECT pg_catalog.pg_class.relname \nFROM pg_catalog.pg_class JOIN pg_catalog.pg_namespace ON pg_catalog.pg_namespace.oid = pg_catalog.pg_class.relnamespace \nWHERE pg_catalog.pg_class.relname = $1::VARCHAR AND pg_catalog.pg_class.relkind = ANY (ARRAY[$2::VARCHAR, $3::VARCHAR, $4::VARCHAR, $5::VARCHAR, $6::VARCHAR]) AND pg_catalog.pg_table_is_visible(pg_catalog.pg_class.oid) AND pg_catalog.pg_namespace.nspname != $7::VARCHAR"}
{"asctime": "2026-03-23 13:40:47,987", "level": "INFO", "logger": "sqlalchemy.engine.Engine", "message": "[cached since 0.006416s ago] ('otps', 'r', 'p', 'f', 'v', 'm', 'pg_catalog')"}
{"asctime": "2026-03-23 13:40:47,988", "level": "INFO", "logger": "sqlalchemy.engine.Engine", "message": "SELECT pg_catalog.pg_class.relname \nFROM pg_catalog.pg_class JOIN pg_catalog.pg_namespace ON pg_catalog.pg_namespace.oid = pg_catalog.pg_class.relnamespace \nWHERE pg_catalog.pg_class.relname = $1::VARCHAR AND pg_catalog.pg_class.relkind = ANY (ARRAY[$2::VARCHAR, $3::VARCHAR, $4::VARCHAR, $5::VARCHAR, $6::VARCHAR]) AND pg_catalog.pg_table_is_visible(pg_catalog.pg_class.oid) AND pg_catalog.pg_namespace.nspname != $7::VARCHAR"}
{"asctime": "2026-03-23 13:40:47,988", "level": "INFO", "logger": "sqlalchemy.engine.Engine", "message": "[cached since 0.007686s ago] ('family_members', 'r', 'p', 'f', 'v', 'm', 'pg_catalog')"}
{"asctime": "2026-03-23 13:40:47,989", "level": "INFO", "logger": "sqlalchemy.engine.Engine", "message": "SELECT pg_catalog.pg_class.relname \nFROM pg_catalog.pg_class JOIN pg_catalog.pg_namespace ON pg_catalog.pg_namespace.oid = pg_catalog.pg_class.relnamespace \nWHERE pg_catalog.pg_class.relname = $1::VARCHAR AND pg_catalog.pg_class.relkind = ANY (ARRAY[$2::VARCHAR, $3::VARCHAR, $4::VARCHAR, $5::VARCHAR, $6::VARCHAR]) AND pg_catalog.pg_table_is_visible(pg_catalog.pg_class.oid) AND pg_catalog.pg_namespace.nspname != $7::VARCHAR"}
{"asctime": "2026-03-23 13:40:47,989", "level": "INFO", "logger": "sqlalchemy.engine.Engine", "message": "[cached since 0.008723s ago] ('medical_records', 'r', 'p', 'f', 'v', 'm', 'pg_catalog')"}
{"asctime": "2026-03-23 13:40:47,990", "level": "INFO", "logger": "sqlalchemy.engine.Engine", "message": "SELECT pg_catalog.pg_class.relname \nFROM pg_catalog.pg_class JOIN pg_catalog.pg_namespace ON pg_catalog.pg_namespace.oid = pg_catalog.pg_class.relnamespace \nWHERE pg_catalog.pg_class.relname = $1::VARCHAR AND pg_catalog.pg_class.relkind = ANY (ARRAY[$2::VARCHAR, $3::VARCHAR, $4::VARCHAR, $5::VARCHAR, $6::VARCHAR]) AND pg_catalog.pg_table_is_visible(pg_catalog.pg_class.oid) AND pg_catalog.pg_namespace.nspname != $7::VARCHAR"}
{"asctime": "2026-03-23 13:40:47,990", "level": "INFO", "logger": "sqlalchemy.engine.Engine", "message": "[cached since 0.009869s ago] ('prescriptions', 'r', 'p', 'f', 'v', 'm', 'pg_catalog')"}
{"asctime": "2026-03-23 13:40:47,991", "level": "INFO", "logger": "sqlalchemy.engine.Engine", "message": "SELECT pg_catalog.pg_class.relname \nFROM pg_catalog.pg_class JOIN pg_catalog.pg_namespace ON pg_catalog.pg_namespace.oid = pg_catalog.pg_class.relnamespace \nWHERE pg_catalog.pg_class.relname = $1::VARCHAR AND pg_catalog.pg_class.relkind = ANY (ARRAY[$2::VARCHAR, $3::VARCHAR, $4::VARCHAR, $5::VARCHAR, $6::VARCHAR]) AND pg_catalog.pg_table_is_visible(pg_catalog.pg_class.oid) AND pg_catalog.pg_namespace.nspname != $7::VARCHAR"}
{"asctime": "2026-03-23 13:40:47,992", "level": "INFO", "logger": "sqlalchemy.engine.Engine", "message": "[cached since 0.01137s ago] ('medicines', 'r', 'p', 'f', 'v', 'm', 'pg_catalog')"}
{"asctime": "2026-03-23 13:40:47,992", "level": "INFO", "logger": "sqlalchemy.engine.Engine", "message": "SELECT pg_catalog.pg_class.relname \nFROM pg_catalog.pg_class JOIN pg_catalog.pg_namespace ON pg_catalog.pg_namespace.oid = pg_catalog.pg_class.relnamespace \nWHERE pg_catalog.pg_class.relname = $1::VARCHAR AND pg_catalog.pg_class.relkind = ANY (ARRAY[$2::VARCHAR, $3::VARCHAR, $4::VARCHAR, $5::VARCHAR, $6::VARCHAR]) AND pg_catalog.pg_table_is_visible(pg_catalog.pg_class.oid) AND pg_catalog.pg_namespace.nspname != $7::VARCHAR"}
{"asctime": "2026-03-23 13:40:47,993", "level": "INFO", "logger": "sqlalchemy.engine.Engine", "message": "[cached since 0.01292s ago] ('medication_schedules', 'r', 'p', 'f', 'v', 'm', 'pg_catalog')"}
{"asctime": "2026-03-23 13:40:47,994", "level": "INFO", "logger": "sqlalchemy.engine.Engine", "message": "SELECT pg_catalog.pg_class.relname \nFROM pg_catalog.pg_class JOIN pg_catalog.pg_namespace ON pg_catalog.pg_namespace.oid = pg_catalog.pg_class.relnamespace \nWHERE pg_catalog.pg_class.relname = $1::VARCHAR AND pg_catalog.pg_class.relkind = ANY (ARRAY[$2::VARCHAR, $3::VARCHAR, $4::VARCHAR, $5::VARCHAR, $6::VARCHAR]) AND pg_catalog.pg_table_is_visible(pg_catalog.pg_class.oid) AND pg_catalog.pg_namespace.nspname != $7::VARCHAR"}
{"asctime": "2026-03-23 13:40:47,994", "level": "INFO", "logger": "sqlalchemy.engine.Engine", "message": "[cached since 0.01413s ago] ('health_metrics', 'r', 'p', 'f', 'v', 'm', 'pg_catalog')"}
{"asctime": "2026-03-23 13:40:47,997", "level": "INFO", "logger": "sqlalchemy.engine.Engine", "message": "SELECT pg_catalog.pg_class.relname \nFROM pg_catalog.pg_class JOIN pg_catalog.pg_namespace ON pg_catalog.pg_namespace.oid = pg_catalog.pg_class.relnamespace \nWHERE pg_catalog.pg_class.relname = $1::VARCHAR AND pg_catalog.pg_class.relkind = ANY (ARRAY[$2::VARCHAR, $3::VARCHAR, $4::VARCHAR, $5::VARCHAR, $6::VARCHAR]) AND pg_catalog.pg_table_is_visible(pg_catalog.pg_class.oid) AND pg_catalog.pg_namespace.nspname != $7::VARCHAR"}
{"asctime": "2026-03-23 13:40:47,997", "level": "INFO", "logger": "sqlalchemy.engine.Engine", "message": "[cached since 0.01689s ago] ('emergency_contacts', 'r', 'p', 'f', 'v', 'm', 'pg_catalog')"}
{"asctime": "2026-03-23 13:40:47,998", "level": "INFO", "logger": "sqlalchemy.engine.Engine", "message": "SELECT pg_catalog.pg_class.relname \nFROM pg_catalog.pg_class JOIN pg_catalog.pg_namespace ON pg_catalog.pg_namespace.oid = pg_catalog.pg_class.relnamespace \nWHERE pg_catalog.pg_class.relname = $1::VARCHAR AND pg_catalog.pg_class.relkind = ANY (ARRAY[$2::VARCHAR, $3::VARCHAR, $4::VARCHAR, $5::VARCHAR, $6::VARCHAR]) AND pg_catalog.pg_table_is_visible(pg_catalog.pg_class.oid) AND pg_catalog.pg_namespace.nspname != $7::VARCHAR"}
{"asctime": "2026-03-23 13:40:47,998", "level": "INFO", "logger": "sqlalchemy.engine.Engine", "message": "[cached since 0.01779s ago] ('ai_conversations', 'r', 'p', 'f', 'v', 'm', 'pg_catalog')"}
{"asctime": "2026-03-23 13:40:47,999", "level": "INFO", "logger": "sqlalchemy.engine.Engine", "message": "COMMIT"}
{"asctime": "2026-03-23 13:40:50,064", "level": "INFO", "logger": "sqlalchemy.engine.Engine", "message": "select pg_catalog.version()"}
{"asctime": "2026-03-23 13:40:50,065", "level": "INFO", "logger": "sqlalchemy.engine.Engine", "message": "[raw sql] ()"}
{"asctime": "2026-03-23 13:40:50,067", "level": "INFO", "logger": "sqlalchemy.engine.Engine", "message": "select current_schema()"}
{"asctime": "2026-03-23 13:40:50,067", "level": "INFO", "logger": "sqlalchemy.engine.Engine", "message": "[raw sql] ()"}
{"asctime": "2026-03-23 13:40:50,068", "level": "INFO", "logger": "sqlalchemy.engine.Engine", "message": "show standard_conforming_strings"}
{"asctime": "2026-03-23 13:40:50,068", "level": "INFO", "logger": "sqlalchemy.engine.Engine", "message": "[raw sql] ()"}
{"asctime": "2026-03-23 13:40:50,070", "level": "INFO", "logger": "sqlalchemy.engine.Engine", "message": "BEGIN (implicit)"}
{"asctime": "2026-03-23 13:40:50,072", "level": "INFO", "logger": "sqlalchemy.engine.Engine", "message": "SELECT pg_catalog.pg_class.relname \nFROM pg_catalog.pg_class JOIN pg_catalog.pg_namespace ON pg_catalog.pg_namespace.oid = pg_catalog.pg_class.relnamespace \nWHERE pg_catalog.pg_class.relname = $1::VARCHAR AND pg_catalog.pg_class.relkind = ANY (ARRAY[$2::VARCHAR, $3::VARCHAR, $4::VARCHAR, $5::VARCHAR, $6::VARCHAR]) AND pg_catalog.pg_table_is_visible(pg_catalog.pg_class.oid) AND pg_catalog.pg_namespace.nspname != $7::VARCHAR"}
{"asctime": "2026-03-23 13:40:50,072", "level": "INFO", "logger": "sqlalchemy.engine.Engine", "message": "[generated in 0.00038s] ('users', 'r', 'p', 'f', 'v', 'm', 'pg_catalog')"}
{"asctime": "2026-03-23 13:40:50,077", "level": "INFO", "logger": "sqlalchemy.engine.Engine", "message": "SELECT pg_catalog.pg_class.relname \nFROM pg_catalog.pg_class JOIN pg_catalog.pg_namespace ON pg_catalog.pg_namespace.oid = pg_catalog.pg_class.relnamespace \nWHERE pg_catalog.pg_class.relname = $1::VARCHAR AND pg_catalog.pg_class.relkind = ANY (ARRAY[$2::VARCHAR, $3::VARCHAR, $4::VARCHAR, $5::VARCHAR, $6::VARCHAR]) AND pg_catalog.pg_table_is_visible(pg_catalog.pg_class.oid) AND pg_catalog.pg_namespace.nspname != $7::VARCHAR"}
{"asctime": "2026-03-23 13:40:50,078", "level": "INFO", "logger": "sqlalchemy.engine.Engine", "message": "[cached since 0.00566s ago] ('otps', 'r', 'p', 'f', 'v', 'm', 'pg_catalog')"}
{"asctime": "2026-03-23 13:40:50,079", "level": "INFO", "logger": "sqlalchemy.engine.Engine", "message": "SELECT pg_catalog.pg_class.relname \nFROM pg_catalog.pg_class JOIN pg_catalog.pg_namespace ON pg_catalog.pg_namespace.oid = pg_catalog.pg_class.relnamespace \nWHERE pg_catalog.pg_class.relname = $1::VARCHAR AND pg_catalog.pg_class.relkind = ANY (ARRAY[$2::VARCHAR, $3::VARCHAR, $4::VARCHAR, $5::VARCHAR, $6::VARCHAR]) AND pg_catalog.pg_table_is_visible(pg_catalog.pg_class.oid) AND pg_catalog.pg_namespace.nspname != $7::VARCHAR"}
{"asctime": "2026-03-23 13:40:50,080", "level": "INFO", "logger": "sqlalchemy.engine.Engine", "message": "[cached since 0.006976s ago] ('family_members', 'r', 'p', 'f', 'v', 'm', 'pg_catalog')"}
{"asctime": "2026-03-23 13:40:50,081", "level": "INFO", "logger": "sqlalchemy.engine.Engine", "message": "SELECT pg_catalog.pg_class.relname \nFROM pg_catalog.pg_class JOIN pg_catalog.pg_namespace ON pg_catalog.pg_namespace.oid = pg_catalog.pg_class.relnamespace \nWHERE pg_catalog.pg_class.relname = $1::VARCHAR AND pg_catalog.pg_class.relkind = ANY (ARRAY[$2::VARCHAR, $3::VARCHAR, $4::VARCHAR, $5::VARCHAR, $6::VARCHAR]) AND pg_catalog.pg_table_is_visible(pg_catalog.pg_class.oid) AND pg_catalog.pg_namespace.nspname != $7::VARCHAR"}
{"asctime": "2026-03-23 13:40:50,081", "level": "INFO", "logger": "sqlalchemy.engine.Engine", "message": "[cached since 0.008126s ago] ('medical_records', 'r', 'p', 'f', 'v', 'm', 'pg_catalog')"}
{"asctime": "2026-03-23 13:40:50,081", "level": "INFO", "logger": "sqlalchemy.engine.Engine", "message": "SELECT pg_catalog.pg_class.relname \nFROM pg_catalog.pg_class JOIN pg_catalog.pg_namespace ON pg_catalog.pg_namespace.oid = pg_catalog.pg_class.relnamespace \nWHERE pg_catalog.pg_class.relname = $1::VARCHAR AND pg_catalog.pg_class.relkind = ANY (ARRAY[$2::VARCHAR, $3::VARCHAR, $4::VARCHAR, $5::VARCHAR, $6::VARCHAR]) AND pg_catalog.pg_table_is_visible(pg_catalog.pg_class.oid) AND pg_catalog.pg_namespace.nspname != $7::VARCHAR"}
{"asctime": "2026-03-23 13:40:50,082", "level": "INFO", "logger": "sqlalchemy.engine.Engine", "message": "[cached since 0.009173s ago] ('prescriptions', 'r', 'p', 'f', 'v', 'm', 'pg_catalog')"}
{"asctime": "2026-03-23 13:40:50,082", "level": "INFO", "logger": "sqlalchemy.engine.Engine", "message": "SELECT pg_catalog.pg_class.relname \nFROM pg_catalog.pg_class JOIN pg_catalog.pg_namespace ON pg_catalog.pg_namespace.oid = pg_catalog.pg_class.relnamespace \nWHERE pg_catalog.pg_class.relname = $1::VARCHAR AND pg_catalog.pg_class.relkind = ANY (ARRAY[$2::VARCHAR, $3::VARCHAR, $4::VARCHAR, $5::VARCHAR, $6::VARCHAR]) AND pg_catalog.pg_table_is_visible(pg_catalog.pg_class.oid) AND pg_catalog.pg_namespace.nspname != $7::VARCHAR"}
{"asctime": "2026-03-23 13:40:50,082", "level": "INFO", "logger": "sqlalchemy.engine.Engine", "message": "[cached since 0.01013s ago] ('medicines', 'r', 'p', 'f', 'v', 'm', 'pg_catalog')"}
{"asctime": "2026-03-23 13:40:50,083", "level": "INFO", "logger": "sqlalchemy.engine.Engine", "message": "SELECT pg_catalog.pg_class.relname \nFROM pg_catalog.pg_class JOIN pg_catalog.pg_namespace ON pg_catalog.pg_namespace.oid = pg_catalog.pg_class.relnamespace \nWHERE pg_catalog.pg_class.relname = $1::VARCHAR AND pg_catalog.pg_class.relkind = ANY (ARRAY[$2::VARCHAR, $3::VARCHAR, $4::VARCHAR, $5::VARCHAR, $6::VARCHAR]) AND pg_catalog.pg_table_is_visible(pg_catalog.pg_class.oid) AND pg_catalog.pg_namespace.nspname != $7::VARCHAR"}
{"asctime": "2026-03-23 13:40:50,083", "level": "INFO", "logger": "sqlalchemy.engine.Engine", "message": "[cached since 0.0111s ago] ('medication_schedules', 'r', 'p', 'f', 'v', 'm', 'pg_catalog')"}
{"asctime": "2026-03-23 13:40:50,083", "level": "INFO", "logger": "sqlalchemy.engine.Engine", "message": "SELECT pg_catalog.pg_class.relname \nFROM pg_catalog.pg_class JOIN pg_catalog.pg_namespace ON pg_catalog.pg_namespace.oid = pg_catalog.pg_class.relnamespace \nWHERE pg_catalog.pg_class.relname = $1::VARCHAR AND pg_catalog.pg_class.relkind = ANY (ARRAY[$2::VARCHAR, $3::VARCHAR, $4::VARCHAR, $5::VARCHAR, $6::VARCHAR]) AND pg_catalog.pg_table_is_visible(pg_catalog.pg_class.oid) AND pg_catalog.pg_namespace.nspname != $7::VARCHAR"}
{"asctime": "2026-03-23 13:40:50,085", "level": "INFO", "logger": "sqlalchemy.engine.Engine", "message": "[cached since 0.0118s ago] ('health_metrics', 'r', 'p', 'f', 'v', 'm', 'pg_catalog')"}
{"asctime": "2026-03-23 13:40:50,085", "level": "INFO", "logger": "sqlalchemy.engine.Engine", "message": "SELECT pg_catalog.pg_class.relname \nFROM pg_catalog.pg_class JOIN pg_catalog.pg_namespace ON pg_catalog.pg_namespace.oid = pg_catalog.pg_class.relnamespace \nWHERE pg_catalog.pg_class.relname = $1::VARCHAR AND pg_catalog.pg_class.relkind = ANY (ARRAY[$2::VARCHAR, $3::VARCHAR, $4::VARCHAR, $5::VARCHAR, $6::VARCHAR]) AND pg_catalog.pg_table_is_visible(pg_catalog.pg_class.oid) AND pg_catalog.pg_namespace.nspname != $7::VARCHAR"}
{"asctime": "2026-03-23 13:40:50,085", "level": "INFO", "logger": "sqlalchemy.engine.Engine", "message": "[cached since 0.01249s ago] ('emergency_contacts', 'r', 'p', 'f', 'v', 'm', 'pg_catalog')"}
{"asctime": "2026-03-23 13:40:50,086", "level": "INFO", "logger": "sqlalchemy.engine.Engine", "message": "SELECT pg_catalog.pg_class.relname \nFROM pg_catalog.pg_class JOIN pg_catalog.pg_namespace ON pg_catalog.pg_namespace.oid = pg_catalog.pg_class.relnamespace \nWHERE pg_catalog.pg_class.relname = $1::VARCHAR AND pg_catalog.pg_class.relkind = ANY (ARRAY[$2::VARCHAR, $3::VARCHAR, $4::VARCHAR, $5::VARCHAR, $6::VARCHAR]) AND pg_catalog.pg_table_is_visible(pg_catalog.pg_class.oid) AND pg_catalog.pg_namespace.nspname != $7::VARCHAR"}
{"asctime": "2026-03-23 13:40:50,086", "level": "INFO", "logger": "sqlalchemy.engine.Engine", "message": "[cached since 0.01334s ago] ('ai_conversations', 'r', 'p', 'f', 'v', 'm', 'pg_catalog')"}
{"asctime": "2026-03-23 13:40:50,086", "level": "INFO", "logger": "sqlalchemy.engine.Engine", "message": "COMMIT"}
{"asctime": "2026-03-23 13:40:51,982", "level": "INFO", "logger": "sqlalchemy.engine.Engine", "message": "select pg_catalog.version()"}
{"asctime": "2026-03-23 13:40:51,982", "level": "INFO", "logger": "sqlalchemy.engine.Engine", "message": "[raw sql] ()"}
{"asctime": "2026-03-23 13:40:51,984", "level": "INFO", "logger": "sqlalchemy.engine.Engine", "message": "select current_schema()"}
{"asctime": "2026-03-23 13:40:51,985", "level": "INFO", "logger": "sqlalchemy.engine.Engine", "message": "[raw sql] ()"}
{"asctime": "2026-03-23 13:40:51,986", "level": "INFO", "logger": "sqlalchemy.engine.Engine", "message": "show standard_conforming_strings"}
{"asctime": "2026-03-23 13:40:51,986", "level": "INFO", "logger": "sqlalchemy.engine.Engine", "message": "[raw sql] ()"}
{"asctime": "2026-03-23 13:40:51,988", "level": "INFO", "logger": "sqlalchemy.engine.Engine", "message": "BEGIN (implicit)"}
{"asctime": "2026-03-23 13:40:51,990", "level": "INFO", "logger": "sqlalchemy.engine.Engine", "message": "SELECT pg_catalog.pg_class.relname \nFROM pg_catalog.pg_class JOIN pg_catalog.pg_namespace ON pg_catalog.pg_namespace.oid = pg_catalog.pg_class.relnamespace \nWHERE pg_catalog.pg_class.relname = $1::VARCHAR AND pg_catalog.pg_class.relkind = ANY (ARRAY[$2::VARCHAR, $3::VARCHAR, $4::VARCHAR, $5::VARCHAR, $6::VARCHAR]) AND pg_catalog.pg_table_is_visible(pg_catalog.pg_class.oid) AND pg_catalog.pg_namespace.nspname != $7::VARCHAR"}
{"asctime": "2026-03-23 13:40:51,990", "level": "INFO", "logger": "sqlalchemy.engine.Engine", "message": "[generated in 0.00032s] ('users', 'r', 'p', 'f', 'v', 'm', 'pg_catalog')"}
{"asctime": "2026-03-23 13:40:51,995", "level": "INFO", "logger": "sqlalchemy.engine.Engine", "message": "SELECT pg_catalog.pg_class.relname \nFROM pg_catalog.pg_class JOIN pg_catalog.pg_namespace ON pg_catalog.pg_namespace.oid = pg_catalog.pg_class.relnamespace \nWHERE pg_catalog.pg_class.relname = $1::VARCHAR AND pg_catalog.pg_class.relkind = ANY (ARRAY[$2::VARCHAR, $3::VARCHAR, $4::VARCHAR, $5::VARCHAR, $6::VARCHAR]) AND pg_catalog.pg_table_is_visible(pg_catalog.pg_class.oid) AND pg_catalog.pg_namespace.nspname != $7::VARCHAR"}
{"asctime": "2026-03-23 13:40:51,995", "level": "INFO", "logger": "sqlalchemy.engine.Engine", "message": "[cached since 0.005347s ago] ('otps', 'r', 'p', 'f', 'v', 'm', 'pg_catalog')"}
{"asctime": "2026-03-23 13:40:51,996", "level": "INFO", "logger": "sqlalchemy.engine.Engine", "message": "SELECT pg_catalog.pg_class.relname \nFROM pg_catalog.pg_class JOIN pg_catalog.pg_namespace ON pg_catalog.pg_namespace.oid = pg_catalog.pg_class.relnamespace \nWHERE pg_catalog.pg_class.relname = $1::VARCHAR AND pg_catalog.pg_class.relkind = ANY (ARRAY[$2::VARCHAR, $3::VARCHAR, $4::VARCHAR, $5::VARCHAR, $6::VARCHAR]) AND pg_catalog.pg_table_is_visible(pg_catalog.pg_class.oid) AND pg_catalog.pg_namespace.nspname != $7::VARCHAR"}
{"asctime": "2026-03-23 13:40:51,996", "level": "INFO", "logger": "sqlalchemy.engine.Engine", "message": "[cached since 0.006382s ago] ('family_members', 'r', 'p', 'f', 'v', 'm', 'pg_catalog')"}
{"asctime": "2026-03-23 13:40:51,997", "level": "INFO", "logger": "sqlalchemy.engine.Engine", "message": "SELECT pg_catalog.pg_class.relname \nFROM pg_catalog.pg_class JOIN pg_catalog.pg_namespace ON pg_catalog.pg_namespace.oid = pg_catalog.pg_class.relnamespace \nWHERE pg_catalog.pg_class.relname = $1::VARCHAR AND pg_catalog.pg_class.relkind = ANY (ARRAY[$2::VARCHAR, $3::VARCHAR, $4::VARCHAR, $5::VARCHAR, $6::VARCHAR]) AND pg_catalog.pg_table_is_visible(pg_catalog.pg_class.oid) AND pg_catalog.pg_namespace.nspname != $7::VARCHAR"}
{"asctime": "2026-03-23 13:40:51,997", "level": "INFO", "logger": "sqlalchemy.engine.Engine", "message": "[cached since 0.007316s ago] ('medical_records', 'r', 'p', 'f', 'v', 'm', 'pg_catalog')"}
{"asctime": "2026-03-23 13:40:51,998", "level": "INFO", "logger": "sqlalchemy.engine.Engine", "message": "SELECT pg_catalog.pg_class.relname \nFROM pg_catalog.pg_class JOIN pg_catalog.pg_namespace ON pg_catalog.pg_namespace.oid = pg_catalog.pg_class.relnamespace \nWHERE pg_catalog.pg_class.relname = $1::VARCHAR AND pg_catalog.pg_class.relkind = ANY (ARRAY[$2::VARCHAR, $3::VARCHAR, $4::VARCHAR, $5::VARCHAR, $6::VARCHAR]) AND pg_catalog.pg_table_is_visible(pg_catalog.pg_class.oid) AND pg_catalog.pg_namespace.nspname != $7::VARCHAR"}
{"asctime": "2026-03-23 13:40:51,998", "level": "INFO", "logger": "sqlalchemy.engine.Engine", "message": "[cached since 0.008431s ago] ('prescriptions', 'r', 'p', 'f', 'v', 'm', 'pg_catalog')"}
{"asctime": "2026-03-23 13:40:51,999", "level": "INFO", "logger": "sqlalchemy.engine.Engine", "message": "SELECT pg_catalog.pg_class.relname \nFROM pg_catalog.pg_class JOIN pg_catalog.pg_namespace ON pg_catalog.pg_namespace.oid = pg_catalog.pg_class.relnamespace \nWHERE pg_catalog.pg_class.relname = $1::VARCHAR AND pg_catalog.pg_class.relkind = ANY (ARRAY[$2::VARCHAR, $3::VARCHAR, $4::VARCHAR, $5::VARCHAR, $6::VARCHAR]) AND pg_catalog.pg_table_is_visible(pg_catalog.pg_class.oid) AND pg_catalog.pg_namespace.nspname != $7::VARCHAR"}
{"asctime": "2026-03-23 13:40:51,999", "level": "INFO", "logger": "sqlalchemy.engine.Engine", "message": "[cached since 0.009513s ago] ('medicines', 'r', 'p', 'f', 'v', 'm', 'pg_catalog')"}
{"asctime": "2026-03-23 13:40:52,000", "level": "INFO", "logger": "sqlalchemy.engine.Engine", "message": "SELECT pg_catalog.pg_class.relname \nFROM pg_catalog.pg_class JOIN pg_catalog.pg_namespace ON pg_catalog.pg_namespace.oid = pg_catalog.pg_class.relnamespace \nWHERE pg_catalog.pg_class.relname = $1::VARCHAR AND pg_catalog.pg_class.relkind = ANY (ARRAY[$2::VARCHAR, $3::VARCHAR, $4::VARCHAR, $5::VARCHAR, $6::VARCHAR]) AND pg_catalog.pg_table_is_visible(pg_catalog.pg_class.oid) AND pg_catalog.pg_namespace.nspname != $7::VARCHAR"}
{"asctime": "2026-03-23 13:40:52,000", "level": "INFO", "logger": "sqlalchemy.engine.Engine", "message": "[cached since 0.01034s ago] ('medication_schedules', 'r', 'p', 'f', 'v', 'm', 'pg_catalog')"}
{"asctime": "2026-03-23 13:40:52,000", "level": "INFO", "logger": "sqlalchemy.engine.Engine", "message": "SELECT pg_catalog.pg_class.relname \nFROM pg_catalog.pg_class JOIN pg_catalog.pg_namespace ON pg_catalog.pg_namespace.oid = pg_catalog.pg_class.relnamespace \nWHERE pg_catalog.pg_class.relname = $1::VARCHAR AND pg_catalog.pg_class.relkind = ANY (ARRAY[$2::VARCHAR, $3::VARCHAR, $4::VARCHAR, $5::VARCHAR, $6::VARCHAR]) AND pg_catalog.pg_table_is_visible(pg_catalog.pg_class.oid) AND pg_catalog.pg_namespace.nspname != $7::VARCHAR"}
{"asctime": "2026-03-23 13:40:52,000", "level": "INFO", "logger": "sqlalchemy.engine.Engine", "message": "[cached since 0.01087s ago] ('health_metrics', 'r', 'p', 'f', 'v', 'm', 'pg_catalog')"}
{"asctime": "2026-03-23 13:40:52,002", "level": "INFO", "logger": "sqlalchemy.engine.Engine", "message": "SELECT pg_catalog.pg_class.relname \nFROM pg_catalog.pg_class JOIN pg_catalog.pg_namespace ON pg_catalog.pg_namespace.oid = pg_catalog.pg_class.relnamespace \nWHERE pg_catalog.pg_class.relname = $1::VARCHAR AND pg_catalog.pg_class.relkind = ANY (ARRAY[$2::VARCHAR, $3::VARCHAR, $4::VARCHAR, $5::VARCHAR, $6::VARCHAR]) AND pg_catalog.pg_table_is_visible(pg_catalog.pg_class.oid) AND pg_catalog.pg_namespace.nspname != $7::VARCHAR"}
{"asctime": "2026-03-23 13:40:52,002", "level": "INFO", "logger": "sqlalchemy.engine.Engine", "message": "[cached since 0.01161s ago] ('emergency_contacts', 'r', 'p', 'f', 'v', 'm', 'pg_catalog')"}
{"asctime": "2026-03-23 13:40:52,002", "level": "INFO", "logger": "sqlalchemy.engine.Engine", "message": "SELECT pg_catalog.pg_class.relname \nFROM pg_catalog.pg_class JOIN pg_catalog.pg_namespace ON pg_catalog.pg_namespace.oid = pg_catalog.pg_class.relnamespace \nWHERE pg_catalog.pg_class.relname = $1::VARCHAR AND pg_catalog.pg_class.relkind = ANY (ARRAY[$2::VARCHAR, $3::VARCHAR, $4::VARCHAR, $5::VARCHAR, $6::VARCHAR]) AND pg_catalog.pg_table_is_visible(pg_catalog.pg_class.oid) AND pg_catalog.pg_namespace.nspname != $7::VARCHAR"}
{"asctime": "2026-03-23 13:40:52,003", "level": "INFO", "logger": "sqlalchemy.engine.Engine", "message": "[cached since 0.01228s ago] ('ai_conversations', 'r', 'p', 'f', 'v', 'm', 'pg_catalog')"}
{"asctime": "2026-03-23 13:40:52,003", "level": "INFO", "logger": "sqlalchemy.engine.Engine", "message": "COMMIT"}
{"asctime": "2026-03-23 13:40:55,095", "level": "INFO", "logger": "sqlalchemy.engine.Engine", "message": "select pg_catalog.version()"}
{"asctime": "2026-03-23 13:40:55,095", "level": "INFO", "logger": "sqlalchemy.engine.Engine", "message": "[raw sql] ()"}
{"asctime": "2026-03-23 13:40:55,098", "level": "INFO", "logger": "sqlalchemy.engine.Engine", "message": "select current_schema()"}
{"asctime": "2026-03-23 13:40:55,098", "level": "INFO", "logger": "sqlalchemy.engine.Engine", "message": "[raw sql] ()"}
{"asctime": "2026-03-23 13:40:55,100", "level": "INFO", "logger": "sqlalchemy.engine.Engine", "message": "show standard_conforming_strings"}
{"asctime": "2026-03-23 13:40:55,100", "level": "INFO", "logger": "sqlalchemy.engine.Engine", "message": "[raw sql] ()"}
{"asctime": "2026-03-23 13:40:55,102", "level": "INFO", "logger": "sqlalchemy.engine.Engine", "message": "BEGIN (implicit)"}
{"asctime": "2026-03-23 13:40:55,104", "level": "INFO", "logger": "sqlalchemy.engine.Engine", "message": "SELECT pg_catalog.pg_class.relname \nFROM pg_catalog.pg_class JOIN pg_catalog.pg_namespace ON pg_catalog.pg_namespace.oid = pg_catalog.pg_class.relnamespace \nWHERE pg_catalog.pg_class.relname = $1::VARCHAR AND pg_catalog.pg_class.relkind = ANY (ARRAY[$2::VARCHAR, $3::VARCHAR, $4::VARCHAR, $5::VARCHAR, $6::VARCHAR]) AND pg_catalog.pg_table_is_visible(pg_catalog.pg_class.oid) AND pg_catalog.pg_namespace.nspname != $7::VARCHAR"}
{"asctime": "2026-03-23 13:40:55,105", "level": "INFO", "logger": "sqlalchemy.engine.Engine", "message": "[generated in 0.00043s] ('users', 'r', 'p', 'f', 'v', 'm', 'pg_catalog')"}
{"asctime": "2026-03-23 13:40:55,109", "level": "INFO", "logger": "sqlalchemy.engine.Engine", "message": "SELECT pg_catalog.pg_class.relname \nFROM pg_catalog.pg_class JOIN pg_catalog.pg_namespace ON pg_catalog.pg_namespace.oid = pg_catalog.pg_class.relnamespace \nWHERE pg_catalog.pg_class.relname = $1::VARCHAR AND pg_catalog.pg_class.relkind = ANY (ARRAY[$2::VARCHAR, $3::VARCHAR, $4::VARCHAR, $5::VARCHAR, $6::VARCHAR]) AND pg_catalog.pg_table_is_visible(pg_catalog.pg_class.oid) AND pg_catalog.pg_namespace.nspname != $7::VARCHAR"}
{"asctime": "2026-03-23 13:40:55,109", "level": "INFO", "logger": "sqlalchemy.engine.Engine", "message": "[cached since 0.006031s ago] ('otps', 'r', 'p', 'f', 'v', 'm', 'pg_catalog')"}
{"asctime": "2026-03-23 13:40:55,111", "level": "INFO", "logger": "sqlalchemy.engine.Engine", "message": "SELECT pg_catalog.pg_class.relname \nFROM pg_catalog.pg_class JOIN pg_catalog.pg_namespace ON pg_catalog.pg_namespace.oid = pg_catalog.pg_class.relnamespace \nWHERE pg_catalog.pg_class.relname = $1::VARCHAR AND pg_catalog.pg_class.relkind = ANY (ARRAY[$2::VARCHAR, $3::VARCHAR, $4::VARCHAR, $5::VARCHAR, $6::VARCHAR]) AND pg_catalog.pg_table_is_visible(pg_catalog.pg_class.oid) AND pg_catalog.pg_namespace.nspname != $7::VARCHAR"}
{"asctime": "2026-03-23 13:40:55,111", "level": "INFO", "logger": "sqlalchemy.engine.Engine", "message": "[cached since 0.007021s ago] ('family_members', 'r', 'p', 'f', 'v', 'm', 'pg_catalog')"}
{"asctime": "2026-03-23 13:40:55,112", "level": "INFO", "logger": "sqlalchemy.engine.Engine", "message": "SELECT pg_catalog.pg_class.relname \nFROM pg_catalog.pg_class JOIN pg_catalog.pg_namespace ON pg_catalog.pg_namespace.oid = pg_catalog.pg_class.relnamespace \nWHERE pg_catalog.pg_class.relname = $1::VARCHAR AND pg_catalog.pg_class.relkind = ANY (ARRAY[$2::VARCHAR, $3::VARCHAR, $4::VARCHAR, $5::VARCHAR, $6::VARCHAR]) AND pg_catalog.pg_table_is_visible(pg_catalog.pg_class.oid) AND pg_catalog.pg_namespace.nspname != $7::VARCHAR"}
{"asctime": "2026-03-23 13:40:55,112", "level": "INFO", "logger": "sqlalchemy.engine.Engine", "message": "[cached since 0.007882s ago] ('medical_records', 'r', 'p', 'f', 'v', 'm', 'pg_catalog')"}
{"asctime": "2026-03-23 13:40:55,112", "level": "INFO", "logger": "sqlalchemy.engine.Engine", "message": "SELECT pg_catalog.pg_class.relname \nFROM pg_catalog.pg_class JOIN pg_catalog.pg_namespace ON pg_catalog.pg_namespace.oid = pg_catalog.pg_class.relnamespace \nWHERE pg_catalog.pg_class.relname = $1::VARCHAR AND pg_catalog.pg_class.relkind = ANY (ARRAY[$2::VARCHAR, $3::VARCHAR, $4::VARCHAR, $5::VARCHAR, $6::VARCHAR]) AND pg_catalog.pg_table_is_visible(pg_catalog.pg_class.oid) AND pg_catalog.pg_namespace.nspname != $7::VARCHAR"}
{"asctime": "2026-03-23 13:40:55,113", "level": "INFO", "logger": "sqlalchemy.engine.Engine", "message": "[cached since 0.009276s ago] ('prescriptions', 'r', 'p', 'f', 'v', 'm', 'pg_catalog')"}
{"asctime": "2026-03-23 13:40:55,115", "level": "INFO", "logger": "sqlalchemy.engine.Engine", "message": "SELECT pg_catalog.pg_class.relname \nFROM pg_catalog.pg_class JOIN pg_catalog.pg_namespace ON pg_catalog.pg_namespace.oid = pg_catalog.pg_class.relnamespace \nWHERE pg_catalog.pg_class.relname = $1::VARCHAR AND pg_catalog.pg_class.relkind = ANY (ARRAY[$2::VARCHAR, $3::VARCHAR, $4::VARCHAR, $5::VARCHAR, $6::VARCHAR]) AND pg_catalog.pg_table_is_visible(pg_catalog.pg_class.oid) AND pg_catalog.pg_namespace.nspname != $7::VARCHAR"}
{"asctime": "2026-03-23 13:40:55,115", "level": "INFO", "logger": "sqlalchemy.engine.Engine", "message": "[cached since 0.01081s ago] ('medicines', 'r', 'p', 'f', 'v', 'm', 'pg_catalog')"}
{"asctime": "2026-03-23 13:40:55,116", "level": "INFO", "logger": "sqlalchemy.engine.Engine", "message": "SELECT pg_catalog.pg_class.relname \nFROM pg_catalog.pg_class JOIN pg_catalog.pg_namespace ON pg_catalog.pg_namespace.oid = pg_catalog.pg_class.relnamespace \nWHERE pg_catalog.pg_class.relname = $1::VARCHAR AND pg_catalog.pg_class.relkind = ANY (ARRAY[$2::VARCHAR, $3::VARCHAR, $4::VARCHAR, $5::VARCHAR, $6::VARCHAR]) AND pg_catalog.pg_table_is_visible(pg_catalog.pg_class.oid) AND pg_catalog.pg_namespace.nspname != $7::VARCHAR"}
{"asctime": "2026-03-23 13:40:55,117", "level": "INFO", "logger": "sqlalchemy.engine.Engine", "message": "[cached since 0.01262s ago] ('medication_schedules', 'r', 'p', 'f', 'v', 'm', 'pg_catalog')"}
{"asctime": "2026-03-23 13:40:55,117", "level": "INFO", "logger": "sqlalchemy.engine.Engine", "message": "SELECT pg_catalog.pg_class.relname \nFROM pg_catalog.pg_class JOIN pg_catalog.pg_namespace ON pg_catalog.pg_namespace.oid = pg_catalog.pg_class.relnamespace \nWHERE pg_catalog.pg_class.relname = $1::VARCHAR AND pg_catalog.pg_class.relkind = ANY (ARRAY[$2::VARCHAR, $3::VARCHAR, $4::VARCHAR, $5::VARCHAR, $6::VARCHAR]) AND pg_catalog.pg_table_is_visible(pg_catalog.pg_class.oid) AND pg_catalog.pg_namespace.nspname != $7::VARCHAR"}
{"asctime": "2026-03-23 13:40:55,117", "level": "INFO", "logger": "sqlalchemy.engine.Engine", "message": "[cached since 0.01337s ago] ('health_metrics', 'r', 'p', 'f', 'v', 'm', 'pg_catalog')"}
{"asctime": "2026-03-23 13:40:55,118", "level": "INFO", "logger": "sqlalchemy.engine.Engine", "message": "SELECT pg_catalog.pg_class.relname \nFROM pg_catalog.pg_class JOIN pg_catalog.pg_namespace ON pg_catalog.pg_namespace.oid = pg_catalog.pg_class.relnamespace \nWHERE pg_catalog.pg_class.relname = $1::VARCHAR AND pg_catalog.pg_class.relkind = ANY (ARRAY[$2::VARCHAR, $3::VARCHAR, $4::VARCHAR, $5::VARCHAR, $6::VARCHAR]) AND pg_catalog.pg_table_is_visible(pg_catalog.pg_class.oid) AND pg_catalog.pg_namespace.nspname != $7::VARCHAR"}
{"asctime": "2026-03-23 13:40:55,118", "level": "INFO", "logger": "sqlalchemy.engine.Engine", "message": "[cached since 0.01409s ago] ('emergency_contacts', 'r', 'p', 'f', 'v', 'm', 'pg_catalog')"}
{"asctime": "2026-03-23 13:40:55,119", "level": "INFO", "logger": "sqlalchemy.engine.Engine", "message": "SELECT pg_catalog.pg_class.relname \nFROM pg_catalog.pg_class JOIN pg_catalog.pg_namespace ON pg_catalog.pg_namespace.oid = pg_catalog.pg_class.relnamespace \nWHERE pg_catalog.pg_class.relname = $1::VARCHAR AND pg_catalog.pg_class.relkind = ANY (ARRAY[$2::VARCHAR, $3::VARCHAR, $4::VARCHAR, $5::VARCHAR, $6::VARCHAR]) AND pg_catalog.pg_table_is_visible(pg_catalog.pg_class.oid) AND pg_catalog.pg_namespace.nspname != $7::VARCHAR"}
{"asctime": "2026-03-23 13:40:55,119", "level": "INFO", "logger": "sqlalchemy.engine.Engine", "message": "[cached since 0.01476s ago] ('ai_conversations', 'r', 'p', 'f', 'v', 'm', 'pg_catalog')"}
{"asctime": "2026-03-23 13:40:55,119", "level": "INFO", "logger": "sqlalchemy.engine.Engine", "message": "COMMIT"}
{"asctime": "2026-03-23 13:40:57,095", "level": "INFO", "logger": "sqlalchemy.engine.Engine", "message": "select pg_catalog.version()"}
{"asctime": "2026-03-23 13:40:57,096", "level": "INFO", "logger": "sqlalchemy.engine.Engine", "message": "[raw sql] ()"}
{"asctime": "2026-03-23 13:40:57,097", "level": "INFO", "logger": "sqlalchemy.engine.Engine", "message": "select current_schema()"}
{"asctime": "2026-03-23 13:40:57,098", "level": "INFO", "logger": "sqlalchemy.engine.Engine", "message": "[raw sql] ()"}
{"asctime": "2026-03-23 13:40:57,099", "level": "INFO", "logger": "sqlalchemy.engine.Engine", "message": "show standard_conforming_strings"}
{"asctime": "2026-03-23 13:40:57,100", "level": "INFO", "logger": "sqlalchemy.engine.Engine", "message": "[raw sql] ()"}
{"asctime": "2026-03-23 13:40:57,101", "level": "INFO", "logger": "sqlalchemy.engine.Engine", "message": "BEGIN (implicit)"}
{"asctime": "2026-03-23 13:40:57,104", "level": "INFO", "logger": "sqlalchemy.engine.Engine", "message": "SELECT pg_catalog.pg_class.relname \nFROM pg_catalog.pg_class JOIN pg_catalog.pg_namespace ON pg_catalog.pg_namespace.oid = pg_catalog.pg_class.relnamespace \nWHERE pg_catalog.pg_class.relname = $1::VARCHAR AND pg_catalog.pg_class.relkind = ANY (ARRAY[$2::VARCHAR, $3::VARCHAR, $4::VARCHAR, $5::VARCHAR, $6::VARCHAR]) AND pg_catalog.pg_table_is_visible(pg_catalog.pg_class.oid) AND pg_catalog.pg_namespace.nspname != $7::VARCHAR"}
{"asctime": "2026-03-23 13:40:57,104", "level": "INFO", "logger": "sqlalchemy.engine.Engine", "message": "[generated in 0.00041s] ('users', 'r', 'p', 'f', 'v', 'm', 'pg_catalog')"}
{"asctime": "2026-03-23 13:40:57,109", "level": "INFO", "logger": "sqlalchemy.engine.Engine", "message": "SELECT pg_catalog.pg_class.relname \nFROM pg_catalog.pg_class JOIN pg_catalog.pg_namespace ON pg_catalog.pg_namespace.oid = pg_catalog.pg_class.relnamespace \nWHERE pg_catalog.pg_class.relname = $1::VARCHAR AND pg_catalog.pg_class.relkind = ANY (ARRAY[$2::VARCHAR, $3::VARCHAR, $4::VARCHAR, $5::VARCHAR, $6::VARCHAR]) AND pg_catalog.pg_table_is_visible(pg_catalog.pg_class.oid) AND pg_catalog.pg_namespace.nspname != $7::VARCHAR"}
{"asctime": "2026-03-23 13:40:57,110", "level": "INFO", "logger": "sqlalchemy.engine.Engine", "message": "[cached since 0.006191s ago] ('otps', 'r', 'p', 'f', 'v', 'm', 'pg_catalog')"}
{"asctime": "2026-03-23 13:40:57,110", "level": "INFO", "logger": "sqlalchemy.engine.Engine", "message": "SELECT pg_catalog.pg_class.relname \nFROM pg_catalog.pg_class JOIN pg_catalog.pg_namespace ON pg_catalog.pg_namespace.oid = pg_catalog.pg_class.relnamespace \nWHERE pg_catalog.pg_class.relname = $1::VARCHAR AND pg_catalog.pg_class.relkind = ANY (ARRAY[$2::VARCHAR, $3::VARCHAR, $4::VARCHAR, $5::VARCHAR, $6::VARCHAR]) AND pg_catalog.pg_table_is_visible(pg_catalog.pg_class.oid) AND pg_catalog.pg_namespace.nspname != $7::VARCHAR"}
{"asctime": "2026-03-23 13:40:57,112", "level": "INFO", "logger": "sqlalchemy.engine.Engine", "message": "[cached since 0.007458s ago] ('family_members', 'r', 'p', 'f', 'v', 'm', 'pg_catalog')"}
{"asctime": "2026-03-23 13:40:57,113", "level": "INFO", "logger": "sqlalchemy.engine.Engine", "message": "SELECT pg_catalog.pg_class.relname \nFROM pg_catalog.pg_class JOIN pg_catalog.pg_namespace ON pg_catalog.pg_namespace.oid = pg_catalog.pg_class.relnamespace \nWHERE pg_catalog.pg_class.relname = $1::VARCHAR AND pg_catalog.pg_class.relkind = ANY (ARRAY[$2::VARCHAR, $3::VARCHAR, $4::VARCHAR, $5::VARCHAR, $6::VARCHAR]) AND pg_catalog.pg_table_is_visible(pg_catalog.pg_class.oid) AND pg_catalog.pg_namespace.nspname != $7::VARCHAR"}
{"asctime": "2026-03-23 13:40:57,114", "level": "INFO", "logger": "sqlalchemy.engine.Engine", "message": "[cached since 0.009476s ago] ('medical_records', 'r', 'p', 'f', 'v', 'm', 'pg_catalog')"}
{"asctime": "2026-03-23 13:40:57,114", "level": "INFO", "logger": "sqlalchemy.engine.Engine", "message": "SELECT pg_catalog.pg_class.relname \nFROM pg_catalog.pg_class JOIN pg_catalog.pg_namespace ON pg_catalog.pg_namespace.oid = pg_catalog.pg_class.relnamespace \nWHERE pg_catalog.pg_class.relname = $1::VARCHAR AND pg_catalog.pg_class.relkind = ANY (ARRAY[$2::VARCHAR, $3::VARCHAR, $4::VARCHAR, $5::VARCHAR, $6::VARCHAR]) AND pg_catalog.pg_table_is_visible(pg_catalog.pg_class.oid) AND pg_catalog.pg_namespace.nspname != $7::VARCHAR"}
{"asctime": "2026-03-23 13:40:57,115", "level": "INFO", "logger": "sqlalchemy.engine.Engine", "message": "[cached since 0.01065s ago] ('prescriptions', 'r', 'p', 'f', 'v', 'm', 'pg_catalog')"}
{"asctime": "2026-03-23 13:40:57,115", "level": "INFO", "logger": "sqlalchemy.engine.Engine", "message": "SELECT pg_catalog.pg_class.relname \nFROM pg_catalog.pg_class JOIN pg_catalog.pg_namespace ON pg_catalog.pg_namespace.oid = pg_catalog.pg_class.relnamespace \nWHERE pg_catalog.pg_class.relname = $1::VARCHAR AND pg_catalog.pg_class.relkind = ANY (ARRAY[$2::VARCHAR, $3::VARCHAR, $4::VARCHAR, $5::VARCHAR, $6::VARCHAR]) AND pg_catalog.pg_table_is_visible(pg_catalog.pg_class.oid) AND pg_catalog.pg_namespace.nspname != $7::VARCHAR"}
{"asctime": "2026-03-23 13:40:57,116", "level": "INFO", "logger": "sqlalchemy.engine.Engine", "message": "[cached since 0.01163s ago] ('medicines', 'r', 'p', 'f', 'v', 'm', 'pg_catalog')"}
{"asctime": "2026-03-23 13:40:57,116", "level": "INFO", "logger": "sqlalchemy.engine.Engine", "message": "SELECT pg_catalog.pg_class.relname \nFROM pg_catalog.pg_class JOIN pg_catalog.pg_namespace ON pg_catalog.pg_namespace.oid = pg_catalog.pg_class.relnamespace \nWHERE pg_catalog.pg_class.relname = $1::VARCHAR AND pg_catalog.pg_class.relkind = ANY (ARRAY[$2::VARCHAR, $3::VARCHAR, $4::VARCHAR, $5::VARCHAR, $6::VARCHAR]) AND pg_catalog.pg_table_is_visible(pg_catalog.pg_class.oid) AND pg_catalog.pg_namespace.nspname != $7::VARCHAR"}
{"asctime": "2026-03-23 13:40:57,117", "level": "INFO", "logger": "sqlalchemy.engine.Engine", "message": "[cached since 0.01258s ago] ('medication_schedules', 'r', 'p', 'f', 'v', 'm', 'pg_catalog')"}
{"asctime": "2026-03-23 13:40:57,117", "level": "INFO", "logger": "sqlalchemy.engine.Engine", "message": "SELECT pg_catalog.pg_class.relname \nFROM pg_catalog.pg_class JOIN pg_catalog.pg_namespace ON pg_catalog.pg_namespace.oid = pg_catalog.pg_class.relnamespace \nWHERE pg_catalog.pg_class.relname = $1::VARCHAR AND pg_catalog.pg_class.relkind = ANY (ARRAY[$2::VARCHAR, $3::VARCHAR, $4::VARCHAR, $5::VARCHAR, $6::VARCHAR]) AND pg_catalog.pg_table_is_visible(pg_catalog.pg_class.oid) AND pg_catalog.pg_namespace.nspname != $7::VARCHAR"}
{"asctime": "2026-03-23 13:40:57,118", "level": "INFO", "logger": "sqlalchemy.engine.Engine", "message": "[cached since 0.01358s ago] ('health_metrics', 'r', 'p', 'f', 'v', 'm', 'pg_catalog')"}
{"asctime": "2026-03-23 13:40:57,118", "level": "INFO", "logger": "sqlalchemy.engine.Engine", "message": "SELECT pg_catalog.pg_class.relname \nFROM pg_catalog.pg_class JOIN pg_catalog.pg_namespace ON pg_catalog.pg_namespace.oid = pg_catalog.pg_class.relnamespace \nWHERE pg_catalog.pg_class.relname = $1::VARCHAR AND pg_catalog.pg_class.relkind = ANY (ARRAY[$2::VARCHAR, $3::VARCHAR, $4::VARCHAR, $5::VARCHAR, $6::VARCHAR]) AND pg_catalog.pg_table_is_visible(pg_catalog.pg_class.oid) AND pg_catalog.pg_namespace.nspname != $7::VARCHAR"}
{"asctime": "2026-03-23 13:40:57,119", "level": "INFO", "logger": "sqlalchemy.engine.Engine", "message": "[cached since 0.01464s ago] ('emergency_contacts', 'r', 'p', 'f', 'v', 'm', 'pg_catalog')"}
{"asctime": "2026-03-23 13:40:57,119", "level": "INFO", "logger": "sqlalchemy.engine.Engine", "message": "SELECT pg_catalog.pg_class.relname \nFROM pg_catalog.pg_class JOIN pg_catalog.pg_namespace ON pg_catalog.pg_namespace.oid = pg_catalog.pg_class.relnamespace \nWHERE pg_catalog.pg_class.relname = $1::VARCHAR AND pg_catalog.pg_class.relkind = ANY (ARRAY[$2::VARCHAR, $3::VARCHAR, $4::VARCHAR, $5::VARCHAR, $6::VARCHAR]) AND pg_catalog.pg_table_is_visible(pg_catalog.pg_class.oid) AND pg_catalog.pg_namespace.nspname != $7::VARCHAR"}
{"asctime": "2026-03-23 13:40:57,119", "level": "INFO", "logger": "sqlalchemy.engine.Engine", "message": "[cached since 0.01579s ago] ('ai_conversations', 'r', 'p', 'f', 'v', 'm', 'pg_catalog')"}
{"asctime": "2026-03-23 13:40:57,120", "level": "INFO", "logger": "sqlalchemy.engine.Engine", "message": "COMMIT"}
{"asctime": "2026-03-23 13:40:59,213", "level": "INFO", "logger": "sqlalchemy.engine.Engine", "message": "select pg_catalog.version()"}
{"asctime": "2026-03-23 13:40:59,214", "level": "INFO", "logger": "sqlalchemy.engine.Engine", "message": "[raw sql] ()"}
{"asctime": "2026-03-23 13:40:59,216", "level": "INFO", "logger": "sqlalchemy.engine.Engine", "message": "select current_schema()"}
{"asctime": "2026-03-23 13:40:59,216", "level": "INFO", "logger": "sqlalchemy.engine.Engine", "message": "[raw sql] ()"}
{"asctime": "2026-03-23 13:40:59,217", "level": "INFO", "logger": "sqlalchemy.engine.Engine", "message": "show standard_conforming_strings"}
{"asctime": "2026-03-23 13:40:59,218", "level": "INFO", "logger": "sqlalchemy.engine.Engine", "message": "[raw sql] ()"}
{"asctime": "2026-03-23 13:40:59,219", "level": "INFO", "logger": "sqlalchemy.engine.Engine", "message": "BEGIN (implicit)"}
{"asctime": "2026-03-23 13:40:59,221", "level": "INFO", "logger": "sqlalchemy.engine.Engine", "message": "SELECT pg_catalog.pg_class.relname \nFROM pg_catalog.pg_class JOIN pg_catalog.pg_namespace ON pg_catalog.pg_namespace.oid = pg_catalog.pg_class.relnamespace \nWHERE pg_catalog.pg_class.relname = $1::VARCHAR AND pg_catalog.pg_class.relkind = ANY (ARRAY[$2::VARCHAR, $3::VARCHAR, $4::VARCHAR, $5::VARCHAR, $6::VARCHAR]) AND pg_catalog.pg_table_is_visible(pg_catalog.pg_class.oid) AND pg_catalog.pg_namespace.nspname != $7::VARCHAR"}
{"asctime": "2026-03-23 13:40:59,221", "level": "INFO", "logger": "sqlalchemy.engine.Engine", "message": "[generated in 0.00025s] ('users', 'r', 'p', 'f', 'v', 'm', 'pg_catalog')"}
{"asctime": "2026-03-23 13:40:59,225", "level": "INFO", "logger": "sqlalchemy.engine.Engine", "message": "SELECT pg_catalog.pg_class.relname \nFROM pg_catalog.pg_class JOIN pg_catalog.pg_namespace ON pg_catalog.pg_namespace.oid = pg_catalog.pg_class.relnamespace \nWHERE pg_catalog.pg_class.relname = $1::VARCHAR AND pg_catalog.pg_class.relkind = ANY (ARRAY[$2::VARCHAR, $3::VARCHAR, $4::VARCHAR, $5::VARCHAR, $6::VARCHAR]) AND pg_catalog.pg_table_is_visible(pg_catalog.pg_class.oid) AND pg_catalog.pg_namespace.nspname != $7::VARCHAR"}
{"asctime": "2026-03-23 13:40:59,225", "level": "INFO", "logger": "sqlalchemy.engine.Engine", "message": "[cached since 0.005065s ago] ('otps', 'r', 'p', 'f', 'v', 'm', 'pg_catalog')"}
{"asctime": "2026-03-23 13:40:59,227", "level": "INFO", "logger": "sqlalchemy.engine.Engine", "message": "SELECT pg_catalog.pg_class.relname \nFROM pg_catalog.pg_class JOIN pg_catalog.pg_namespace ON pg_catalog.pg_namespace.oid = pg_catalog.pg_class.relnamespace \nWHERE pg_catalog.pg_class.relname = $1::VARCHAR AND pg_catalog.pg_class.relkind = ANY (ARRAY[$2::VARCHAR, $3::VARCHAR, $4::VARCHAR, $5::VARCHAR, $6::VARCHAR]) AND pg_catalog.pg_table_is_visible(pg_catalog.pg_class.oid) AND pg_catalog.pg_namespace.nspname != $7::VARCHAR"}
{"asctime": "2026-03-23 13:40:59,227", "level": "INFO", "logger": "sqlalchemy.engine.Engine", "message": "[cached since 0.006006s ago] ('family_members', 'r', 'p', 'f', 'v', 'm', 'pg_catalog')"}
{"asctime": "2026-03-23 13:40:59,227", "level": "INFO", "logger": "sqlalchemy.engine.Engine", "message": "SELECT pg_catalog.pg_class.relname \nFROM pg_catalog.pg_class JOIN pg_catalog.pg_namespace ON pg_catalog.pg_namespace.oid = pg_catalog.pg_class.relnamespace \nWHERE pg_catalog.pg_class.relname = $1::VARCHAR AND pg_catalog.pg_class.relkind = ANY (ARRAY[$2::VARCHAR, $3::VARCHAR, $4::VARCHAR, $5::VARCHAR, $6::VARCHAR]) AND pg_catalog.pg_table_is_visible(pg_catalog.pg_class.oid) AND pg_catalog.pg_namespace.nspname != $7::VARCHAR"}
{"asctime": "2026-03-23 13:40:59,228", "level": "INFO", "logger": "sqlalchemy.engine.Engine", "message": "[cached since 0.007113s ago] ('medical_records', 'r', 'p', 'f', 'v', 'm', 'pg_catalog')"}
{"asctime": "2026-03-23 13:40:59,229", "level": "INFO", "logger": "sqlalchemy.engine.Engine", "message": "SELECT pg_catalog.pg_class.relname \nFROM pg_catalog.pg_class JOIN pg_catalog.pg_namespace ON pg_catalog.pg_namespace.oid = pg_catalog.pg_class.relnamespace \nWHERE pg_catalog.pg_class.relname = $1::VARCHAR AND pg_catalog.pg_class.relkind = ANY (ARRAY[$2::VARCHAR, $3::VARCHAR, $4::VARCHAR, $5::VARCHAR, $6::VARCHAR]) AND pg_catalog.pg_table_is_visible(pg_catalog.pg_class.oid) AND pg_catalog.pg_namespace.nspname != $7::VARCHAR"}
{"asctime": "2026-03-23 13:40:59,229", "level": "INFO", "logger": "sqlalchemy.engine.Engine", "message": "[cached since 0.008242s ago] ('prescriptions', 'r', 'p', 'f', 'v', 'm', 'pg_catalog')"}
{"asctime": "2026-03-23 13:40:59,230", "level": "INFO", "logger": "sqlalchemy.engine.Engine", "message": "SELECT pg_catalog.pg_class.relname \nFROM pg_catalog.pg_class JOIN pg_catalog.pg_namespace ON pg_catalog.pg_namespace.oid = pg_catalog.pg_class.relnamespace \nWHERE pg_catalog.pg_class.relname = $1::VARCHAR AND pg_catalog.pg_class.relkind = ANY (ARRAY[$2::VARCHAR, $3::VARCHAR, $4::VARCHAR, $5::VARCHAR, $6::VARCHAR]) AND pg_catalog.pg_table_is_visible(pg_catalog.pg_class.oid) AND pg_catalog.pg_namespace.nspname != $7::VARCHAR"}
{"asctime": "2026-03-23 13:40:59,230", "level": "INFO", "logger": "sqlalchemy.engine.Engine", "message": "[cached since 0.009167s ago] ('medicines', 'r', 'p', 'f', 'v', 'm', 'pg_catalog')"}
{"asctime": "2026-03-23 13:40:59,230", "level": "INFO", "logger": "sqlalchemy.engine.Engine", "message": "SELECT pg_catalog.pg_class.relname \nFROM pg_catalog.pg_class JOIN pg_catalog.pg_namespace ON pg_catalog.pg_namespace.oid = pg_catalog.pg_class.relnamespace \nWHERE pg_catalog.pg_class.relname = $1::VARCHAR AND pg_catalog.pg_class.relkind = ANY (ARRAY[$2::VARCHAR, $3::VARCHAR, $4::VARCHAR, $5::VARCHAR, $6::VARCHAR]) AND pg_catalog.pg_table_is_visible(pg_catalog.pg_class.oid) AND pg_catalog.pg_namespace.nspname != $7::VARCHAR"}
{"asctime": "2026-03-23 13:40:59,231", "level": "INFO", "logger": "sqlalchemy.engine.Engine", "message": "[cached since 0.01006s ago] ('medication_schedules', 'r', 'p', 'f', 'v', 'm', 'pg_catalog')"}
{"asctime": "2026-03-23 13:40:59,231", "level": "INFO", "logger": "sqlalchemy.engine.Engine", "message": "SELECT pg_catalog.pg_class.relname \nFROM pg_catalog.pg_class JOIN pg_catalog.pg_namespace ON pg_catalog.pg_namespace.oid = pg_catalog.pg_class.relnamespace \nWHERE pg_catalog.pg_class.relname = $1::VARCHAR AND pg_catalog.pg_class.relkind = ANY (ARRAY[$2::VARCHAR, $3::VARCHAR, $4::VARCHAR, $5::VARCHAR, $6::VARCHAR]) AND pg_catalog.pg_table_is_visible(pg_catalog.pg_class.oid) AND pg_catalog.pg_namespace.nspname != $7::VARCHAR"}
{"asctime": "2026-03-23 13:40:59,232", "level": "INFO", "logger": "sqlalchemy.engine.Engine", "message": "[cached since 0.01087s ago] ('health_metrics', 'r', 'p', 'f', 'v', 'm', 'pg_catalog')"}
{"asctime": "2026-03-23 13:40:59,232", "level": "INFO", "logger": "sqlalchemy.engine.Engine", "message": "SELECT pg_catalog.pg_class.relname \nFROM pg_catalog.pg_class JOIN pg_catalog.pg_namespace ON pg_catalog.pg_namespace.oid = pg_catalog.pg_class.relnamespace \nWHERE pg_catalog.pg_class.relname = $1::VARCHAR AND pg_catalog.pg_class.relkind = ANY (ARRAY[$2::VARCHAR, $3::VARCHAR, $4::VARCHAR, $5::VARCHAR, $6::VARCHAR]) AND pg_catalog.pg_table_is_visible(pg_catalog.pg_class.oid) AND pg_catalog.pg_namespace.nspname != $7::VARCHAR"}
{"asctime": "2026-03-23 13:40:59,232", "level": "INFO", "logger": "sqlalchemy.engine.Engine", "message": "[cached since 0.01181s ago] ('emergency_contacts', 'r', 'p', 'f', 'v', 'm', 'pg_catalog')"}
{"asctime": "2026-03-23 13:40:59,233", "level": "INFO", "logger": "sqlalchemy.engine.Engine", "message": "SELECT pg_catalog.pg_class.relname \nFROM pg_catalog.pg_class JOIN pg_catalog.pg_namespace ON pg_catalog.pg_namespace.oid = pg_catalog.pg_class.relnamespace \nWHERE pg_catalog.pg_class.relname = $1::VARCHAR AND pg_catalog.pg_class.relkind = ANY (ARRAY[$2::VARCHAR, $3::VARCHAR, $4::VARCHAR, $5::VARCHAR, $6::VARCHAR]) AND pg_catalog.pg_table_is_visible(pg_catalog.pg_class.oid) AND pg_catalog.pg_namespace.nspname != $7::VARCHAR"}
{"asctime": "2026-03-23 13:40:59,234", "level": "INFO", "logger": "sqlalchemy.engine.Engine", "message": "[cached since 0.01298s ago] ('ai_conversations', 'r', 'p', 'f', 'v', 'm', 'pg_catalog')"}
{"asctime": "2026-03-23 13:40:59,234", "level": "INFO", "logger": "sqlalchemy.engine.Engine", "message": "COMMIT"}
{"asctime": "2026-03-23 13:41:01,235", "level": "INFO", "logger": "sqlalchemy.engine.Engine", "message": "select pg_catalog.version()"}
{"asctime": "2026-03-23 13:41:01,236", "level": "INFO", "logger": "sqlalchemy.engine.Engine", "message": "[raw sql] ()"}
{"asctime": "2026-03-23 13:41:01,237", "level": "INFO", "logger": "sqlalchemy.engine.Engine", "message": "select current_schema()"}
{"asctime": "2026-03-23 13:41:01,237", "level": "INFO", "logger": "sqlalchemy.engine.Engine", "message": "[raw sql] ()"}
{"asctime": "2026-03-23 13:41:01,238", "level": "INFO", "logger": "sqlalchemy.engine.Engine", "message": "show standard_conforming_strings"}
{"asctime": "2026-03-23 13:41:01,238", "level": "INFO", "logger": "sqlalchemy.engine.Engine", "message": "[raw sql] ()"}
{"asctime": "2026-03-23 13:41:01,239", "level": "INFO", "logger": "sqlalchemy.engine.Engine", "message": "BEGIN (implicit)"}
{"asctime": "2026-03-23 13:41:01,242", "level": "INFO", "logger": "sqlalchemy.engine.Engine", "message": "SELECT pg_catalog.pg_class.relname \nFROM pg_catalog.pg_class JOIN pg_catalog.pg_namespace ON pg_catalog.pg_namespace.oid = pg_catalog.pg_class.relnamespace \nWHERE pg_catalog.pg_class.relname = $1::VARCHAR AND pg_catalog.pg_class.relkind = ANY (ARRAY[$2::VARCHAR, $3::VARCHAR, $4::VARCHAR, $5::VARCHAR, $6::VARCHAR]) AND pg_catalog.pg_table_is_visible(pg_catalog.pg_class.oid) AND pg_catalog.pg_namespace.nspname != $7::VARCHAR"}
{"asctime": "2026-03-23 13:41:01,243", "level": "INFO", "logger": "sqlalchemy.engine.Engine", "message": "[generated in 0.00047s] ('users', 'r', 'p', 'f', 'v', 'm', 'pg_catalog')"}
{"asctime": "2026-03-23 13:41:01,249", "level": "INFO", "logger": "sqlalchemy.engine.Engine", "message": "SELECT pg_catalog.pg_class.relname \nFROM pg_catalog.pg_class JOIN pg_catalog.pg_namespace ON pg_catalog.pg_namespace.oid = pg_catalog.pg_class.relnamespace \nWHERE pg_catalog.pg_class.relname = $1::VARCHAR AND pg_catalog.pg_class.relkind = ANY (ARRAY[$2::VARCHAR, $3::VARCHAR, $4::VARCHAR, $5::VARCHAR, $6::VARCHAR]) AND pg_catalog.pg_table_is_visible(pg_catalog.pg_class.oid) AND pg_catalog.pg_namespace.nspname != $7::VARCHAR"}
{"asctime": "2026-03-23 13:41:01,250", "level": "INFO", "logger": "sqlalchemy.engine.Engine", "message": "[cached since 0.007018s ago] ('otps', 'r', 'p', 'f', 'v', 'm', 'pg_catalog')"}
{"asctime": "2026-03-23 13:41:01,250", "level": "INFO", "logger": "sqlalchemy.engine.Engine", "message": "SELECT pg_catalog.pg_class.relname \nFROM pg_catalog.pg_class JOIN pg_catalog.pg_namespace ON pg_catalog.pg_namespace.oid = pg_catalog.pg_class.relnamespace \nWHERE pg_catalog.pg_class.relname = $1::VARCHAR AND pg_catalog.pg_class.relkind = ANY (ARRAY[$2::VARCHAR, $3::VARCHAR, $4::VARCHAR, $5::VARCHAR, $6::VARCHAR]) AND pg_catalog.pg_table_is_visible(pg_catalog.pg_class.oid) AND pg_catalog.pg_namespace.nspname != $7::VARCHAR"}
{"asctime": "2026-03-23 13:41:01,251", "level": "INFO", "logger": "sqlalchemy.engine.Engine", "message": "[cached since 0.008279s ago] ('family_members', 'r', 'p', 'f', 'v', 'm', 'pg_catalog')"}
{"asctime": "2026-03-23 13:41:01,252", "level": "INFO", "logger": "sqlalchemy.engine.Engine", "message": "SELECT pg_catalog.pg_class.relname \nFROM pg_catalog.pg_class JOIN pg_catalog.pg_namespace ON pg_catalog.pg_namespace.oid = pg_catalog.pg_class.relnamespace \nWHERE pg_catalog.pg_class.relname = $1::VARCHAR AND pg_catalog.pg_class.relkind = ANY (ARRAY[$2::VARCHAR, $3::VARCHAR, $4::VARCHAR, $5::VARCHAR, $6::VARCHAR]) AND pg_catalog.pg_table_is_visible(pg_catalog.pg_class.oid) AND pg_catalog.pg_namespace.nspname != $7::VARCHAR"}
{"asctime": "2026-03-23 13:41:01,252", "level": "INFO", "logger": "sqlalchemy.engine.Engine", "message": "[cached since 0.009481s ago] ('medical_records', 'r', 'p', 'f', 'v', 'm', 'pg_catalog')"}
{"asctime": "2026-03-23 13:41:01,252", "level": "INFO", "logger": "sqlalchemy.engine.Engine", "message": "SELECT pg_catalog.pg_class.relname \nFROM pg_catalog.pg_class JOIN pg_catalog.pg_namespace ON pg_catalog.pg_namespace.oid = pg_catalog.pg_class.relnamespace \nWHERE pg_catalog.pg_class.relname = $1::VARCHAR AND pg_catalog.pg_class.relkind = ANY (ARRAY[$2::VARCHAR, $3::VARCHAR, $4::VARCHAR, $5::VARCHAR, $6::VARCHAR]) AND pg_catalog.pg_table_is_visible(pg_catalog.pg_class.oid) AND pg_catalog.pg_namespace.nspname != $7::VARCHAR"}
{"asctime": "2026-03-23 13:41:01,253", "level": "INFO", "logger": "sqlalchemy.engine.Engine", "message": "[cached since 0.01064s ago] ('prescriptions', 'r', 'p', 'f', 'v', 'm', 'pg_catalog')"}
{"asctime": "2026-03-23 13:41:01,253", "level": "INFO", "logger": "sqlalchemy.engine.Engine", "message": "SELECT pg_catalog.pg_class.relname \nFROM pg_catalog.pg_class JOIN pg_catalog.pg_namespace ON pg_catalog.pg_namespace.oid = pg_catalog.pg_class.relnamespace \nWHERE pg_catalog.pg_class.relname = $1::VARCHAR AND pg_catalog.pg_class.relkind = ANY (ARRAY[$2::VARCHAR, $3::VARCHAR, $4::VARCHAR, $5::VARCHAR, $6::VARCHAR]) AND pg_catalog.pg_table_is_visible(pg_catalog.pg_class.oid) AND pg_catalog.pg_namespace.nspname != $7::VARCHAR"}
{"asctime": "2026-03-23 13:41:01,254", "level": "INFO", "logger": "sqlalchemy.engine.Engine", "message": "[cached since 0.01166s ago] ('medicines', 'r', 'p', 'f', 'v', 'm', 'pg_catalog')"}
{"asctime": "2026-03-23 13:41:01,254", "level": "INFO", "logger": "sqlalchemy.engine.Engine", "message": "SELECT pg_catalog.pg_class.relname \nFROM pg_catalog.pg_class JOIN pg_catalog.pg_namespace ON pg_catalog.pg_namespace.oid = pg_catalog.pg_class.relnamespace \nWHERE pg_catalog.pg_class.relname = $1::VARCHAR AND pg_catalog.pg_class.relkind = ANY (ARRAY[$2::VARCHAR, $3::VARCHAR, $4::VARCHAR, $5::VARCHAR, $6::VARCHAR]) AND pg_catalog.pg_table_is_visible(pg_catalog.pg_class.oid) AND pg_catalog.pg_namespace.nspname != $7::VARCHAR"}
{"asctime": "2026-03-23 13:41:01,256", "level": "INFO", "logger": "sqlalchemy.engine.Engine", "message": "[cached since 0.01272s ago] ('medication_schedules', 'r', 'p', 'f', 'v', 'm', 'pg_catalog')"}
{"asctime": "2026-03-23 13:41:01,256", "level": "INFO", "logger": "sqlalchemy.engine.Engine", "message": "SELECT pg_catalog.pg_class.relname \nFROM pg_catalog.pg_class JOIN pg_catalog.pg_namespace ON pg_catalog.pg_namespace.oid = pg_catalog.pg_class.relnamespace \nWHERE pg_catalog.pg_class.relname = $1::VARCHAR AND pg_catalog.pg_class.relkind = ANY (ARRAY[$2::VARCHAR, $3::VARCHAR, $4::VARCHAR, $5::VARCHAR, $6::VARCHAR]) AND pg_catalog.pg_table_is_visible(pg_catalog.pg_class.oid) AND pg_catalog.pg_namespace.nspname != $7::VARCHAR"}
{"asctime": "2026-03-23 13:41:01,257", "level": "INFO", "logger": "sqlalchemy.engine.Engine", "message": "[cached since 0.01374s ago] ('health_metrics', 'r', 'p', 'f', 'v', 'm', 'pg_catalog')"}
{"asctime": "2026-03-23 13:41:01,257", "level": "INFO", "logger": "sqlalchemy.engine.Engine", "message": "SELECT pg_catalog.pg_class.relname \nFROM pg_catalog.pg_class JOIN pg_catalog.pg_namespace ON pg_catalog.pg_namespace.oid = pg_catalog.pg_class.relnamespace \nWHERE pg_catalog.pg_class.relname = $1::VARCHAR AND pg_catalog.pg_class.relkind = ANY (ARRAY[$2::VARCHAR, $3::VARCHAR, $4::VARCHAR, $5::VARCHAR, $6::VARCHAR]) AND pg_catalog.pg_table_is_visible(pg_catalog.pg_class.oid) AND pg_catalog.pg_namespace.nspname != $7::VARCHAR"}
{"asctime": "2026-03-23 13:41:01,258", "level": "INFO", "logger": "sqlalchemy.engine.Engine", "message": "[cached since 0.0148s ago] ('emergency_contacts', 'r', 'p', 'f', 'v', 'm', 'pg_catalog')"}
{"asctime": "2026-03-23 13:41:01,258", "level": "INFO", "logger": "sqlalchemy.engine.Engine", "message": "SELECT pg_catalog.pg_class.relname \nFROM pg_catalog.pg_class JOIN pg_catalog.pg_namespace ON pg_catalog.pg_namespace.oid = pg_catalog.pg_class.relnamespace \nWHERE pg_catalog.pg_class.relname = $1::VARCHAR AND pg_catalog.pg_class.relkind = ANY (ARRAY[$2::VARCHAR, $3::VARCHAR, $4::VARCHAR, $5::VARCHAR, $6::VARCHAR]) AND pg_catalog.pg_table_is_visible(pg_catalog.pg_class.oid) AND pg_catalog.pg_namespace.nspname != $7::VARCHAR"}
{"asctime": "2026-03-23 13:41:01,258", "level": "INFO", "logger": "sqlalchemy.engine.Engine", "message": "[cached since 0.01576s ago] ('ai_conversations', 'r', 'p', 'f', 'v', 'm', 'pg_catalog')"}
{"asctime": "2026-03-23 13:41:01,258", "level": "INFO", "logger": "sqlalchemy.engine.Engine", "message": "COMMIT"}
{"asctime": "2026-03-23 13:41:03,296", "level": "INFO", "logger": "sqlalchemy.engine.Engine", "message": "select pg_catalog.version()"}
{"asctime": "2026-03-23 13:41:03,297", "level": "INFO", "logger": "sqlalchemy.engine.Engine", "message": "[raw sql] ()"}
{"asctime": "2026-03-23 13:41:03,299", "level": "INFO", "logger": "sqlalchemy.engine.Engine", "message": "select current_schema()"}
{"asctime": "2026-03-23 13:41:03,300", "level": "INFO", "logger": "sqlalchemy.engine.Engine", "message": "[raw sql] ()"}
{"asctime": "2026-03-23 13:41:03,301", "level": "INFO", "logger": "sqlalchemy.engine.Engine", "message": "show standard_conforming_strings"}
{"asctime": "2026-03-23 13:41:03,301", "level": "INFO", "logger": "sqlalchemy.engine.Engine", "message": "[raw sql] ()"}
{"asctime": "2026-03-23 13:41:03,303", "level": "INFO", "logger": "sqlalchemy.engine.Engine", "message": "BEGIN (implicit)"}
{"asctime": "2026-03-23 13:41:03,305", "level": "INFO", "logger": "sqlalchemy.engine.Engine", "message": "SELECT pg_catalog.pg_class.relname \nFROM pg_catalog.pg_class JOIN pg_catalog.pg_namespace ON pg_catalog.pg_namespace.oid = pg_catalog.pg_class.relnamespace \nWHERE pg_catalog.pg_class.relname = $1::VARCHAR AND pg_catalog.pg_class.relkind = ANY (ARRAY[$2::VARCHAR, $3::VARCHAR, $4::VARCHAR, $5::VARCHAR, $6::VARCHAR]) AND pg_catalog.pg_table_is_visible(pg_catalog.pg_class.oid) AND pg_catalog.pg_namespace.nspname != $7::VARCHAR"}
{"asctime": "2026-03-23 13:41:03,306", "level": "INFO", "logger": "sqlalchemy.engine.Engine", "message": "[generated in 0.00035s] ('users', 'r', 'p', 'f', 'v', 'm', 'pg_catalog')"}
{"asctime": "2026-03-23 13:41:03,311", "level": "INFO", "logger": "sqlalchemy.engine.Engine", "message": "SELECT pg_catalog.pg_class.relname \nFROM pg_catalog.pg_class JOIN pg_catalog.pg_namespace ON pg_catalog.pg_namespace.oid = pg_catalog.pg_class.relnamespace \nWHERE pg_catalog.pg_class.relname = $1::VARCHAR AND pg_catalog.pg_class.relkind = ANY (ARRAY[$2::VARCHAR, $3::VARCHAR, $4::VARCHAR, $5::VARCHAR, $6::VARCHAR]) AND pg_catalog.pg_table_is_visible(pg_catalog.pg_class.oid) AND pg_catalog.pg_namespace.nspname != $7::VARCHAR"}
{"asctime": "2026-03-23 13:41:03,311", "level": "INFO", "logger": "sqlalchemy.engine.Engine", "message": "[cached since 0.005014s ago] ('otps', 'r', 'p', 'f', 'v', 'm', 'pg_catalog')"}
{"asctime": "2026-03-23 13:41:03,312", "level": "INFO", "logger": "sqlalchemy.engine.Engine", "message": "SELECT pg_catalog.pg_class.relname \nFROM pg_catalog.pg_class JOIN pg_catalog.pg_namespace ON pg_catalog.pg_namespace.oid = pg_catalog.pg_class.relnamespace \nWHERE pg_catalog.pg_class.relname = $1::VARCHAR AND pg_catalog.pg_class.relkind = ANY (ARRAY[$2::VARCHAR, $3::VARCHAR, $4::VARCHAR, $5::VARCHAR, $6::VARCHAR]) AND pg_catalog.pg_table_is_visible(pg_catalog.pg_class.oid) AND pg_catalog.pg_namespace.nspname != $7::VARCHAR"}
{"asctime": "2026-03-23 13:41:03,312", "level": "INFO", "logger": "sqlalchemy.engine.Engine", "message": "[cached since 0.006313s ago] ('family_members', 'r', 'p', 'f', 'v', 'm', 'pg_catalog')"}
{"asctime": "2026-03-23 13:41:03,312", "level": "INFO", "logger": "sqlalchemy.engine.Engine", "message": "SELECT pg_catalog.pg_class.relname \nFROM pg_catalog.pg_class JOIN pg_catalog.pg_namespace ON pg_catalog.pg_namespace.oid = pg_catalog.pg_class.relnamespace \nWHERE pg_catalog.pg_class.relname = $1::VARCHAR AND pg_catalog.pg_class.relkind = ANY (ARRAY[$2::VARCHAR, $3::VARCHAR, $4::VARCHAR, $5::VARCHAR, $6::VARCHAR]) AND pg_catalog.pg_table_is_visible(pg_catalog.pg_class.oid) AND pg_catalog.pg_namespace.nspname != $7::VARCHAR"}
{"asctime": "2026-03-23 13:41:03,312", "level": "INFO", "logger": "sqlalchemy.engine.Engine", "message": "[cached since 0.007115s ago] ('medical_records', 'r', 'p', 'f', 'v', 'm', 'pg_catalog')"}
{"asctime": "2026-03-23 13:41:03,313", "level": "INFO", "logger": "sqlalchemy.engine.Engine", "message": "SELECT pg_catalog.pg_class.relname \nFROM pg_catalog.pg_class JOIN pg_catalog.pg_namespace ON pg_catalog.pg_namespace.oid = pg_catalog.pg_class.relnamespace \nWHERE pg_catalog.pg_class.relname = $1::VARCHAR AND pg_catalog.pg_class.relkind = ANY (ARRAY[$2::VARCHAR, $3::VARCHAR, $4::VARCHAR, $5::VARCHAR, $6::VARCHAR]) AND pg_catalog.pg_table_is_visible(pg_catalog.pg_class.oid) AND pg_catalog.pg_namespace.nspname != $7::VARCHAR"}
{"asctime": "2026-03-23 13:41:03,313", "level": "INFO", "logger": "sqlalchemy.engine.Engine", "message": "[cached since 0.008151s ago] ('prescriptions', 'r', 'p', 'f', 'v', 'm', 'pg_catalog')"}
{"asctime": "2026-03-23 13:41:03,313", "level": "INFO", "logger": "sqlalchemy.engine.Engine", "message": "SELECT pg_catalog.pg_class.relname \nFROM pg_catalog.pg_class JOIN pg_catalog.pg_namespace ON pg_catalog.pg_namespace.oid = pg_catalog.pg_class.relnamespace \nWHERE pg_catalog.pg_class.relname = $1::VARCHAR AND pg_catalog.pg_class.relkind = ANY (ARRAY[$2::VARCHAR, $3::VARCHAR, $4::VARCHAR, $5::VARCHAR, $6::VARCHAR]) AND pg_catalog.pg_table_is_visible(pg_catalog.pg_class.oid) AND pg_catalog.pg_namespace.nspname != $7::VARCHAR"}
{"asctime": "2026-03-23 13:41:03,315", "level": "INFO", "logger": "sqlalchemy.engine.Engine", "message": "[cached since 0.008906s ago] ('medicines', 'r', 'p', 'f', 'v', 'm', 'pg_catalog')"}
{"asctime": "2026-03-23 13:41:03,315", "level": "INFO", "logger": "sqlalchemy.engine.Engine", "message": "SELECT pg_catalog.pg_class.relname \nFROM pg_catalog.pg_class JOIN pg_catalog.pg_namespace ON pg_catalog.pg_namespace.oid = pg_catalog.pg_class.relnamespace \nWHERE pg_catalog.pg_class.relname = $1::VARCHAR AND pg_catalog.pg_class.relkind = ANY (ARRAY[$2::VARCHAR, $3::VARCHAR, $4::VARCHAR, $5::VARCHAR, $6::VARCHAR]) AND pg_catalog.pg_table_is_visible(pg_catalog.pg_class.oid) AND pg_catalog.pg_namespace.nspname != $7::VARCHAR"}
{"asctime": "2026-03-23 13:41:03,316", "level": "INFO", "logger": "sqlalchemy.engine.Engine", "message": "[cached since 0.009944s ago] ('medication_schedules', 'r', 'p', 'f', 'v', 'm', 'pg_catalog')"}
{"asctime": "2026-03-23 13:41:03,316", "level": "INFO", "logger": "sqlalchemy.engine.Engine", "message": "SELECT pg_catalog.pg_class.relname \nFROM pg_catalog.pg_class JOIN pg_catalog.pg_namespace ON pg_catalog.pg_namespace.oid = pg_catalog.pg_class.relnamespace \nWHERE pg_catalog.pg_class.relname = $1::VARCHAR AND pg_catalog.pg_class.relkind = ANY (ARRAY[$2::VARCHAR, $3::VARCHAR, $4::VARCHAR, $5::VARCHAR, $6::VARCHAR]) AND pg_catalog.pg_table_is_visible(pg_catalog.pg_class.oid) AND pg_catalog.pg_namespace.nspname != $7::VARCHAR"}
{"asctime": "2026-03-23 13:41:03,317", "level": "INFO", "logger": "sqlalchemy.engine.Engine", "message": "[cached since 0.01084s ago] ('health_metrics', 'r', 'p', 'f', 'v', 'm', 'pg_catalog')"}
{"asctime": "2026-03-23 13:41:03,317", "level": "INFO", "logger": "sqlalchemy.engine.Engine", "message": "SELECT pg_catalog.pg_class.relname \nFROM pg_catalog.pg_class JOIN pg_catalog.pg_namespace ON pg_catalog.pg_namespace.oid = pg_catalog.pg_class.relnamespace \nWHERE pg_catalog.pg_class.relname = $1::VARCHAR AND pg_catalog.pg_class.relkind = ANY (ARRAY[$2::VARCHAR, $3::VARCHAR, $4::VARCHAR, $5::VARCHAR, $6::VARCHAR]) AND pg_catalog.pg_table_is_visible(pg_catalog.pg_class.oid) AND pg_catalog.pg_namespace.nspname != $7::VARCHAR"}
{"asctime": "2026-03-23 13:41:03,318", "level": "INFO", "logger": "sqlalchemy.engine.Engine", "message": "[cached since 0.01192s ago] ('emergency_contacts', 'r', 'p', 'f', 'v', 'm', 'pg_catalog')"}
{"asctime": "2026-03-23 13:41:03,318", "level": "INFO", "logger": "sqlalchemy.engine.Engine", "message": "SELECT pg_catalog.pg_class.relname \nFROM pg_catalog.pg_class JOIN pg_catalog.pg_namespace ON pg_catalog.pg_namespace.oid = pg_catalog.pg_class.relnamespace \nWHERE pg_catalog.pg_class.relname = $1::VARCHAR AND pg_catalog.pg_class.relkind = ANY (ARRAY[$2::VARCHAR, $3::VARCHAR, $4::VARCHAR, $5::VARCHAR, $6::VARCHAR]) AND pg_catalog.pg_table_is_visible(pg_catalog.pg_class.oid) AND pg_catalog.pg_namespace.nspname != $7::VARCHAR"}
{"asctime": "2026-03-23 13:41:03,319", "level": "INFO", "logger": "sqlalchemy.engine.Engine", "message": "[cached since 0.01288s ago] ('ai_conversations', 'r', 'p', 'f', 'v', 'm', 'pg_catalog')"}
{"asctime": "2026-03-23 13:41:03,319", "level": "INFO", "logger": "sqlalchemy.engine.Engine", "message": "COMMIT"}
{"asctime": "2026-03-23 13:41:20,270", "level": "INFO", "logger": "sqlalchemy.engine.Engine", "message": "select pg_catalog.version()"}
{"asctime": "2026-03-23 13:41:20,270", "level": "INFO", "logger": "sqlalchemy.engine.Engine", "message": "[raw sql] ()"}
{"asctime": "2026-03-23 13:41:20,272", "level": "INFO", "logger": "sqlalchemy.engine.Engine", "message": "select current_schema()"}
{"asctime": "2026-03-23 13:41:20,272", "level": "INFO", "logger": "sqlalchemy.engine.Engine", "message": "[raw sql] ()"}
{"asctime": "2026-03-23 13:41:20,273", "level": "INFO", "logger": "sqlalchemy.engine.Engine", "message": "show standard_conforming_strings"}
{"asctime": "2026-03-23 13:41:20,273", "level": "INFO", "logger": "sqlalchemy.engine.Engine", "message": "[raw sql] ()"}
{"asctime": "2026-03-23 13:41:20,275", "level": "INFO", "logger": "sqlalchemy.engine.Engine", "message": "BEGIN (implicit)"}
{"asctime": "2026-03-23 13:41:20,277", "level": "INFO", "logger": "sqlalchemy.engine.Engine", "message": "SELECT pg_catalog.pg_class.relname \nFROM pg_catalog.pg_class JOIN pg_catalog.pg_namespace ON pg_catalog.pg_namespace.oid = pg_catalog.pg_class.relnamespace \nWHERE pg_catalog.pg_class.relname = $1::VARCHAR AND pg_catalog.pg_class.relkind = ANY (ARRAY[$2::VARCHAR, $3::VARCHAR, $4::VARCHAR, $5::VARCHAR, $6::VARCHAR]) AND pg_catalog.pg_table_is_visible(pg_catalog.pg_class.oid) AND pg_catalog.pg_namespace.nspname != $7::VARCHAR"}
{"asctime": "2026-03-23 13:41:20,278", "level": "INFO", "logger": "sqlalchemy.engine.Engine", "message": "[generated in 0.00045s] ('users', 'r', 'p', 'f', 'v', 'm', 'pg_catalog')"}
{"asctime": "2026-03-23 13:41:20,283", "level": "INFO", "logger": "sqlalchemy.engine.Engine", "message": "SELECT pg_catalog.pg_class.relname \nFROM pg_catalog.pg_class JOIN pg_catalog.pg_namespace ON pg_catalog.pg_namespace.oid = pg_catalog.pg_class.relnamespace \nWHERE pg_catalog.pg_class.relname = $1::VARCHAR AND pg_catalog.pg_class.relkind = ANY (ARRAY[$2::VARCHAR, $3::VARCHAR, $4::VARCHAR, $5::VARCHAR, $6::VARCHAR]) AND pg_catalog.pg_table_is_visible(pg_catalog.pg_class.oid) AND pg_catalog.pg_namespace.nspname != $7::VARCHAR"}
{"asctime": "2026-03-23 13:41:20,283", "level": "INFO", "logger": "sqlalchemy.engine.Engine", "message": "[cached since 0.005445s ago] ('otps', 'r', 'p', 'f', 'v', 'm', 'pg_catalog')"}
{"asctime": "2026-03-23 13:41:20,283", "level": "INFO", "logger": "sqlalchemy.engine.Engine", "message": "SELECT pg_catalog.pg_class.relname \nFROM pg_catalog.pg_class JOIN pg_catalog.pg_namespace ON pg_catalog.pg_namespace.oid = pg_catalog.pg_class.relnamespace \nWHERE pg_catalog.pg_class.relname = $1::VARCHAR AND pg_catalog.pg_class.relkind = ANY (ARRAY[$2::VARCHAR, $3::VARCHAR, $4::VARCHAR, $5::VARCHAR, $6::VARCHAR]) AND pg_catalog.pg_table_is_visible(pg_catalog.pg_class.oid) AND pg_catalog.pg_namespace.nspname != $7::VARCHAR"}
{"asctime": "2026-03-23 13:41:20,283", "level": "INFO", "logger": "sqlalchemy.engine.Engine", "message": "[cached since 0.006392s ago] ('family_members', 'r', 'p', 'f', 'v', 'm', 'pg_catalog')"}
{"asctime": "2026-03-23 13:41:20,285", "level": "INFO", "logger": "sqlalchemy.engine.Engine", "message": "SELECT pg_catalog.pg_class.relname \nFROM pg_catalog.pg_class JOIN pg_catalog.pg_namespace ON pg_catalog.pg_namespace.oid = pg_catalog.pg_class.relnamespace \nWHERE pg_catalog.pg_class.relname = $1::VARCHAR AND pg_catalog.pg_class.relkind = ANY (ARRAY[$2::VARCHAR, $3::VARCHAR, $4::VARCHAR, $5::VARCHAR, $6::VARCHAR]) AND pg_catalog.pg_table_is_visible(pg_catalog.pg_class.oid) AND pg_catalog.pg_namespace.nspname != $7::VARCHAR"}
{"asctime": "2026-03-23 13:41:20,285", "level": "INFO", "logger": "sqlalchemy.engine.Engine", "message": "[cached since 0.007472s ago] ('medical_records', 'r', 'p', 'f', 'v', 'm', 'pg_catalog')"}
{"asctime": "2026-03-23 13:41:20,286", "level": "INFO", "logger": "sqlalchemy.engine.Engine", "message": "SELECT pg_catalog.pg_class.relname \nFROM pg_catalog.pg_class JOIN pg_catalog.pg_namespace ON pg_catalog.pg_namespace.oid = pg_catalog.pg_class.relnamespace \nWHERE pg_catalog.pg_class.relname = $1::VARCHAR AND pg_catalog.pg_class.relkind = ANY (ARRAY[$2::VARCHAR, $3::VARCHAR, $4::VARCHAR, $5::VARCHAR, $6::VARCHAR]) AND pg_catalog.pg_table_is_visible(pg_catalog.pg_class.oid) AND pg_catalog.pg_namespace.nspname != $7::VARCHAR"}
{"asctime": "2026-03-23 13:41:20,286", "level": "INFO", "logger": "sqlalchemy.engine.Engine", "message": "[cached since 0.00855s ago] ('prescriptions', 'r', 'p', 'f', 'v', 'm', 'pg_catalog')"}
{"asctime": "2026-03-23 13:41:20,287", "level": "INFO", "logger": "sqlalchemy.engine.Engine", "message": "SELECT pg_catalog.pg_class.relname \nFROM pg_catalog.pg_class JOIN pg_catalog.pg_namespace ON pg_catalog.pg_namespace.oid = pg_catalog.pg_class.relnamespace \nWHERE pg_catalog.pg_class.relname = $1::VARCHAR AND pg_catalog.pg_class.relkind = ANY (ARRAY[$2::VARCHAR, $3::VARCHAR, $4::VARCHAR, $5::VARCHAR, $6::VARCHAR]) AND pg_catalog.pg_table_is_visible(pg_catalog.pg_class.oid) AND pg_catalog.pg_namespace.nspname != $7::VARCHAR"}
{"asctime": "2026-03-23 13:41:20,287", "level": "INFO", "logger": "sqlalchemy.engine.Engine", "message": "[cached since 0.009345s ago] ('medicines', 'r', 'p', 'f', 'v', 'm', 'pg_catalog')"}
{"asctime": "2026-03-23 13:41:20,288", "level": "INFO", "logger": "sqlalchemy.engine.Engine", "message": "SELECT pg_catalog.pg_class.relname \nFROM pg_catalog.pg_class JOIN pg_catalog.pg_namespace ON pg_catalog.pg_namespace.oid = pg_catalog.pg_class.relnamespace \nWHERE pg_catalog.pg_class.relname = $1::VARCHAR AND pg_catalog.pg_class.relkind = ANY (ARRAY[$2::VARCHAR, $3::VARCHAR, $4::VARCHAR, $5::VARCHAR, $6::VARCHAR]) AND pg_catalog.pg_table_is_visible(pg_catalog.pg_class.oid) AND pg_catalog.pg_namespace.nspname != $7::VARCHAR"}
{"asctime": "2026-03-23 13:41:20,288", "level": "INFO", "logger": "sqlalchemy.engine.Engine", "message": "[cached since 0.01031s ago] ('medication_schedules', 'r', 'p', 'f', 'v', 'm', 'pg_catalog')"}
{"asctime": "2026-03-23 13:41:20,289", "level": "INFO", "logger": "sqlalchemy.engine.Engine", "message": "SELECT pg_catalog.pg_class.relname \nFROM pg_catalog.pg_class JOIN pg_catalog.pg_namespace ON pg_catalog.pg_namespace.oid = pg_catalog.pg_class.relnamespace \nWHERE pg_catalog.pg_class.relname = $1::VARCHAR AND pg_catalog.pg_class.relkind = ANY (ARRAY[$2::VARCHAR, $3::VARCHAR, $4::VARCHAR, $5::VARCHAR, $6::VARCHAR]) AND pg_catalog.pg_table_is_visible(pg_catalog.pg_class.oid) AND pg_catalog.pg_namespace.nspname != $7::VARCHAR"}
{"asctime": "2026-03-23 13:41:20,289", "level": "INFO", "logger": "sqlalchemy.engine.Engine", "message": "[cached since 0.01114s ago] ('health_metrics', 'r', 'p', 'f', 'v', 'm', 'pg_catalog')"}
{"asctime": "2026-03-23 13:41:20,289", "level": "INFO", "logger": "sqlalchemy.engine.Engine", "message": "SELECT pg_catalog.pg_class.relname \nFROM pg_catalog.pg_class JOIN pg_catalog.pg_namespace ON pg_catalog.pg_namespace.oid = pg_catalog.pg_class.relnamespace \nWHERE pg_catalog.pg_class.relname = $1::VARCHAR AND pg_catalog.pg_class.relkind = ANY (ARRAY[$2::VARCHAR, $3::VARCHAR, $4::VARCHAR, $5::VARCHAR, $6::VARCHAR]) AND pg_catalog.pg_table_is_visible(pg_catalog.pg_class.oid) AND pg_catalog.pg_namespace.nspname != $7::VARCHAR"}
{"asctime": "2026-03-23 13:41:20,290", "level": "INFO", "logger": "sqlalchemy.engine.Engine", "message": "[cached since 0.01203s ago] ('emergency_contacts', 'r', 'p', 'f', 'v', 'm', 'pg_catalog')"}
{"asctime": "2026-03-23 13:41:20,290", "level": "INFO", "logger": "sqlalchemy.engine.Engine", "message": "SELECT pg_catalog.pg_class.relname \nFROM pg_catalog.pg_class JOIN pg_catalog.pg_namespace ON pg_catalog.pg_namespace.oid = pg_catalog.pg_class.relnamespace \nWHERE pg_catalog.pg_class.relname = $1::VARCHAR AND pg_catalog.pg_class.relkind = ANY (ARRAY[$2::VARCHAR, $3::VARCHAR, $4::VARCHAR, $5::VARCHAR, $6::VARCHAR]) AND pg_catalog.pg_table_is_visible(pg_catalog.pg_class.oid) AND pg_catalog.pg_namespace.nspname != $7::VARCHAR"}
{"asctime": "2026-03-23 13:41:20,291", "level": "INFO", "logger": "sqlalchemy.engine.Engine", "message": "[cached since 0.01309s ago] ('ai_conversations', 'r', 'p', 'f', 'v', 'm', 'pg_catalog')"}
{"asctime": "2026-03-23 13:41:20,291", "level": "INFO", "logger": "sqlalchemy.engine.Engine", "message": "COMMIT"}
{"asctime": "2026-03-23 13:41:28,665", "level": "INFO", "logger": "sqlalchemy.engine.Engine", "message": "select pg_catalog.version()"}
{"asctime": "2026-03-23 13:41:28,666", "level": "INFO", "logger": "sqlalchemy.engine.Engine", "message": "[raw sql] ()"}
{"asctime": "2026-03-23 13:41:28,667", "level": "INFO", "logger": "sqlalchemy.engine.Engine", "message": "select current_schema()"}
{"asctime": "2026-03-23 13:41:28,667", "level": "INFO", "logger": "sqlalchemy.engine.Engine", "message": "[raw sql] ()"}
{"asctime": "2026-03-23 13:41:28,668", "level": "INFO", "logger": "sqlalchemy.engine.Engine", "message": "show standard_conforming_strings"}
{"asctime": "2026-03-23 13:41:28,668", "level": "INFO", "logger": "sqlalchemy.engine.Engine", "message": "[raw sql] ()"}
{"asctime": "2026-03-23 13:41:28,669", "level": "INFO", "logger": "sqlalchemy.engine.Engine", "message": "BEGIN (implicit)"}
{"asctime": "2026-03-23 13:41:28,672", "level": "INFO", "logger": "sqlalchemy.engine.Engine", "message": "SELECT pg_catalog.pg_class.relname \nFROM pg_catalog.pg_class JOIN pg_catalog.pg_namespace ON pg_catalog.pg_namespace.oid = pg_catalog.pg_class.relnamespace \nWHERE pg_catalog.pg_class.relname = $1::VARCHAR AND pg_catalog.pg_class.relkind = ANY (ARRAY[$2::VARCHAR, $3::VARCHAR, $4::VARCHAR, $5::VARCHAR, $6::VARCHAR]) AND pg_catalog.pg_table_is_visible(pg_catalog.pg_class.oid) AND pg_catalog.pg_namespace.nspname != $7::VARCHAR"}
{"asctime": "2026-03-23 13:41:28,674", "level": "INFO", "logger": "sqlalchemy.engine.Engine", "message": "[generated in 0.00259s] ('users', 'r', 'p', 'f', 'v', 'm', 'pg_catalog')"}
{"asctime": "2026-03-23 13:41:28,680", "level": "INFO", "logger": "sqlalchemy.engine.Engine", "message": "SELECT pg_catalog.pg_class.relname \nFROM pg_catalog.pg_class JOIN pg_catalog.pg_namespace ON pg_catalog.pg_namespace.oid = pg_catalog.pg_class.relnamespace \nWHERE pg_catalog.pg_class.relname = $1::VARCHAR AND pg_catalog.pg_class.relkind = ANY (ARRAY[$2::VARCHAR, $3::VARCHAR, $4::VARCHAR, $5::VARCHAR, $6::VARCHAR]) AND pg_catalog.pg_table_is_visible(pg_catalog.pg_class.oid) AND pg_catalog.pg_namespace.nspname != $7::VARCHAR"}
{"asctime": "2026-03-23 13:41:28,681", "level": "INFO", "logger": "sqlalchemy.engine.Engine", "message": "[cached since 0.008374s ago] ('otps', 'r', 'p', 'f', 'v', 'm', 'pg_catalog')"}
{"asctime": "2026-03-23 13:41:28,681", "level": "INFO", "logger": "sqlalchemy.engine.Engine", "message": "SELECT pg_catalog.pg_class.relname \nFROM pg_catalog.pg_class JOIN pg_catalog.pg_namespace ON pg_catalog.pg_namespace.oid = pg_catalog.pg_class.relnamespace \nWHERE pg_catalog.pg_class.relname = $1::VARCHAR AND pg_catalog.pg_class.relkind = ANY (ARRAY[$2::VARCHAR, $3::VARCHAR, $4::VARCHAR, $5::VARCHAR, $6::VARCHAR]) AND pg_catalog.pg_table_is_visible(pg_catalog.pg_class.oid) AND pg_catalog.pg_namespace.nspname != $7::VARCHAR"}
{"asctime": "2026-03-23 13:41:28,681", "level": "INFO", "logger": "sqlalchemy.engine.Engine", "message": "[cached since 0.009224s ago] ('family_members', 'r', 'p', 'f', 'v', 'm', 'pg_catalog')"}
{"asctime": "2026-03-23 13:41:28,682", "level": "INFO", "logger": "sqlalchemy.engine.Engine", "message": "SELECT pg_catalog.pg_class.relname \nFROM pg_catalog.pg_class JOIN pg_catalog.pg_namespace ON pg_catalog.pg_namespace.oid = pg_catalog.pg_class.relnamespace \nWHERE pg_catalog.pg_class.relname = $1::VARCHAR AND pg_catalog.pg_class.relkind = ANY (ARRAY[$2::VARCHAR, $3::VARCHAR, $4::VARCHAR, $5::VARCHAR, $6::VARCHAR]) AND pg_catalog.pg_table_is_visible(pg_catalog.pg_class.oid) AND pg_catalog.pg_namespace.nspname != $7::VARCHAR"}
{"asctime": "2026-03-23 13:41:28,682", "level": "INFO", "logger": "sqlalchemy.engine.Engine", "message": "[cached since 0.01006s ago] ('medical_records', 'r', 'p', 'f', 'v', 'm', 'pg_catalog')"}
{"asctime": "2026-03-23 13:41:28,683", "level": "INFO", "logger": "sqlalchemy.engine.Engine", "message": "SELECT pg_catalog.pg_class.relname \nFROM pg_catalog.pg_class JOIN pg_catalog.pg_namespace ON pg_catalog.pg_namespace.oid = pg_catalog.pg_class.relnamespace \nWHERE pg_catalog.pg_class.relname = $1::VARCHAR AND pg_catalog.pg_class.relkind = ANY (ARRAY[$2::VARCHAR, $3::VARCHAR, $4::VARCHAR, $5::VARCHAR, $6::VARCHAR]) AND pg_catalog.pg_table_is_visible(pg_catalog.pg_class.oid) AND pg_catalog.pg_namespace.nspname != $7::VARCHAR"}
{"asctime": "2026-03-23 13:41:28,683", "level": "INFO", "logger": "sqlalchemy.engine.Engine", "message": "[cached since 0.01071s ago] ('prescriptions', 'r', 'p', 'f', 'v', 'm', 'pg_catalog')"}
{"asctime": "2026-03-23 13:41:28,683", "level": "INFO", "logger": "sqlalchemy.engine.Engine", "message": "SELECT pg_catalog.pg_class.relname \nFROM pg_catalog.pg_class JOIN pg_catalog.pg_namespace ON pg_catalog.pg_namespace.oid = pg_catalog.pg_class.relnamespace \nWHERE pg_catalog.pg_class.relname = $1::VARCHAR AND pg_catalog.pg_class.relkind = ANY (ARRAY[$2::VARCHAR, $3::VARCHAR, $4::VARCHAR, $5::VARCHAR, $6::VARCHAR]) AND pg_catalog.pg_table_is_visible(pg_catalog.pg_class.oid) AND pg_catalog.pg_namespace.nspname != $7::VARCHAR"}
{"asctime": "2026-03-23 13:41:28,683", "level": "INFO", "logger": "sqlalchemy.engine.Engine", "message": "[cached since 0.01144s ago] ('medicines', 'r', 'p', 'f', 'v', 'm', 'pg_catalog')"}
{"asctime": "2026-03-23 13:41:28,685", "level": "INFO", "logger": "sqlalchemy.engine.Engine", "message": "SELECT pg_catalog.pg_class.relname \nFROM pg_catalog.pg_class JOIN pg_catalog.pg_namespace ON pg_catalog.pg_namespace.oid = pg_catalog.pg_class.relnamespace \nWHERE pg_catalog.pg_class.relname = $1::VARCHAR AND pg_catalog.pg_class.relkind = ANY (ARRAY[$2::VARCHAR, $3::VARCHAR, $4::VARCHAR, $5::VARCHAR, $6::VARCHAR]) AND pg_catalog.pg_table_is_visible(pg_catalog.pg_class.oid) AND pg_catalog.pg_namespace.nspname != $7::VARCHAR"}
{"asctime": "2026-03-23 13:41:28,685", "level": "INFO", "logger": "sqlalchemy.engine.Engine", "message": "[cached since 0.01232s ago] ('medication_schedules', 'r', 'p', 'f', 'v', 'm', 'pg_catalog')"}
{"asctime": "2026-03-23 13:41:28,686", "level": "INFO", "logger": "sqlalchemy.engine.Engine", "message": "SELECT pg_catalog.pg_class.relname \nFROM pg_catalog.pg_class JOIN pg_catalog.pg_namespace ON pg_catalog.pg_namespace.oid = pg_catalog.pg_class.relnamespace \nWHERE pg_catalog.pg_class.relname = $1::VARCHAR AND pg_catalog.pg_class.relkind = ANY (ARRAY[$2::VARCHAR, $3::VARCHAR, $4::VARCHAR, $5::VARCHAR, $6::VARCHAR]) AND pg_catalog.pg_table_is_visible(pg_catalog.pg_class.oid) AND pg_catalog.pg_namespace.nspname != $7::VARCHAR"}
{"asctime": "2026-03-23 13:41:28,686", "level": "INFO", "logger": "sqlalchemy.engine.Engine", "message": "[cached since 0.013s ago] ('health_metrics', 'r', 'p', 'f', 'v', 'm', 'pg_catalog')"}
{"asctime": "2026-03-23 13:41:28,687", "level": "INFO", "logger": "sqlalchemy.engine.Engine", "message": "SELECT pg_catalog.pg_class.relname \nFROM pg_catalog.pg_class JOIN pg_catalog.pg_namespace ON pg_catalog.pg_namespace.oid = pg_catalog.pg_class.relnamespace \nWHERE pg_catalog.pg_class.relname = $1::VARCHAR AND pg_catalog.pg_class.relkind = ANY (ARRAY[$2::VARCHAR, $3::VARCHAR, $4::VARCHAR, $5::VARCHAR, $6::VARCHAR]) AND pg_catalog.pg_table_is_visible(pg_catalog.pg_class.oid) AND pg_catalog.pg_namespace.nspname != $7::VARCHAR"}
{"asctime": "2026-03-23 13:41:28,687", "level": "INFO", "logger": "sqlalchemy.engine.Engine", "message": "[cached since 0.01383s ago] ('emergency_contacts', 'r', 'p', 'f', 'v', 'm', 'pg_catalog')"}
{"asctime": "2026-03-23 13:41:28,687", "level": "INFO", "logger": "sqlalchemy.engine.Engine", "message": "SELECT pg_catalog.pg_class.relname \nFROM pg_catalog.pg_class JOIN pg_catalog.pg_namespace ON pg_catalog.pg_namespace.oid = pg_catalog.pg_class.relnamespace \nWHERE pg_catalog.pg_class.relname = $1::VARCHAR AND pg_catalog.pg_class.relkind = ANY (ARRAY[$2::VARCHAR, $3::VARCHAR, $4::VARCHAR, $5::VARCHAR, $6::VARCHAR]) AND pg_catalog.pg_table_is_visible(pg_catalog.pg_class.oid) AND pg_catalog.pg_namespace.nspname != $7::VARCHAR"}
{"asctime": "2026-03-23 13:41:28,687", "level": "INFO", "logger": "sqlalchemy.engine.Engine", "message": "[cached since 0.01444s ago] ('ai_conversations', 'r', 'p', 'f', 'v', 'm', 'pg_catalog')"}
{"asctime": "2026-03-23 13:41:28,688", "level": "INFO", "logger": "sqlalchemy.engine.Engine", "message": "COMMIT"}
{"asctime": "2026-03-23 13:41:33,125", "level": "INFO", "logger": "sqlalchemy.engine.Engine", "message": "select pg_catalog.version()"}
{"asctime": "2026-03-23 13:41:33,127", "level": "INFO", "logger": "sqlalchemy.engine.Engine", "message": "[raw sql] ()"}
{"asctime": "2026-03-23 13:41:33,128", "level": "INFO", "logger": "sqlalchemy.engine.Engine", "message": "select current_schema()"}
{"asctime": "2026-03-23 13:41:33,129", "level": "INFO", "logger": "sqlalchemy.engine.Engine", "message": "[raw sql] ()"}
{"asctime": "2026-03-23 13:41:33,131", "level": "INFO", "logger": "sqlalchemy.engine.Engine", "message": "show standard_conforming_strings"}
{"asctime": "2026-03-23 13:41:33,132", "level": "INFO", "logger": "sqlalchemy.engine.Engine", "message": "[raw sql] ()"}
{"asctime": "2026-03-23 13:41:33,132", "level": "INFO", "logger": "sqlalchemy.engine.Engine", "message": "BEGIN (implicit)"}
{"asctime": "2026-03-23 13:41:33,136", "level": "INFO", "logger": "sqlalchemy.engine.Engine", "message": "SELECT pg_catalog.pg_class.relname \nFROM pg_catalog.pg_class JOIN pg_catalog.pg_namespace ON pg_catalog.pg_namespace.oid = pg_catalog.pg_class.relnamespace \nWHERE pg_catalog.pg_class.relname = $1::VARCHAR AND pg_catalog.pg_class.relkind = ANY (ARRAY[$2::VARCHAR, $3::VARCHAR, $4::VARCHAR, $5::VARCHAR, $6::VARCHAR]) AND pg_catalog.pg_table_is_visible(pg_catalog.pg_class.oid) AND pg_catalog.pg_namespace.nspname != $7::VARCHAR"}
{"asctime": "2026-03-23 13:41:33,137", "level": "INFO", "logger": "sqlalchemy.engine.Engine", "message": "[generated in 0.00036s] ('users', 'r', 'p', 'f', 'v', 'm', 'pg_catalog')"}
{"asctime": "2026-03-23 13:41:33,141", "level": "INFO", "logger": "sqlalchemy.engine.Engine", "message": "SELECT pg_catalog.pg_class.relname \nFROM pg_catalog.pg_class JOIN pg_catalog.pg_namespace ON pg_catalog.pg_namespace.oid = pg_catalog.pg_class.relnamespace \nWHERE pg_catalog.pg_class.relname = $1::VARCHAR AND pg_catalog.pg_class.relkind = ANY (ARRAY[$2::VARCHAR, $3::VARCHAR, $4::VARCHAR, $5::VARCHAR, $6::VARCHAR]) AND pg_catalog.pg_table_is_visible(pg_catalog.pg_class.oid) AND pg_catalog.pg_namespace.nspname != $7::VARCHAR"}
{"asctime": "2026-03-23 13:41:33,141", "level": "INFO", "logger": "sqlalchemy.engine.Engine", "message": "[cached since 0.005551s ago] ('otps', 'r', 'p', 'f', 'v', 'm', 'pg_catalog')"}
{"asctime": "2026-03-23 13:41:33,142", "level": "INFO", "logger": "sqlalchemy.engine.Engine", "message": "SELECT pg_catalog.pg_class.relname \nFROM pg_catalog.pg_class JOIN pg_catalog.pg_namespace ON pg_catalog.pg_namespace.oid = pg_catalog.pg_class.relnamespace \nWHERE pg_catalog.pg_class.relname = $1::VARCHAR AND pg_catalog.pg_class.relkind = ANY (ARRAY[$2::VARCHAR, $3::VARCHAR, $4::VARCHAR, $5::VARCHAR, $6::VARCHAR]) AND pg_catalog.pg_table_is_visible(pg_catalog.pg_class.oid) AND pg_catalog.pg_namespace.nspname != $7::VARCHAR"}
{"asctime": "2026-03-23 13:41:33,142", "level": "INFO", "logger": "sqlalchemy.engine.Engine", "message": "[cached since 0.006633s ago] ('family_members', 'r', 'p', 'f', 'v', 'm', 'pg_catalog')"}
{"asctime": "2026-03-23 13:41:33,145", "level": "INFO", "logger": "sqlalchemy.engine.Engine", "message": "SELECT pg_catalog.pg_class.relname \nFROM pg_catalog.pg_class JOIN pg_catalog.pg_namespace ON pg_catalog.pg_namespace.oid = pg_catalog.pg_class.relnamespace \nWHERE pg_catalog.pg_class.relname = $1::VARCHAR AND pg_catalog.pg_class.relkind = ANY (ARRAY[$2::VARCHAR, $3::VARCHAR, $4::VARCHAR, $5::VARCHAR, $6::VARCHAR]) AND pg_catalog.pg_table_is_visible(pg_catalog.pg_class.oid) AND pg_catalog.pg_namespace.nspname != $7::VARCHAR"}
{"asctime": "2026-03-23 13:41:33,146", "level": "INFO", "logger": "sqlalchemy.engine.Engine", "message": "[cached since 0.009422s ago] ('medical_records', 'r', 'p', 'f', 'v', 'm', 'pg_catalog')"}
{"asctime": "2026-03-23 13:41:33,146", "level": "INFO", "logger": "sqlalchemy.engine.Engine", "message": "SELECT pg_catalog.pg_class.relname \nFROM pg_catalog.pg_class JOIN pg_catalog.pg_namespace ON pg_catalog.pg_namespace.oid = pg_catalog.pg_class.relnamespace \nWHERE pg_catalog.pg_class.relname = $1::VARCHAR AND pg_catalog.pg_class.relkind = ANY (ARRAY[$2::VARCHAR, $3::VARCHAR, $4::VARCHAR, $5::VARCHAR, $6::VARCHAR]) AND pg_catalog.pg_table_is_visible(pg_catalog.pg_class.oid) AND pg_catalog.pg_namespace.nspname != $7::VARCHAR"}
{"asctime": "2026-03-23 13:41:33,146", "level": "INFO", "logger": "sqlalchemy.engine.Engine", "message": "[cached since 0.01051s ago] ('prescriptions', 'r', 'p', 'f', 'v', 'm', 'pg_catalog')"}
{"asctime": "2026-03-23 13:41:33,147", "level": "INFO", "logger": "sqlalchemy.engine.Engine", "message": "SELECT pg_catalog.pg_class.relname \nFROM pg_catalog.pg_class JOIN pg_catalog.pg_namespace ON pg_catalog.pg_namespace.oid = pg_catalog.pg_class.relnamespace \nWHERE pg_catalog.pg_class.relname = $1::VARCHAR AND pg_catalog.pg_class.relkind = ANY (ARRAY[$2::VARCHAR, $3::VARCHAR, $4::VARCHAR, $5::VARCHAR, $6::VARCHAR]) AND pg_catalog.pg_table_is_visible(pg_catalog.pg_class.oid) AND pg_catalog.pg_namespace.nspname != $7::VARCHAR"}
{"asctime": "2026-03-23 13:41:33,148", "level": "INFO", "logger": "sqlalchemy.engine.Engine", "message": "[cached since 0.01189s ago] ('medicines', 'r', 'p', 'f', 'v', 'm', 'pg_catalog')"}
{"asctime": "2026-03-23 13:41:33,148", "level": "INFO", "logger": "sqlalchemy.engine.Engine", "message": "SELECT pg_catalog.pg_class.relname \nFROM pg_catalog.pg_class JOIN pg_catalog.pg_namespace ON pg_catalog.pg_namespace.oid = pg_catalog.pg_class.relnamespace \nWHERE pg_catalog.pg_class.relname = $1::VARCHAR AND pg_catalog.pg_class.relkind = ANY (ARRAY[$2::VARCHAR, $3::VARCHAR, $4::VARCHAR, $5::VARCHAR, $6::VARCHAR]) AND pg_catalog.pg_table_is_visible(pg_catalog.pg_class.oid) AND pg_catalog.pg_namespace.nspname != $7::VARCHAR"}
{"asctime": "2026-03-23 13:41:33,149", "level": "INFO", "logger": "sqlalchemy.engine.Engine", "message": "[cached since 0.01313s ago] ('medication_schedules', 'r', 'p', 'f', 'v', 'm', 'pg_catalog')"}
{"asctime": "2026-03-23 13:41:33,149", "level": "INFO", "logger": "sqlalchemy.engine.Engine", "message": "SELECT pg_catalog.pg_class.relname \nFROM pg_catalog.pg_class JOIN pg_catalog.pg_namespace ON pg_catalog.pg_namespace.oid = pg_catalog.pg_class.relnamespace \nWHERE pg_catalog.pg_class.relname = $1::VARCHAR AND pg_catalog.pg_class.relkind = ANY (ARRAY[$2::VARCHAR, $3::VARCHAR, $4::VARCHAR, $5::VARCHAR, $6::VARCHAR]) AND pg_catalog.pg_table_is_visible(pg_catalog.pg_class.oid) AND pg_catalog.pg_namespace.nspname != $7::VARCHAR"}
{"asctime": "2026-03-23 13:41:33,149", "level": "INFO", "logger": "sqlalchemy.engine.Engine", "message": "[cached since 0.01429s ago] ('health_metrics', 'r', 'p', 'f', 'v', 'm', 'pg_catalog')"}
{"asctime": "2026-03-23 13:41:33,151", "level": "INFO", "logger": "sqlalchemy.engine.Engine", "message": "SELECT pg_catalog.pg_class.relname \nFROM pg_catalog.pg_class JOIN pg_catalog.pg_namespace ON pg_catalog.pg_namespace.oid = pg_catalog.pg_class.relnamespace \nWHERE pg_catalog.pg_class.relname = $1::VARCHAR AND pg_catalog.pg_class.relkind = ANY (ARRAY[$2::VARCHAR, $3::VARCHAR, $4::VARCHAR, $5::VARCHAR, $6::VARCHAR]) AND pg_catalog.pg_table_is_visible(pg_catalog.pg_class.oid) AND pg_catalog.pg_namespace.nspname != $7::VARCHAR"}
{"asctime": "2026-03-23 13:41:33,151", "level": "INFO", "logger": "sqlalchemy.engine.Engine", "message": "[cached since 0.01541s ago] ('emergency_contacts', 'r', 'p', 'f', 'v', 'm', 'pg_catalog')"}
{"asctime": "2026-03-23 13:41:33,152", "level": "INFO", "logger": "sqlalchemy.engine.Engine", "message": "SELECT pg_catalog.pg_class.relname \nFROM pg_catalog.pg_class JOIN pg_catalog.pg_namespace ON pg_catalog.pg_namespace.oid = pg_catalog.pg_class.relnamespace \nWHERE pg_catalog.pg_class.relname = $1::VARCHAR AND pg_catalog.pg_class.relkind = ANY (ARRAY[$2::VARCHAR, $3::VARCHAR, $4::VARCHAR, $5::VARCHAR, $6::VARCHAR]) AND pg_catalog.pg_table_is_visible(pg_catalog.pg_class.oid) AND pg_catalog.pg_namespace.nspname != $7::VARCHAR"}
{"asctime": "2026-03-23 13:41:33,152", "level": "INFO", "logger": "sqlalchemy.engine.Engine", "message": "[cached since 0.0166s ago] ('ai_conversations', 'r', 'p', 'f', 'v', 'm', 'pg_catalog')"}
{"asctime": "2026-03-23 13:41:33,153", "level": "INFO", "logger": "sqlalchemy.engine.Engine", "message": "COMMIT"}
{"asctime": "2026-03-23 13:41:38,899", "level": "INFO", "logger": "sqlalchemy.engine.Engine", "message": "select pg_catalog.version()"}
{"asctime": "2026-03-23 13:41:38,900", "level": "INFO", "logger": "sqlalchemy.engine.Engine", "message": "[raw sql] ()"}
{"asctime": "2026-03-23 13:41:38,902", "level": "INFO", "logger": "sqlalchemy.engine.Engine", "message": "select current_schema()"}
{"asctime": "2026-03-23 13:41:38,902", "level": "INFO", "logger": "sqlalchemy.engine.Engine", "message": "[raw sql] ()"}
{"asctime": "2026-03-23 13:41:38,903", "level": "INFO", "logger": "sqlalchemy.engine.Engine", "message": "show standard_conforming_strings"}
{"asctime": "2026-03-23 13:41:38,904", "level": "INFO", "logger": "sqlalchemy.engine.Engine", "message": "[raw sql] ()"}
{"asctime": "2026-03-23 13:41:38,907", "level": "INFO", "logger": "sqlalchemy.engine.Engine", "message": "BEGIN (implicit)"}
{"asctime": "2026-03-23 13:41:38,911", "level": "INFO", "logger": "sqlalchemy.engine.Engine", "message": "SELECT pg_catalog.pg_class.relname \nFROM pg_catalog.pg_class JOIN pg_catalog.pg_namespace ON pg_catalog.pg_namespace.oid = pg_catalog.pg_class.relnamespace \nWHERE pg_catalog.pg_class.relname = $1::VARCHAR AND pg_catalog.pg_class.relkind = ANY (ARRAY[$2::VARCHAR, $3::VARCHAR, $4::VARCHAR, $5::VARCHAR, $6::VARCHAR]) AND pg_catalog.pg_table_is_visible(pg_catalog.pg_class.oid) AND pg_catalog.pg_namespace.nspname != $7::VARCHAR"}
{"asctime": "2026-03-23 13:41:38,911", "level": "INFO", "logger": "sqlalchemy.engine.Engine", "message": "[generated in 0.00034s] ('users', 'r', 'p', 'f', 'v', 'm', 'pg_catalog')"}
{"asctime": "2026-03-23 13:41:38,917", "level": "INFO", "logger": "sqlalchemy.engine.Engine", "message": "SELECT pg_catalog.pg_class.relname \nFROM pg_catalog.pg_class JOIN pg_catalog.pg_namespace ON pg_catalog.pg_namespace.oid = pg_catalog.pg_class.relnamespace \nWHERE pg_catalog.pg_class.relname = $1::VARCHAR AND pg_catalog.pg_class.relkind = ANY (ARRAY[$2::VARCHAR, $3::VARCHAR, $4::VARCHAR, $5::VARCHAR, $6::VARCHAR]) AND pg_catalog.pg_table_is_visible(pg_catalog.pg_class.oid) AND pg_catalog.pg_namespace.nspname != $7::VARCHAR"}
{"asctime": "2026-03-23 13:41:38,917", "level": "INFO", "logger": "sqlalchemy.engine.Engine", "message": "[cached since 0.006303s ago] ('otps', 'r', 'p', 'f', 'v', 'm', 'pg_catalog')"}
{"asctime": "2026-03-23 13:41:38,918", "level": "INFO", "logger": "sqlalchemy.engine.Engine", "message": "SELECT pg_catalog.pg_class.relname \nFROM pg_catalog.pg_class JOIN pg_catalog.pg_namespace ON pg_catalog.pg_namespace.oid = pg_catalog.pg_class.relnamespace \nWHERE pg_catalog.pg_class.relname = $1::VARCHAR AND pg_catalog.pg_class.relkind = ANY (ARRAY[$2::VARCHAR, $3::VARCHAR, $4::VARCHAR, $5::VARCHAR, $6::VARCHAR]) AND pg_catalog.pg_table_is_visible(pg_catalog.pg_class.oid) AND pg_catalog.pg_namespace.nspname != $7::VARCHAR"}
{"asctime": "2026-03-23 13:41:38,918", "level": "INFO", "logger": "sqlalchemy.engine.Engine", "message": "[cached since 0.00738s ago] ('family_members', 'r', 'p', 'f', 'v', 'm', 'pg_catalog')"}
{"asctime": "2026-03-23 13:41:38,918", "level": "INFO", "logger": "sqlalchemy.engine.Engine", "message": "SELECT pg_catalog.pg_class.relname \nFROM pg_catalog.pg_class JOIN pg_catalog.pg_namespace ON pg_catalog.pg_namespace.oid = pg_catalog.pg_class.relnamespace \nWHERE pg_catalog.pg_class.relname = $1::VARCHAR AND pg_catalog.pg_class.relkind = ANY (ARRAY[$2::VARCHAR, $3::VARCHAR, $4::VARCHAR, $5::VARCHAR, $6::VARCHAR]) AND pg_catalog.pg_table_is_visible(pg_catalog.pg_class.oid) AND pg_catalog.pg_namespace.nspname != $7::VARCHAR"}
{"asctime": "2026-03-23 13:41:38,920", "level": "INFO", "logger": "sqlalchemy.engine.Engine", "message": "[cached since 0.009411s ago] ('medical_records', 'r', 'p', 'f', 'v', 'm', 'pg_catalog')"}
{"asctime": "2026-03-23 13:41:38,920", "level": "INFO", "logger": "sqlalchemy.engine.Engine", "message": "SELECT pg_catalog.pg_class.relname \nFROM pg_catalog.pg_class JOIN pg_catalog.pg_namespace ON pg_catalog.pg_namespace.oid = pg_catalog.pg_class.relnamespace \nWHERE pg_catalog.pg_class.relname = $1::VARCHAR AND pg_catalog.pg_class.relkind = ANY (ARRAY[$2::VARCHAR, $3::VARCHAR, $4::VARCHAR, $5::VARCHAR, $6::VARCHAR]) AND pg_catalog.pg_table_is_visible(pg_catalog.pg_class.oid) AND pg_catalog.pg_namespace.nspname != $7::VARCHAR"}
{"asctime": "2026-03-23 13:41:38,921", "level": "INFO", "logger": "sqlalchemy.engine.Engine", "message": "[cached since 0.01026s ago] ('prescriptions', 'r', 'p', 'f', 'v', 'm', 'pg_catalog')"}
{"asctime": "2026-03-23 13:41:38,922", "level": "INFO", "logger": "sqlalchemy.engine.Engine", "message": "SELECT pg_catalog.pg_class.relname \nFROM pg_catalog.pg_class JOIN pg_catalog.pg_namespace ON pg_catalog.pg_namespace.oid = pg_catalog.pg_class.relnamespace \nWHERE pg_catalog.pg_class.relname = $1::VARCHAR AND pg_catalog.pg_class.relkind = ANY (ARRAY[$2::VARCHAR, $3::VARCHAR, $4::VARCHAR, $5::VARCHAR, $6::VARCHAR]) AND pg_catalog.pg_table_is_visible(pg_catalog.pg_class.oid) AND pg_catalog.pg_namespace.nspname != $7::VARCHAR"}
{"asctime": "2026-03-23 13:41:38,926", "level": "INFO", "logger": "sqlalchemy.engine.Engine", "message": "[cached since 0.01529s ago] ('medicines', 'r', 'p', 'f', 'v', 'm', 'pg_catalog')"}
{"asctime": "2026-03-23 13:41:38,926", "level": "INFO", "logger": "sqlalchemy.engine.Engine", "message": "SELECT pg_catalog.pg_class.relname \nFROM pg_catalog.pg_class JOIN pg_catalog.pg_namespace ON pg_catalog.pg_namespace.oid = pg_catalog.pg_class.relnamespace \nWHERE pg_catalog.pg_class.relname = $1::VARCHAR AND pg_catalog.pg_class.relkind = ANY (ARRAY[$2::VARCHAR, $3::VARCHAR, $4::VARCHAR, $5::VARCHAR, $6::VARCHAR]) AND pg_catalog.pg_table_is_visible(pg_catalog.pg_class.oid) AND pg_catalog.pg_namespace.nspname != $7::VARCHAR"}
{"asctime": "2026-03-23 13:41:38,927", "level": "INFO", "logger": "sqlalchemy.engine.Engine", "message": "[cached since 0.01626s ago] ('medication_schedules', 'r', 'p', 'f', 'v', 'm', 'pg_catalog')"}
{"asctime": "2026-03-23 13:41:38,929", "level": "INFO", "logger": "sqlalchemy.engine.Engine", "message": "SELECT pg_catalog.pg_class.relname \nFROM pg_catalog.pg_class JOIN pg_catalog.pg_namespace ON pg_catalog.pg_namespace.oid = pg_catalog.pg_class.relnamespace \nWHERE pg_catalog.pg_class.relname = $1::VARCHAR AND pg_catalog.pg_class.relkind = ANY (ARRAY[$2::VARCHAR, $3::VARCHAR, $4::VARCHAR, $5::VARCHAR, $6::VARCHAR]) AND pg_catalog.pg_table_is_visible(pg_catalog.pg_class.oid) AND pg_catalog.pg_namespace.nspname != $7::VARCHAR"}
{"asctime": "2026-03-23 13:41:38,929", "level": "INFO", "logger": "sqlalchemy.engine.Engine", "message": "[cached since 0.01864s ago] ('health_metrics', 'r', 'p', 'f', 'v', 'm', 'pg_catalog')"}
{"asctime": "2026-03-23 13:41:38,935", "level": "INFO", "logger": "sqlalchemy.engine.Engine", "message": "SELECT pg_catalog.pg_class.relname \nFROM pg_catalog.pg_class JOIN pg_catalog.pg_namespace ON pg_catalog.pg_namespace.oid = pg_catalog.pg_class.relnamespace \nWHERE pg_catalog.pg_class.relname = $1::VARCHAR AND pg_catalog.pg_class.relkind = ANY (ARRAY[$2::VARCHAR, $3::VARCHAR, $4::VARCHAR, $5::VARCHAR, $6::VARCHAR]) AND pg_catalog.pg_table_is_visible(pg_catalog.pg_class.oid) AND pg_catalog.pg_namespace.nspname != $7::VARCHAR"}
{"asctime": "2026-03-23 13:41:38,935", "level": "INFO", "logger": "sqlalchemy.engine.Engine", "message": "[cached since 0.02486s ago] ('emergency_contacts', 'r', 'p', 'f', 'v', 'm', 'pg_catalog')"}
{"asctime": "2026-03-23 13:41:38,935", "level": "INFO", "logger": "sqlalchemy.engine.Engine", "message": "SELECT pg_catalog.pg_class.relname \nFROM pg_catalog.pg_class JOIN pg_catalog.pg_namespace ON pg_catalog.pg_namespace.oid = pg_catalog.pg_class.relnamespace \nWHERE pg_catalog.pg_class.relname = $1::VARCHAR AND pg_catalog.pg_class.relkind = ANY (ARRAY[$2::VARCHAR, $3::VARCHAR, $4::VARCHAR, $5::VARCHAR, $6::VARCHAR]) AND pg_catalog.pg_table_is_visible(pg_catalog.pg_class.oid) AND pg_catalog.pg_namespace.nspname != $7::VARCHAR"}
{"asctime": "2026-03-23 13:41:38,936", "level": "INFO", "logger": "sqlalchemy.engine.Engine", "message": "[cached since 0.02536s ago] ('ai_conversations', 'r', 'p', 'f', 'v', 'm', 'pg_catalog')"}
{"asctime": "2026-03-23 13:41:38,936", "level": "INFO", "logger": "sqlalchemy.engine.Engine", "message": "COMMIT"}
{"asctime": "2026-03-23 13:41:44,325", "level": "INFO", "logger": "sqlalchemy.engine.Engine", "message": "select pg_catalog.version()"}
{"asctime": "2026-03-23 13:41:44,326", "level": "INFO", "logger": "sqlalchemy.engine.Engine", "message": "[raw sql] ()"}
{"asctime": "2026-03-23 13:41:44,329", "level": "INFO", "logger": "sqlalchemy.engine.Engine", "message": "select current_schema()"}
{"asctime": "2026-03-23 13:41:44,329", "level": "INFO", "logger": "sqlalchemy.engine.Engine", "message": "[raw sql] ()"}
{"asctime": "2026-03-23 13:41:44,333", "level": "INFO", "logger": "sqlalchemy.engine.Engine", "message": "show standard_conforming_strings"}
{"asctime": "2026-03-23 13:41:44,333", "level": "INFO", "logger": "sqlalchemy.engine.Engine", "message": "[raw sql] ()"}
{"asctime": "2026-03-23 13:41:44,336", "level": "INFO", "logger": "sqlalchemy.engine.Engine", "message": "BEGIN (implicit)"}
{"asctime": "2026-03-23 13:41:44,338", "level": "INFO", "logger": "sqlalchemy.engine.Engine", "message": "SELECT pg_catalog.pg_class.relname \nFROM pg_catalog.pg_class JOIN pg_catalog.pg_namespace ON pg_catalog.pg_namespace.oid = pg_catalog.pg_class.relnamespace \nWHERE pg_catalog.pg_class.relname = $1::VARCHAR AND pg_catalog.pg_class.relkind = ANY (ARRAY[$2::VARCHAR, $3::VARCHAR, $4::VARCHAR, $5::VARCHAR, $6::VARCHAR]) AND pg_catalog.pg_table_is_visible(pg_catalog.pg_class.oid) AND pg_catalog.pg_namespace.nspname != $7::VARCHAR"}
{"asctime": "2026-03-23 13:41:44,338", "level": "INFO", "logger": "sqlalchemy.engine.Engine", "message": "[generated in 0.00042s] ('users', 'r', 'p', 'f', 'v', 'm', 'pg_catalog')"}
{"asctime": "2026-03-23 13:41:44,343", "level": "INFO", "logger": "sqlalchemy.engine.Engine", "message": "SELECT pg_catalog.pg_class.relname \nFROM pg_catalog.pg_class JOIN pg_catalog.pg_namespace ON pg_catalog.pg_namespace.oid = pg_catalog.pg_class.relnamespace \nWHERE pg_catalog.pg_class.relname = $1::VARCHAR AND pg_catalog.pg_class.relkind = ANY (ARRAY[$2::VARCHAR, $3::VARCHAR, $4::VARCHAR, $5::VARCHAR, $6::VARCHAR]) AND pg_catalog.pg_table_is_visible(pg_catalog.pg_class.oid) AND pg_catalog.pg_namespace.nspname != $7::VARCHAR"}
{"asctime": "2026-03-23 13:41:44,343", "level": "INFO", "logger": "sqlalchemy.engine.Engine", "message": "[cached since 0.005759s ago] ('otps', 'r', 'p', 'f', 'v', 'm', 'pg_catalog')"}
{"asctime": "2026-03-23 13:41:44,344", "level": "INFO", "logger": "sqlalchemy.engine.Engine", "message": "SELECT pg_catalog.pg_class.relname \nFROM pg_catalog.pg_class JOIN pg_catalog.pg_namespace ON pg_catalog.pg_namespace.oid = pg_catalog.pg_class.relnamespace \nWHERE pg_catalog.pg_class.relname = $1::VARCHAR AND pg_catalog.pg_class.relkind = ANY (ARRAY[$2::VARCHAR, $3::VARCHAR, $4::VARCHAR, $5::VARCHAR, $6::VARCHAR]) AND pg_catalog.pg_table_is_visible(pg_catalog.pg_class.oid) AND pg_catalog.pg_namespace.nspname != $7::VARCHAR"}
{"asctime": "2026-03-23 13:41:44,344", "level": "INFO", "logger": "sqlalchemy.engine.Engine", "message": "[cached since 0.006857s ago] ('family_members', 'r', 'p', 'f', 'v', 'm', 'pg_catalog')"}
{"asctime": "2026-03-23 13:41:44,345", "level": "INFO", "logger": "sqlalchemy.engine.Engine", "message": "SELECT pg_catalog.pg_class.relname \nFROM pg_catalog.pg_class JOIN pg_catalog.pg_namespace ON pg_catalog.pg_namespace.oid = pg_catalog.pg_class.relnamespace \nWHERE pg_catalog.pg_class.relname = $1::VARCHAR AND pg_catalog.pg_class.relkind = ANY (ARRAY[$2::VARCHAR, $3::VARCHAR, $4::VARCHAR, $5::VARCHAR, $6::VARCHAR]) AND pg_catalog.pg_table_is_visible(pg_catalog.pg_class.oid) AND pg_catalog.pg_namespace.nspname != $7::VARCHAR"}
{"asctime": "2026-03-23 13:41:44,345", "level": "INFO", "logger": "sqlalchemy.engine.Engine", "message": "[cached since 0.007914s ago] ('medical_records', 'r', 'p', 'f', 'v', 'm', 'pg_catalog')"}
{"asctime": "2026-03-23 13:41:44,347", "level": "INFO", "logger": "sqlalchemy.engine.Engine", "message": "SELECT pg_catalog.pg_class.relname \nFROM pg_catalog.pg_class JOIN pg_catalog.pg_namespace ON pg_catalog.pg_namespace.oid = pg_catalog.pg_class.relnamespace \nWHERE pg_catalog.pg_class.relname = $1::VARCHAR AND pg_catalog.pg_class.relkind = ANY (ARRAY[$2::VARCHAR, $3::VARCHAR, $4::VARCHAR, $5::VARCHAR, $6::VARCHAR]) AND pg_catalog.pg_table_is_visible(pg_catalog.pg_class.oid) AND pg_catalog.pg_namespace.nspname != $7::VARCHAR"}
{"asctime": "2026-03-23 13:41:44,347", "level": "INFO", "logger": "sqlalchemy.engine.Engine", "message": "[cached since 0.009102s ago] ('prescriptions', 'r', 'p', 'f', 'v', 'm', 'pg_catalog')"}
{"asctime": "2026-03-23 13:41:44,348", "level": "INFO", "logger": "sqlalchemy.engine.Engine", "message": "SELECT pg_catalog.pg_class.relname \nFROM pg_catalog.pg_class JOIN pg_catalog.pg_namespace ON pg_catalog.pg_namespace.oid = pg_catalog.pg_class.relnamespace \nWHERE pg_catalog.pg_class.relname = $1::VARCHAR AND pg_catalog.pg_class.relkind = ANY (ARRAY[$2::VARCHAR, $3::VARCHAR, $4::VARCHAR, $5::VARCHAR, $6::VARCHAR]) AND pg_catalog.pg_table_is_visible(pg_catalog.pg_class.oid) AND pg_catalog.pg_namespace.nspname != $7::VARCHAR"}
{"asctime": "2026-03-23 13:41:44,348", "level": "INFO", "logger": "sqlalchemy.engine.Engine", "message": "[cached since 0.01014s ago] ('medicines', 'r', 'p', 'f', 'v', 'm', 'pg_catalog')"}
{"asctime": "2026-03-23 13:41:44,349", "level": "INFO", "logger": "sqlalchemy.engine.Engine", "message": "SELECT pg_catalog.pg_class.relname \nFROM pg_catalog.pg_class JOIN pg_catalog.pg_namespace ON pg_catalog.pg_namespace.oid = pg_catalog.pg_class.relnamespace \nWHERE pg_catalog.pg_class.relname = $1::VARCHAR AND pg_catalog.pg_class.relkind = ANY (ARRAY[$2::VARCHAR, $3::VARCHAR, $4::VARCHAR, $5::VARCHAR, $6::VARCHAR]) AND pg_catalog.pg_table_is_visible(pg_catalog.pg_class.oid) AND pg_catalog.pg_namespace.nspname != $7::VARCHAR"}
{"asctime": "2026-03-23 13:41:44,349", "level": "INFO", "logger": "sqlalchemy.engine.Engine", "message": "[cached since 0.01119s ago] ('medication_schedules', 'r', 'p', 'f', 'v', 'm', 'pg_catalog')"}
{"asctime": "2026-03-23 13:41:44,350", "level": "INFO", "logger": "sqlalchemy.engine.Engine", "message": "SELECT pg_catalog.pg_class.relname \nFROM pg_catalog.pg_class JOIN pg_catalog.pg_namespace ON pg_catalog.pg_namespace.oid = pg_catalog.pg_class.relnamespace \nWHERE pg_catalog.pg_class.relname = $1::VARCHAR AND pg_catalog.pg_class.relkind = ANY (ARRAY[$2::VARCHAR, $3::VARCHAR, $4::VARCHAR, $5::VARCHAR, $6::VARCHAR]) AND pg_catalog.pg_table_is_visible(pg_catalog.pg_class.oid) AND pg_catalog.pg_namespace.nspname != $7::VARCHAR"}
{"asctime": "2026-03-23 13:41:44,350", "level": "INFO", "logger": "sqlalchemy.engine.Engine", "message": "[cached since 0.01204s ago] ('health_metrics', 'r', 'p', 'f', 'v', 'm', 'pg_catalog')"}
{"asctime": "2026-03-23 13:41:44,351", "level": "INFO", "logger": "sqlalchemy.engine.Engine", "message": "SELECT pg_catalog.pg_class.relname \nFROM pg_catalog.pg_class JOIN pg_catalog.pg_namespace ON pg_catalog.pg_namespace.oid = pg_catalog.pg_class.relnamespace \nWHERE pg_catalog.pg_class.relname = $1::VARCHAR AND pg_catalog.pg_class.relkind = ANY (ARRAY[$2::VARCHAR, $3::VARCHAR, $4::VARCHAR, $5::VARCHAR, $6::VARCHAR]) AND pg_catalog.pg_table_is_visible(pg_catalog.pg_class.oid) AND pg_catalog.pg_namespace.nspname != $7::VARCHAR"}
{"asctime": "2026-03-23 13:41:44,351", "level": "INFO", "logger": "sqlalchemy.engine.Engine", "message": "[cached since 0.01331s ago] ('emergency_contacts', 'r', 'p', 'f', 'v', 'm', 'pg_catalog')"}
{"asctime": "2026-03-23 13:41:44,352", "level": "INFO", "logger": "sqlalchemy.engine.Engine", "message": "SELECT pg_catalog.pg_class.relname \nFROM pg_catalog.pg_class JOIN pg_catalog.pg_namespace ON pg_catalog.pg_namespace.oid = pg_catalog.pg_class.relnamespace \nWHERE pg_catalog.pg_class.relname = $1::VARCHAR AND pg_catalog.pg_class.relkind = ANY (ARRAY[$2::VARCHAR, $3::VARCHAR, $4::VARCHAR, $5::VARCHAR, $6::VARCHAR]) AND pg_catalog.pg_table_is_visible(pg_catalog.pg_class.oid) AND pg_catalog.pg_namespace.nspname != $7::VARCHAR"}
{"asctime": "2026-03-23 13:41:44,352", "level": "INFO", "logger": "sqlalchemy.engine.Engine", "message": "[cached since 0.01448s ago] ('ai_conversations', 'r', 'p', 'f', 'v', 'm', 'pg_catalog')"}
{"asctime": "2026-03-23 13:41:44,353", "level": "INFO", "logger": "sqlalchemy.engine.Engine", "message": "COMMIT"}
{"asctime": "2026-03-23 13:41:48,015", "level": "INFO", "logger": "sqlalchemy.engine.Engine", "message": "select pg_catalog.version()"}
{"asctime": "2026-03-23 13:41:48,015", "level": "INFO", "logger": "sqlalchemy.engine.Engine", "message": "[raw sql] ()"}
{"asctime": "2026-03-23 13:41:48,016", "level": "INFO", "logger": "sqlalchemy.engine.Engine", "message": "select current_schema()"}
{"asctime": "2026-03-23 13:41:48,017", "level": "INFO", "logger": "sqlalchemy.engine.Engine", "message": "[raw sql] ()"}
{"asctime": "2026-03-23 13:41:48,018", "level": "INFO", "logger": "sqlalchemy.engine.Engine", "message": "show standard_conforming_strings"}
{"asctime": "2026-03-23 13:41:48,019", "level": "INFO", "logger": "sqlalchemy.engine.Engine", "message": "[raw sql] ()"}
{"asctime": "2026-03-23 13:41:48,020", "level": "INFO", "logger": "sqlalchemy.engine.Engine", "message": "BEGIN (implicit)"}
{"asctime": "2026-03-23 13:41:48,022", "level": "INFO", "logger": "sqlalchemy.engine.Engine", "message": "SELECT pg_catalog.pg_class.relname \nFROM pg_catalog.pg_class JOIN pg_catalog.pg_namespace ON pg_catalog.pg_namespace.oid = pg_catalog.pg_class.relnamespace \nWHERE pg_catalog.pg_class.relname = $1::VARCHAR AND pg_catalog.pg_class.relkind = ANY (ARRAY[$2::VARCHAR, $3::VARCHAR, $4::VARCHAR, $5::VARCHAR, $6::VARCHAR]) AND pg_catalog.pg_table_is_visible(pg_catalog.pg_class.oid) AND pg_catalog.pg_namespace.nspname != $7::VARCHAR"}
{"asctime": "2026-03-23 13:41:48,023", "level": "INFO", "logger": "sqlalchemy.engine.Engine", "message": "[generated in 0.00100s] ('users', 'r', 'p', 'f', 'v', 'm', 'pg_catalog')"}
{"asctime": "2026-03-23 13:41:48,027", "level": "INFO", "logger": "sqlalchemy.engine.Engine", "message": "SELECT pg_catalog.pg_class.relname \nFROM pg_catalog.pg_class JOIN pg_catalog.pg_namespace ON pg_catalog.pg_namespace.oid = pg_catalog.pg_class.relnamespace \nWHERE pg_catalog.pg_class.relname = $1::VARCHAR AND pg_catalog.pg_class.relkind = ANY (ARRAY[$2::VARCHAR, $3::VARCHAR, $4::VARCHAR, $5::VARCHAR, $6::VARCHAR]) AND pg_catalog.pg_table_is_visible(pg_catalog.pg_class.oid) AND pg_catalog.pg_namespace.nspname != $7::VARCHAR"}
{"asctime": "2026-03-23 13:41:48,028", "level": "INFO", "logger": "sqlalchemy.engine.Engine", "message": "[cached since 0.004977s ago] ('otps', 'r', 'p', 'f', 'v', 'm', 'pg_catalog')"}
{"asctime": "2026-03-23 13:41:48,028", "level": "INFO", "logger": "sqlalchemy.engine.Engine", "message": "SELECT pg_catalog.pg_class.relname \nFROM pg_catalog.pg_class JOIN pg_catalog.pg_namespace ON pg_catalog.pg_namespace.oid = pg_catalog.pg_class.relnamespace \nWHERE pg_catalog.pg_class.relname = $1::VARCHAR AND pg_catalog.pg_class.relkind = ANY (ARRAY[$2::VARCHAR, $3::VARCHAR, $4::VARCHAR, $5::VARCHAR, $6::VARCHAR]) AND pg_catalog.pg_table_is_visible(pg_catalog.pg_class.oid) AND pg_catalog.pg_namespace.nspname != $7::VARCHAR"}
{"asctime": "2026-03-23 13:41:48,028", "level": "INFO", "logger": "sqlalchemy.engine.Engine", "message": "[cached since 0.005875s ago] ('family_members', 'r', 'p', 'f', 'v', 'm', 'pg_catalog')"}
{"asctime": "2026-03-23 13:41:48,029", "level": "INFO", "logger": "sqlalchemy.engine.Engine", "message": "SELECT pg_catalog.pg_class.relname \nFROM pg_catalog.pg_class JOIN pg_catalog.pg_namespace ON pg_catalog.pg_namespace.oid = pg_catalog.pg_class.relnamespace \nWHERE pg_catalog.pg_class.relname = $1::VARCHAR AND pg_catalog.pg_class.relkind = ANY (ARRAY[$2::VARCHAR, $3::VARCHAR, $4::VARCHAR, $5::VARCHAR, $6::VARCHAR]) AND pg_catalog.pg_table_is_visible(pg_catalog.pg_class.oid) AND pg_catalog.pg_namespace.nspname != $7::VARCHAR"}
{"asctime": "2026-03-23 13:41:48,029", "level": "INFO", "logger": "sqlalchemy.engine.Engine", "message": "[cached since 0.00658s ago] ('medical_records', 'r', 'p', 'f', 'v', 'm', 'pg_catalog')"}
{"asctime": "2026-03-23 13:41:48,030", "level": "INFO", "logger": "sqlalchemy.engine.Engine", "message": "SELECT pg_catalog.pg_class.relname \nFROM pg_catalog.pg_class JOIN pg_catalog.pg_namespace ON pg_catalog.pg_namespace.oid = pg_catalog.pg_class.relnamespace \nWHERE pg_catalog.pg_class.relname = $1::VARCHAR AND pg_catalog.pg_class.relkind = ANY (ARRAY[$2::VARCHAR, $3::VARCHAR, $4::VARCHAR, $5::VARCHAR, $6::VARCHAR]) AND pg_catalog.pg_table_is_visible(pg_catalog.pg_class.oid) AND pg_catalog.pg_namespace.nspname != $7::VARCHAR"}
{"asctime": "2026-03-23 13:41:48,030", "level": "INFO", "logger": "sqlalchemy.engine.Engine", "message": "[cached since 0.00766s ago] ('prescriptions', 'r', 'p', 'f', 'v', 'm', 'pg_catalog')"}
{"asctime": "2026-03-23 13:41:48,031", "level": "INFO", "logger": "sqlalchemy.engine.Engine", "message": "SELECT pg_catalog.pg_class.relname \nFROM pg_catalog.pg_class JOIN pg_catalog.pg_namespace ON pg_catalog.pg_namespace.oid = pg_catalog.pg_class.relnamespace \nWHERE pg_catalog.pg_class.relname = $1::VARCHAR AND pg_catalog.pg_class.relkind = ANY (ARRAY[$2::VARCHAR, $3::VARCHAR, $4::VARCHAR, $5::VARCHAR, $6::VARCHAR]) AND pg_catalog.pg_table_is_visible(pg_catalog.pg_class.oid) AND pg_catalog.pg_namespace.nspname != $7::VARCHAR"}
{"asctime": "2026-03-23 13:41:48,031", "level": "INFO", "logger": "sqlalchemy.engine.Engine", "message": "[cached since 0.008597s ago] ('medicines', 'r', 'p', 'f', 'v', 'm', 'pg_catalog')"}
{"asctime": "2026-03-23 13:41:48,032", "level": "INFO", "logger": "sqlalchemy.engine.Engine", "message": "SELECT pg_catalog.pg_class.relname \nFROM pg_catalog.pg_class JOIN pg_catalog.pg_namespace ON pg_catalog.pg_namespace.oid = pg_catalog.pg_class.relnamespace \nWHERE pg_catalog.pg_class.relname = $1::VARCHAR AND pg_catalog.pg_class.relkind = ANY (ARRAY[$2::VARCHAR, $3::VARCHAR, $4::VARCHAR, $5::VARCHAR, $6::VARCHAR]) AND pg_catalog.pg_table_is_visible(pg_catalog.pg_class.oid) AND pg_catalog.pg_namespace.nspname != $7::VARCHAR"}
{"asctime": "2026-03-23 13:41:48,032", "level": "INFO", "logger": "sqlalchemy.engine.Engine", "message": "[cached since 0.009519s ago] ('medication_schedules', 'r', 'p', 'f', 'v', 'm', 'pg_catalog')"}
{"asctime": "2026-03-23 13:41:48,032", "level": "INFO", "logger": "sqlalchemy.engine.Engine", "message": "SELECT pg_catalog.pg_class.relname \nFROM pg_catalog.pg_class JOIN pg_catalog.pg_namespace ON pg_catalog.pg_namespace.oid = pg_catalog.pg_class.relnamespace \nWHERE pg_catalog.pg_class.relname = $1::VARCHAR AND pg_catalog.pg_class.relkind = ANY (ARRAY[$2::VARCHAR, $3::VARCHAR, $4::VARCHAR, $5::VARCHAR, $6::VARCHAR]) AND pg_catalog.pg_table_is_visible(pg_catalog.pg_class.oid) AND pg_catalog.pg_namespace.nspname != $7::VARCHAR"}
{"asctime": "2026-03-23 13:41:48,032", "level": "INFO", "logger": "sqlalchemy.engine.Engine", "message": "[cached since 0.01034s ago] ('health_metrics', 'r', 'p', 'f', 'v', 'm', 'pg_catalog')"}
{"asctime": "2026-03-23 13:41:48,033", "level": "INFO", "logger": "sqlalchemy.engine.Engine", "message": "SELECT pg_catalog.pg_class.relname \nFROM pg_catalog.pg_class JOIN pg_catalog.pg_namespace ON pg_catalog.pg_namespace.oid = pg_catalog.pg_class.relnamespace \nWHERE pg_catalog.pg_class.relname = $1::VARCHAR AND pg_catalog.pg_class.relkind = ANY (ARRAY[$2::VARCHAR, $3::VARCHAR, $4::VARCHAR, $5::VARCHAR, $6::VARCHAR]) AND pg_catalog.pg_table_is_visible(pg_catalog.pg_class.oid) AND pg_catalog.pg_namespace.nspname != $7::VARCHAR"}
{"asctime": "2026-03-23 13:41:48,033", "level": "INFO", "logger": "sqlalchemy.engine.Engine", "message": "[cached since 0.01122s ago] ('emergency_contacts', 'r', 'p', 'f', 'v', 'm', 'pg_catalog')"}
{"asctime": "2026-03-23 13:41:48,034", "level": "INFO", "logger": "sqlalchemy.engine.Engine", "message": "SELECT pg_catalog.pg_class.relname \nFROM pg_catalog.pg_class JOIN pg_catalog.pg_namespace ON pg_catalog.pg_namespace.oid = pg_catalog.pg_class.relnamespace \nWHERE pg_catalog.pg_class.relname = $1::VARCHAR AND pg_catalog.pg_class.relkind = ANY (ARRAY[$2::VARCHAR, $3::VARCHAR, $4::VARCHAR, $5::VARCHAR, $6::VARCHAR]) AND pg_catalog.pg_table_is_visible(pg_catalog.pg_class.oid) AND pg_catalog.pg_namespace.nspname != $7::VARCHAR"}
{"asctime": "2026-03-23 13:41:48,034", "level": "INFO", "logger": "sqlalchemy.engine.Engine", "message": "[cached since 0.01189s ago] ('ai_conversations', 'r', 'p', 'f', 'v', 'm', 'pg_catalog')"}
{"asctime": "2026-03-23 13:41:48,036", "level": "INFO", "logger": "sqlalchemy.engine.Engine", "message": "COMMIT"}
{"asctime": "2026-03-23 13:41:56,790", "level": "INFO", "logger": "sqlalchemy.engine.Engine", "message": "select pg_catalog.version()"}
{"asctime": "2026-03-23 13:41:56,791", "level": "INFO", "logger": "sqlalchemy.engine.Engine", "message": "[raw sql] ()"}
{"asctime": "2026-03-23 13:41:56,795", "level": "INFO", "logger": "sqlalchemy.engine.Engine", "message": "select current_schema()"}
{"asctime": "2026-03-23 13:41:56,796", "level": "INFO", "logger": "sqlalchemy.engine.Engine", "message": "[raw sql] ()"}
{"asctime": "2026-03-23 13:41:56,797", "level": "INFO", "logger": "sqlalchemy.engine.Engine", "message": "show standard_conforming_strings"}
{"asctime": "2026-03-23 13:41:56,797", "level": "INFO", "logger": "sqlalchemy.engine.Engine", "message": "[raw sql] ()"}
{"asctime": "2026-03-23 13:41:56,799", "level": "INFO", "logger": "sqlalchemy.engine.Engine", "message": "BEGIN (implicit)"}
{"asctime": "2026-03-23 13:41:56,802", "level": "INFO", "logger": "sqlalchemy.engine.Engine", "message": "SELECT pg_catalog.pg_class.relname \nFROM pg_catalog.pg_class JOIN pg_catalog.pg_namespace ON pg_catalog.pg_namespace.oid = pg_catalog.pg_class.relnamespace \nWHERE pg_catalog.pg_class.relname = $1::VARCHAR AND pg_catalog.pg_class.relkind = ANY (ARRAY[$2::VARCHAR, $3::VARCHAR, $4::VARCHAR, $5::VARCHAR, $6::VARCHAR]) AND pg_catalog.pg_table_is_visible(pg_catalog.pg_class.oid) AND pg_catalog.pg_namespace.nspname != $7::VARCHAR"}
{"asctime": "2026-03-23 13:41:56,803", "level": "INFO", "logger": "sqlalchemy.engine.Engine", "message": "[generated in 0.00032s] ('users', 'r', 'p', 'f', 'v', 'm', 'pg_catalog')"}
{"asctime": "2026-03-23 13:41:56,809", "level": "INFO", "logger": "sqlalchemy.engine.Engine", "message": "SELECT pg_catalog.pg_class.relname \nFROM pg_catalog.pg_class JOIN pg_catalog.pg_namespace ON pg_catalog.pg_namespace.oid = pg_catalog.pg_class.relnamespace \nWHERE pg_catalog.pg_class.relname = $1::VARCHAR AND pg_catalog.pg_class.relkind = ANY (ARRAY[$2::VARCHAR, $3::VARCHAR, $4::VARCHAR, $5::VARCHAR, $6::VARCHAR]) AND pg_catalog.pg_table_is_visible(pg_catalog.pg_class.oid) AND pg_catalog.pg_namespace.nspname != $7::VARCHAR"}
{"asctime": "2026-03-23 13:41:56,809", "level": "INFO", "logger": "sqlalchemy.engine.Engine", "message": "[cached since 0.005904s ago] ('otps', 'r', 'p', 'f', 'v', 'm', 'pg_catalog')"}
{"asctime": "2026-03-23 13:41:56,810", "level": "INFO", "logger": "sqlalchemy.engine.Engine", "message": "SELECT pg_catalog.pg_class.relname \nFROM pg_catalog.pg_class JOIN pg_catalog.pg_namespace ON pg_catalog.pg_namespace.oid = pg_catalog.pg_class.relnamespace \nWHERE pg_catalog.pg_class.relname = $1::VARCHAR AND pg_catalog.pg_class.relkind = ANY (ARRAY[$2::VARCHAR, $3::VARCHAR, $4::VARCHAR, $5::VARCHAR, $6::VARCHAR]) AND pg_catalog.pg_table_is_visible(pg_catalog.pg_class.oid) AND pg_catalog.pg_namespace.nspname != $7::VARCHAR"}
{"asctime": "2026-03-23 13:41:56,810", "level": "INFO", "logger": "sqlalchemy.engine.Engine", "message": "[cached since 0.006911s ago] ('family_members', 'r', 'p', 'f', 'v', 'm', 'pg_catalog')"}
{"asctime": "2026-03-23 13:41:56,811", "level": "INFO", "logger": "sqlalchemy.engine.Engine", "message": "SELECT pg_catalog.pg_class.relname \nFROM pg_catalog.pg_class JOIN pg_catalog.pg_namespace ON pg_catalog.pg_namespace.oid = pg_catalog.pg_class.relnamespace \nWHERE pg_catalog.pg_class.relname = $1::VARCHAR AND pg_catalog.pg_class.relkind = ANY (ARRAY[$2::VARCHAR, $3::VARCHAR, $4::VARCHAR, $5::VARCHAR, $6::VARCHAR]) AND pg_catalog.pg_table_is_visible(pg_catalog.pg_class.oid) AND pg_catalog.pg_namespace.nspname != $7::VARCHAR"}
{"asctime": "2026-03-23 13:41:56,816", "level": "INFO", "logger": "sqlalchemy.engine.Engine", "message": "[cached since 0.01339s ago] ('medical_records', 'r', 'p', 'f', 'v', 'm', 'pg_catalog')"}
{"asctime": "2026-03-23 13:41:56,817", "level": "INFO", "logger": "sqlalchemy.engine.Engine", "message": "SELECT pg_catalog.pg_class.relname \nFROM pg_catalog.pg_class JOIN pg_catalog.pg_namespace ON pg_catalog.pg_namespace.oid = pg_catalog.pg_class.relnamespace \nWHERE pg_catalog.pg_class.relname = $1::VARCHAR AND pg_catalog.pg_class.relkind = ANY (ARRAY[$2::VARCHAR, $3::VARCHAR, $4::VARCHAR, $5::VARCHAR, $6::VARCHAR]) AND pg_catalog.pg_table_is_visible(pg_catalog.pg_class.oid) AND pg_catalog.pg_namespace.nspname != $7::VARCHAR"}
{"asctime": "2026-03-23 13:41:56,818", "level": "INFO", "logger": "sqlalchemy.engine.Engine", "message": "[cached since 0.01484s ago] ('prescriptions', 'r', 'p', 'f', 'v', 'm', 'pg_catalog')"}
{"asctime": "2026-03-23 13:41:56,818", "level": "INFO", "logger": "sqlalchemy.engine.Engine", "message": "SELECT pg_catalog.pg_class.relname \nFROM pg_catalog.pg_class JOIN pg_catalog.pg_namespace ON pg_catalog.pg_namespace.oid = pg_catalog.pg_class.relnamespace \nWHERE pg_catalog.pg_class.relname = $1::VARCHAR AND pg_catalog.pg_class.relkind = ANY (ARRAY[$2::VARCHAR, $3::VARCHAR, $4::VARCHAR, $5::VARCHAR, $6::VARCHAR]) AND pg_catalog.pg_table_is_visible(pg_catalog.pg_class.oid) AND pg_catalog.pg_namespace.nspname != $7::VARCHAR"}
{"asctime": "2026-03-23 13:41:56,818", "level": "INFO", "logger": "sqlalchemy.engine.Engine", "message": "[cached since 0.01579s ago] ('medicines', 'r', 'p', 'f', 'v', 'm', 'pg_catalog')"}
{"asctime": "2026-03-23 13:41:56,819", "level": "INFO", "logger": "sqlalchemy.engine.Engine", "message": "SELECT pg_catalog.pg_class.relname \nFROM pg_catalog.pg_class JOIN pg_catalog.pg_namespace ON pg_catalog.pg_namespace.oid = pg_catalog.pg_class.relnamespace \nWHERE pg_catalog.pg_class.relname = $1::VARCHAR AND pg_catalog.pg_class.relkind = ANY (ARRAY[$2::VARCHAR, $3::VARCHAR, $4::VARCHAR, $5::VARCHAR, $6::VARCHAR]) AND pg_catalog.pg_table_is_visible(pg_catalog.pg_class.oid) AND pg_catalog.pg_namespace.nspname != $7::VARCHAR"}
{"asctime": "2026-03-23 13:41:56,820", "level": "INFO", "logger": "sqlalchemy.engine.Engine", "message": "[cached since 0.01712s ago] ('medication_schedules', 'r', 'p', 'f', 'v', 'm', 'pg_catalog')"}
{"asctime": "2026-03-23 13:41:56,820", "level": "INFO", "logger": "sqlalchemy.engine.Engine", "message": "SELECT pg_catalog.pg_class.relname \nFROM pg_catalog.pg_class JOIN pg_catalog.pg_namespace ON pg_catalog.pg_namespace.oid = pg_catalog.pg_class.relnamespace \nWHERE pg_catalog.pg_class.relname = $1::VARCHAR AND pg_catalog.pg_class.relkind = ANY (ARRAY[$2::VARCHAR, $3::VARCHAR, $4::VARCHAR, $5::VARCHAR, $6::VARCHAR]) AND pg_catalog.pg_table_is_visible(pg_catalog.pg_class.oid) AND pg_catalog.pg_namespace.nspname != $7::VARCHAR"}
{"asctime": "2026-03-23 13:41:56,820", "level": "INFO", "logger": "sqlalchemy.engine.Engine", "message": "[cached since 0.01799s ago] ('health_metrics', 'r', 'p', 'f', 'v', 'm', 'pg_catalog')"}
{"asctime": "2026-03-23 13:41:56,821", "level": "INFO", "logger": "sqlalchemy.engine.Engine", "message": "SELECT pg_catalog.pg_class.relname \nFROM pg_catalog.pg_class JOIN pg_catalog.pg_namespace ON pg_catalog.pg_namespace.oid = pg_catalog.pg_class.relnamespace \nWHERE pg_catalog.pg_class.relname = $1::VARCHAR AND pg_catalog.pg_class.relkind = ANY (ARRAY[$2::VARCHAR, $3::VARCHAR, $4::VARCHAR, $5::VARCHAR, $6::VARCHAR]) AND pg_catalog.pg_table_is_visible(pg_catalog.pg_class.oid) AND pg_catalog.pg_namespace.nspname != $7::VARCHAR"}
{"asctime": "2026-03-23 13:41:56,821", "level": "INFO", "logger": "sqlalchemy.engine.Engine", "message": "[cached since 0.01879s ago] ('emergency_contacts', 'r', 'p', 'f', 'v', 'm', 'pg_catalog')"}
{"asctime": "2026-03-23 13:41:56,821", "level": "INFO", "logger": "sqlalchemy.engine.Engine", "message": "SELECT pg_catalog.pg_class.relname \nFROM pg_catalog.pg_class JOIN pg_catalog.pg_namespace ON pg_catalog.pg_namespace.oid = pg_catalog.pg_class.relnamespace \nWHERE pg_catalog.pg_class.relname = $1::VARCHAR AND pg_catalog.pg_class.relkind = ANY (ARRAY[$2::VARCHAR, $3::VARCHAR, $4::VARCHAR, $5::VARCHAR, $6::VARCHAR]) AND pg_catalog.pg_table_is_visible(pg_catalog.pg_class.oid) AND pg_catalog.pg_namespace.nspname != $7::VARCHAR"}
{"asctime": "2026-03-23 13:41:56,821", "level": "INFO", "logger": "sqlalchemy.engine.Engine", "message": "[cached since 0.01941s ago] ('ai_conversations', 'r', 'p', 'f', 'v', 'm', 'pg_catalog')"}
{"asctime": "2026-03-23 13:41:56,823", "level": "INFO", "logger": "sqlalchemy.engine.Engine", "message": "COMMIT"}
{"asctime": "2026-03-23 13:44:30,117", "level": "INFO", "logger": "sqlalchemy.engine.Engine", "message": "select pg_catalog.version()"}
{"asctime": "2026-03-23 13:44:30,119", "level": "INFO", "logger": "sqlalchemy.engine.Engine", "message": "[raw sql] ()"}
{"asctime": "2026-03-23 13:44:30,121", "level": "INFO", "logger": "sqlalchemy.engine.Engine", "message": "select current_schema()"}
{"asctime": "2026-03-23 13:44:30,121", "level": "INFO", "logger": "sqlalchemy.engine.Engine", "message": "[raw sql] ()"}
{"asctime": "2026-03-23 13:44:30,122", "level": "INFO", "logger": "sqlalchemy.engine.Engine", "message": "show standard_conforming_strings"}
{"asctime": "2026-03-23 13:44:30,122", "level": "INFO", "logger": "sqlalchemy.engine.Engine", "message": "[raw sql] ()"}
{"asctime": "2026-03-23 13:44:30,123", "level": "INFO", "logger": "sqlalchemy.engine.Engine", "message": "BEGIN (implicit)"}
{"asctime": "2026-03-23 13:44:30,125", "level": "INFO", "logger": "sqlalchemy.engine.Engine", "message": "SELECT pg_catalog.pg_class.relname \nFROM pg_catalog.pg_class JOIN pg_catalog.pg_namespace ON pg_catalog.pg_namespace.oid = pg_catalog.pg_class.relnamespace \nWHERE pg_catalog.pg_class.relname = $1::VARCHAR AND pg_catalog.pg_class.relkind = ANY (ARRAY[$2::VARCHAR, $3::VARCHAR, $4::VARCHAR, $5::VARCHAR, $6::VARCHAR]) AND pg_catalog.pg_table_is_visible(pg_catalog.pg_class.oid) AND pg_catalog.pg_namespace.nspname != $7::VARCHAR"}
{"asctime": "2026-03-23 13:44:30,125", "level": "INFO", "logger": "sqlalchemy.engine.Engine", "message": "[generated in 0.00035s] ('users', 'r', 'p', 'f', 'v', 'm', 'pg_catalog')"}
{"asctime": "2026-03-23 13:44:30,131", "level": "INFO", "logger": "sqlalchemy.engine.Engine", "message": "SELECT pg_catalog.pg_class.relname \nFROM pg_catalog.pg_class JOIN pg_catalog.pg_namespace ON pg_catalog.pg_namespace.oid = pg_catalog.pg_class.relnamespace \nWHERE pg_catalog.pg_class.relname = $1::VARCHAR AND pg_catalog.pg_class.relkind = ANY (ARRAY[$2::VARCHAR, $3::VARCHAR, $4::VARCHAR, $5::VARCHAR, $6::VARCHAR]) AND pg_catalog.pg_table_is_visible(pg_catalog.pg_class.oid) AND pg_catalog.pg_namespace.nspname != $7::VARCHAR"}
{"asctime": "2026-03-23 13:44:30,131", "level": "INFO", "logger": "sqlalchemy.engine.Engine", "message": "[cached since 0.005845s ago] ('otps', 'r', 'p', 'f', 'v', 'm', 'pg_catalog')"}
{"asctime": "2026-03-23 13:44:30,132", "level": "INFO", "logger": "sqlalchemy.engine.Engine", "message": "SELECT pg_catalog.pg_class.relname \nFROM pg_catalog.pg_class JOIN pg_catalog.pg_namespace ON pg_catalog.pg_namespace.oid = pg_catalog.pg_class.relnamespace \nWHERE pg_catalog.pg_class.relname = $1::VARCHAR AND pg_catalog.pg_class.relkind = ANY (ARRAY[$2::VARCHAR, $3::VARCHAR, $4::VARCHAR, $5::VARCHAR, $6::VARCHAR]) AND pg_catalog.pg_table_is_visible(pg_catalog.pg_class.oid) AND pg_catalog.pg_namespace.nspname != $7::VARCHAR"}
{"asctime": "2026-03-23 13:44:30,132", "level": "INFO", "logger": "sqlalchemy.engine.Engine", "message": "[cached since 0.006797s ago] ('family_members', 'r', 'p', 'f', 'v', 'm', 'pg_catalog')"}
{"asctime": "2026-03-23 13:44:30,133", "level": "INFO", "logger": "sqlalchemy.engine.Engine", "message": "SELECT pg_catalog.pg_class.relname \nFROM pg_catalog.pg_class JOIN pg_catalog.pg_namespace ON pg_catalog.pg_namespace.oid = pg_catalog.pg_class.relnamespace \nWHERE pg_catalog.pg_class.relname = $1::VARCHAR AND pg_catalog.pg_class.relkind = ANY (ARRAY[$2::VARCHAR, $3::VARCHAR, $4::VARCHAR, $5::VARCHAR, $6::VARCHAR]) AND pg_catalog.pg_table_is_visible(pg_catalog.pg_class.oid) AND pg_catalog.pg_namespace.nspname != $7::VARCHAR"}
{"asctime": "2026-03-23 13:44:30,133", "level": "INFO", "logger": "sqlalchemy.engine.Engine", "message": "[cached since 0.007646s ago] ('medical_records', 'r', 'p', 'f', 'v', 'm', 'pg_catalog')"}
{"asctime": "2026-03-23 13:44:30,133", "level": "INFO", "logger": "sqlalchemy.engine.Engine", "message": "SELECT pg_catalog.pg_class.relname \nFROM pg_catalog.pg_class JOIN pg_catalog.pg_namespace ON pg_catalog.pg_namespace.oid = pg_catalog.pg_class.relnamespace \nWHERE pg_catalog.pg_class.relname = $1::VARCHAR AND pg_catalog.pg_class.relkind = ANY (ARRAY[$2::VARCHAR, $3::VARCHAR, $4::VARCHAR, $5::VARCHAR, $6::VARCHAR]) AND pg_catalog.pg_table_is_visible(pg_catalog.pg_class.oid) AND pg_catalog.pg_namespace.nspname != $7::VARCHAR"}
{"asctime": "2026-03-23 13:44:30,133", "level": "INFO", "logger": "sqlalchemy.engine.Engine", "message": "[cached since 0.00831s ago] ('prescriptions', 'r', 'p', 'f', 'v', 'm', 'pg_catalog')"}
{"asctime": "2026-03-23 13:44:30,134", "level": "INFO", "logger": "sqlalchemy.engine.Engine", "message": "SELECT pg_catalog.pg_class.relname \nFROM pg_catalog.pg_class JOIN pg_catalog.pg_namespace ON pg_catalog.pg_namespace.oid = pg_catalog.pg_class.relnamespace \nWHERE pg_catalog.pg_class.relname = $1::VARCHAR AND pg_catalog.pg_class.relkind = ANY (ARRAY[$2::VARCHAR, $3::VARCHAR, $4::VARCHAR, $5::VARCHAR, $6::VARCHAR]) AND pg_catalog.pg_table_is_visible(pg_catalog.pg_class.oid) AND pg_catalog.pg_namespace.nspname != $7::VARCHAR"}
{"asctime": "2026-03-23 13:44:30,134", "level": "INFO", "logger": "sqlalchemy.engine.Engine", "message": "[cached since 0.009177s ago] ('medicines', 'r', 'p', 'f', 'v', 'm', 'pg_catalog')"}
{"asctime": "2026-03-23 13:44:30,135", "level": "INFO", "logger": "sqlalchemy.engine.Engine", "message": "SELECT pg_catalog.pg_class.relname \nFROM pg_catalog.pg_class JOIN pg_catalog.pg_namespace ON pg_catalog.pg_namespace.oid = pg_catalog.pg_class.relnamespace \nWHERE pg_catalog.pg_class.relname = $1::VARCHAR AND pg_catalog.pg_class.relkind = ANY (ARRAY[$2::VARCHAR, $3::VARCHAR, $4::VARCHAR, $5::VARCHAR, $6::VARCHAR]) AND pg_catalog.pg_table_is_visible(pg_catalog.pg_class.oid) AND pg_catalog.pg_namespace.nspname != $7::VARCHAR"}
{"asctime": "2026-03-23 13:44:30,135", "level": "INFO", "logger": "sqlalchemy.engine.Engine", "message": "[cached since 0.01001s ago] ('medication_schedules', 'r', 'p', 'f', 'v', 'm', 'pg_catalog')"}
{"asctime": "2026-03-23 13:44:30,135", "level": "INFO", "logger": "sqlalchemy.engine.Engine", "message": "SELECT pg_catalog.pg_class.relname \nFROM pg_catalog.pg_class JOIN pg_catalog.pg_namespace ON pg_catalog.pg_namespace.oid = pg_catalog.pg_class.relnamespace \nWHERE pg_catalog.pg_class.relname = $1::VARCHAR AND pg_catalog.pg_class.relkind = ANY (ARRAY[$2::VARCHAR, $3::VARCHAR, $4::VARCHAR, $5::VARCHAR, $6::VARCHAR]) AND pg_catalog.pg_table_is_visible(pg_catalog.pg_class.oid) AND pg_catalog.pg_namespace.nspname != $7::VARCHAR"}
{"asctime": "2026-03-23 13:44:30,135", "level": "INFO", "logger": "sqlalchemy.engine.Engine", "message": "[cached since 0.01067s ago] ('health_metrics', 'r', 'p', 'f', 'v', 'm', 'pg_catalog')"}
{"asctime": "2026-03-23 13:44:30,137", "level": "INFO", "logger": "sqlalchemy.engine.Engine", "message": "SELECT pg_catalog.pg_class.relname \nFROM pg_catalog.pg_class JOIN pg_catalog.pg_namespace ON pg_catalog.pg_namespace.oid = pg_catalog.pg_class.relnamespace \nWHERE pg_catalog.pg_class.relname = $1::VARCHAR AND pg_catalog.pg_class.relkind = ANY (ARRAY[$2::VARCHAR, $3::VARCHAR, $4::VARCHAR, $5::VARCHAR, $6::VARCHAR]) AND pg_catalog.pg_table_is_visible(pg_catalog.pg_class.oid) AND pg_catalog.pg_namespace.nspname != $7::VARCHAR"}
{"asctime": "2026-03-23 13:44:30,137", "level": "INFO", "logger": "sqlalchemy.engine.Engine", "message": "[cached since 0.01135s ago] ('emergency_contacts', 'r', 'p', 'f', 'v', 'm', 'pg_catalog')"}
{"asctime": "2026-03-23 13:44:30,137", "level": "INFO", "logger": "sqlalchemy.engine.Engine", "message": "SELECT pg_catalog.pg_class.relname \nFROM pg_catalog.pg_class JOIN pg_catalog.pg_namespace ON pg_catalog.pg_namespace.oid = pg_catalog.pg_class.relnamespace \nWHERE pg_catalog.pg_class.relname = $1::VARCHAR AND pg_catalog.pg_class.relkind = ANY (ARRAY[$2::VARCHAR, $3::VARCHAR, $4::VARCHAR, $5::VARCHAR, $6::VARCHAR]) AND pg_catalog.pg_table_is_visible(pg_catalog.pg_class.oid) AND pg_catalog.pg_namespace.nspname != $7::VARCHAR"}
{"asctime": "2026-03-23 13:44:30,137", "level": "INFO", "logger": "sqlalchemy.engine.Engine", "message": "[cached since 0.01191s ago] ('ai_conversations', 'r', 'p', 'f', 'v', 'm', 'pg_catalog')"}
{"asctime": "2026-03-23 13:44:30,138", "level": "INFO", "logger": "sqlalchemy.engine.Engine", "message": "COMMIT"}
{"asctime": "2026-03-23 13:45:21,697", "level": "INFO", "logger": "sqlalchemy.engine.Engine", "message": "BEGIN (implicit)"}
{"asctime": "2026-03-23 13:45:21,697", "level": "INFO", "logger": "sqlalchemy.engine.Engine", "message": "SELECT * FROM sp_insert_otp($1, $2, $3, $4, $5)"}
{"asctime": "2026-03-23 13:45:21,698", "level": "INFO", "logger": "sqlalchemy.engine.Engine", "message": "[generated in 0.00036s] ('test@example.com', '585476', '028644ccca797355a1c39e6575109bc861695cab2f94cefb91a64777105b6567', 'register', datetime.datetime(2026, 3, 23, 8, 25, 21, 695640, tzinfo=datetime.timezone.utc))"}
{"asctime": "2026-03-23 13:45:21,748", "level": "INFO", "logger": "sqlalchemy.engine.Engine", "message": "COMMIT"}
{"asctime": "2026-03-23 13:49:33,379", "level": "INFO", "logger": "sqlalchemy.engine.Engine", "message": "BEGIN (implicit)"}
{"asctime": "2026-03-23 13:49:33,380", "level": "INFO", "logger": "sqlalchemy.engine.Engine", "message": "SELECT * FROM fn_get_due_reminders($1)"}
{"asctime": "2026-03-23 13:49:33,380", "level": "INFO", "logger": "sqlalchemy.engine.Engine", "message": "[generated in 0.00068s] (5,)"}
{"asctime": "2026-03-23 13:49:33,450", "level": "INFO", "logger": "sqlalchemy.engine.Engine", "message": "ROLLBACK"}
{"asctime": "2026-03-23 13:54:33,360", "level": "INFO", "logger": "sqlalchemy.engine.Engine", "message": "BEGIN (implicit)"}
{"asctime": "2026-03-23 13:54:33,361", "level": "INFO", "logger": "sqlalchemy.engine.Engine", "message": "SELECT * FROM fn_get_due_reminders($1)"}
{"asctime": "2026-03-23 13:54:33,361", "level": "INFO", "logger": "sqlalchemy.engine.Engine", "message": "[cached since 300s ago] (5,)"}
{"asctime": "2026-03-23 13:54:33,363", "level": "INFO", "logger": "sqlalchemy.engine.Engine", "message": "ROLLBACK"}
{"asctime": "2026-03-23 13:59:33,369", "level": "INFO", "logger": "sqlalchemy.engine.Engine", "message": "BEGIN (implicit)"}
{"asctime": "2026-03-23 13:59:33,370", "level": "INFO", "logger": "sqlalchemy.engine.Engine", "message": "SELECT * FROM fn_get_due_reminders($1)"}
{"asctime": "2026-03-23 13:59:33,370", "level": "INFO", "logger": "sqlalchemy.engine.Engine", "message": "[cached since 600s ago] (5,)"}
{"asctime": "2026-03-23 13:59:33,372", "level": "INFO", "logger": "sqlalchemy.engine.Engine", "message": "ROLLBACK"}
{"asctime": "2026-03-23 14:04:33,400", "level": "INFO", "logger": "sqlalchemy.engine.Engine", "message": "BEGIN (implicit)"}
{"asctime": "2026-03-23 14:04:33,401", "level": "INFO", "logger": "sqlalchemy.engine.Engine", "message": "SELECT * FROM fn_get_due_reminders($1)"}
{"asctime": "2026-03-23 14:04:33,403", "level": "INFO", "logger": "sqlalchemy.engine.Engine", "message": "[cached since 900s ago] (5,)"}
{"asctime": "2026-03-23 14:04:33,419", "level": "INFO", "logger": "sqlalchemy.engine.Engine", "message": "ROLLBACK"}
{"asctime": "2026-03-23 14:09:33,372", "level": "INFO", "logger": "sqlalchemy.engine.Engine", "message": "BEGIN (implicit)"}
{"asctime": "2026-03-23 14:09:33,380", "level": "INFO", "logger": "sqlalchemy.engine.Engine", "message": "SELECT * FROM fn_get_due_reminders($1)"}
{"asctime": "2026-03-23 14:09:33,380", "level": "INFO", "logger": "sqlalchemy.engine.Engine", "message": "[cached since 1200s ago] (5,)"}
{"asctime": "2026-03-23 14:09:33,385", "level": "INFO", "logger": "sqlalchemy.engine.Engine", "message": "ROLLBACK"}
{"asctime": "2026-03-23 14:14:33,371", "level": "INFO", "logger": "sqlalchemy.engine.Engine", "message": "BEGIN (implicit)"}
{"asctime": "2026-03-23 14:14:33,372", "level": "INFO", "logger": "sqlalchemy.engine.Engine", "message": "SELECT * FROM fn_get_due_reminders($1)"}
{"asctime": "2026-03-23 14:14:33,372", "level": "INFO", "logger": "sqlalchemy.engine.Engine", "message": "[cached since 1500s ago] (5,)"}
{"asctime": "2026-03-23 14:14:33,379", "level": "INFO", "logger": "sqlalchemy.engine.Engine", "message": "ROLLBACK"}
{"asctime": "2026-03-23 14:19:33,375", "level": "INFO", "logger": "sqlalchemy.engine.Engine", "message": "BEGIN (implicit)"}
{"asctime": "2026-03-23 14:19:33,376", "level": "INFO", "logger": "sqlalchemy.engine.Engine", "message": "SELECT * FROM fn_get_due_reminders($1)"}
{"asctime": "2026-03-23 14:19:33,376", "level": "INFO", "logger": "sqlalchemy.engine.Engine", "message": "[cached since 1800s ago] (5,)"}
{"asctime": "2026-03-23 14:19:33,378", "level": "INFO", "logger": "sqlalchemy.engine.Engine", "message": "ROLLBACK"}
{"asctime": "2026-03-23 14:24:33,370", "level": "INFO", "logger": "sqlalchemy.engine.Engine", "message": "BEGIN (implicit)"}
{"asctime": "2026-03-23 14:24:33,372", "level": "INFO", "logger": "sqlalchemy.engine.Engine", "message": "SELECT * FROM fn_get_due_reminders($1)"}
{"asctime": "2026-03-23 14:24:33,372", "level": "INFO", "logger": "sqlalchemy.engine.Engine", "message": "[cached since 2100s ago] (5,)"}
{"asctime": "2026-03-23 14:24:33,374", "level": "INFO", "logger": "sqlalchemy.engine.Engine", "message": "ROLLBACK"}
{"asctime": "2026-03-23 14:39:33,362", "level": "INFO", "logger": "sqlalchemy.engine.Engine", "message": "BEGIN (implicit)"}
{"asctime": "2026-03-23 14:39:33,364", "level": "INFO", "logger": "sqlalchemy.engine.Engine", "message": "SELECT * FROM fn_get_due_reminders($1)"}
{"asctime": "2026-03-23 14:39:33,365", "level": "INFO", "logger": "sqlalchemy.engine.Engine", "message": "[cached since 3000s ago] (5,)"}
{"asctime": "2026-03-23 14:39:33,367", "level": "INFO", "logger": "sqlalchemy.engine.Engine", "message": "ROLLBACK"}
{"asctime": "2026-03-23 14:44:33,368", "level": "INFO", "logger": "sqlalchemy.engine.Engine", "message": "BEGIN (implicit)"}
{"asctime": "2026-03-23 14:44:33,370", "level": "INFO", "logger": "sqlalchemy.engine.Engine", "message": "SELECT * FROM fn_get_due_reminders($1)"}
{"asctime": "2026-03-23 14:44:33,371", "level": "INFO", "logger": "sqlalchemy.engine.Engine", "message": "[cached since 3300s ago] (5,)"}
{"asctime": "2026-03-23 14:44:33,372", "level": "INFO", "logger": "sqlalchemy.engine.Engine", "message": "ROLLBACK"}
{"asctime": "2026-03-23 14:49:33,362", "level": "INFO", "logger": "sqlalchemy.engine.Engine", "message": "BEGIN (implicit)"}
{"asctime": "2026-03-23 14:49:33,363", "level": "INFO", "logger": "sqlalchemy.engine.Engine", "message": "SELECT * FROM fn_get_due_reminders($1)"}
{"asctime": "2026-03-23 14:49:33,364", "level": "INFO", "logger": "sqlalchemy.engine.Engine", "message": "[cached since 3600s ago] (5,)"}
{"asctime": "2026-03-23 14:49:33,368", "level": "INFO", "logger": "sqlalchemy.engine.Engine", "message": "ROLLBACK"}
{"asctime": "2026-03-23 14:54:33,361", "level": "INFO", "logger": "sqlalchemy.engine.Engine", "message": "BEGIN (implicit)"}
{"asctime": "2026-03-23 14:54:33,363", "level": "INFO", "logger": "sqlalchemy.engine.Engine", "message": "SELECT * FROM fn_get_due_reminders($1)"}
{"asctime": "2026-03-23 14:54:33,363", "level": "INFO", "logger": "sqlalchemy.engine.Engine", "message": "[cached since 3900s ago] (5,)"}
{"asctime": "2026-03-23 14:54:33,366", "level": "INFO", "logger": "sqlalchemy.engine.Engine", "message": "ROLLBACK"}
{"asctime": "2026-03-23 14:59:33,369", "level": "INFO", "logger": "sqlalchemy.engine.Engine", "message": "BEGIN (implicit)"}
{"asctime": "2026-03-23 14:59:33,370", "level": "INFO", "logger": "sqlalchemy.engine.Engine", "message": "SELECT * FROM fn_get_due_reminders($1)"}
{"asctime": "2026-03-23 14:59:33,370", "level": "INFO", "logger": "sqlalchemy.engine.Engine", "message": "[cached since 4200s ago] (5,)"}
{"asctime": "2026-03-23 14:59:33,372", "level": "INFO", "logger": "sqlalchemy.engine.Engine", "message": "ROLLBACK"}
{"asctime": "2026-03-23 15:04:33,376", "level": "INFO", "logger": "sqlalchemy.engine.Engine", "message": "BEGIN (implicit)"}
{"asctime": "2026-03-23 15:04:33,378", "level": "INFO", "logger": "sqlalchemy.engine.Engine", "message": "SELECT * FROM fn_get_due_reminders($1)"}
{"asctime": "2026-03-23 15:04:33,378", "level": "INFO", "logger": "sqlalchemy.engine.Engine", "message": "[cached since 4500s ago] (5,)"}
{"asctime": "2026-03-23 15:04:33,382", "level": "INFO", "logger": "sqlalchemy.engine.Engine", "message": "ROLLBACK"}
{"asctime": "2026-03-23 15:09:33,380", "level": "INFO", "logger": "sqlalchemy.engine.Engine", "message": "BEGIN (implicit)"}
{"asctime": "2026-03-23 15:09:33,381", "level": "INFO", "logger": "sqlalchemy.engine.Engine", "message": "SELECT * FROM fn_get_due_reminders($1)"}
{"asctime": "2026-03-23 15:09:33,381", "level": "INFO", "logger": "sqlalchemy.engine.Engine", "message": "[cached since 4800s ago] (5,)"}
{"asctime": "2026-03-23 15:09:33,384", "level": "INFO", "logger": "sqlalchemy.engine.Engine", "message": "ROLLBACK"}
{"asctime": "2026-03-23 15:14:33,375", "level": "INFO", "logger": "sqlalchemy.engine.Engine", "message": "BEGIN (implicit)"}
{"asctime": "2026-03-23 15:14:33,378", "level": "INFO", "logger": "sqlalchemy.engine.Engine", "message": "SELECT * FROM fn_get_due_reminders($1)"}
{"asctime": "2026-03-23 15:14:33,379", "level": "INFO", "logger": "sqlalchemy.engine.Engine", "message": "[cached since 5100s ago] (5,)"}
{"asctime": "2026-03-23 15:14:33,381", "level": "INFO", "logger": "sqlalchemy.engine.Engine", "message": "ROLLBACK"}
{"asctime": "2026-03-23 15:19:33,372", "level": "INFO", "logger": "sqlalchemy.engine.Engine", "message": "BEGIN (implicit)"}
{"asctime": "2026-03-23 15:19:33,374", "level": "INFO", "logger": "sqlalchemy.engine.Engine", "message": "SELECT * FROM fn_get_due_reminders($1)"}
{"asctime": "2026-03-23 15:19:33,374", "level": "INFO", "logger": "sqlalchemy.engine.Engine", "message": "[cached since 5400s ago] (5,)"}
{"asctime": "2026-03-23 15:19:33,377", "level": "INFO", "logger": "sqlalchemy.engine.Engine", "message": "ROLLBACK"}
{"asctime": "2026-03-23 15:24:33,361", "level": "INFO", "logger": "sqlalchemy.engine.Engine", "message": "BEGIN (implicit)"}
{"asctime": "2026-03-23 15:24:33,363", "level": "INFO", "logger": "sqlalchemy.engine.Engine", "message": "SELECT * FROM fn_get_due_reminders($1)"}
{"asctime": "2026-03-23 15:24:33,363", "level": "INFO", "logger": "sqlalchemy.engine.Engine", "message": "[cached since 5700s ago] (5,)"}
{"asctime": "2026-03-23 15:24:33,366", "level": "INFO", "logger": "sqlalchemy.engine.Engine", "message": "ROLLBACK"}
{"asctime": "2026-03-23 15:29:33,367", "level": "INFO", "logger": "sqlalchemy.engine.Engine", "message": "BEGIN (implicit)"}
{"asctime": "2026-03-23 15:29:33,369", "level": "INFO", "logger": "sqlalchemy.engine.Engine", "message": "SELECT * FROM fn_get_due_reminders($1)"}
{"asctime": "2026-03-23 15:29:33,369", "level": "INFO", "logger": "sqlalchemy.engine.Engine", "message": "[cached since 6000s ago] (5,)"}
{"asctime": "2026-03-23 15:29:33,371", "level": "INFO", "logger": "sqlalchemy.engine.Engine", "message": "ROLLBACK"}
{"asctime": "2026-03-23 15:34:33,359", "level": "INFO", "logger": "sqlalchemy.engine.Engine", "message": "BEGIN (implicit)"}
{"asctime": "2026-03-23 15:34:33,359", "level": "INFO", "logger": "sqlalchemy.engine.Engine", "message": "SELECT * FROM fn_get_due_reminders($1)"}
{"asctime": "2026-03-23 15:34:33,361", "level": "INFO", "logger": "sqlalchemy.engine.Engine", "message": "[cached since 6300s ago] (5,)"}
{"asctime": "2026-03-23 15:34:33,363", "level": "INFO", "logger": "sqlalchemy.engine.Engine", "message": "ROLLBACK"}
{"asctime": "2026-03-23 15:39:33,364", "level": "INFO", "logger": "sqlalchemy.engine.Engine", "message": "BEGIN (implicit)"}
{"asctime": "2026-03-23 15:39:33,365", "level": "INFO", "logger": "sqlalchemy.engine.Engine", "message": "SELECT * FROM fn_get_due_reminders($1)"}
{"asctime": "2026-03-23 15:39:33,365", "level": "INFO", "logger": "sqlalchemy.engine.Engine", "message": "[cached since 6600s ago] (5,)"}
{"asctime": "2026-03-23 15:39:33,368", "level": "INFO", "logger": "sqlalchemy.engine.Engine", "message": "ROLLBACK"}
{"asctime": "2026-03-23 15:44:33,366", "level": "INFO", "logger": "sqlalchemy.engine.Engine", "message": "BEGIN (implicit)"}
{"asctime": "2026-03-23 15:44:33,367", "level": "INFO", "logger": "sqlalchemy.engine.Engine", "message": "SELECT * FROM fn_get_due_reminders($1)"}
{"asctime": "2026-03-23 15:44:33,367", "level": "INFO", "logger": "sqlalchemy.engine.Engine", "message": "[cached since 6900s ago] (5,)"}
{"asctime": "2026-03-23 15:44:33,369", "level": "INFO", "logger": "sqlalchemy.engine.Engine", "message": "ROLLBACK"}
{"asctime": "2026-03-23 15:59:33,361", "level": "INFO", "logger": "sqlalchemy.engine.Engine", "message": "BEGIN (implicit)"}
{"asctime": "2026-03-23 15:59:33,364", "level": "INFO", "logger": "sqlalchemy.engine.Engine", "message": "SELECT * FROM fn_get_due_reminders($1)"}
{"asctime": "2026-03-23 15:59:33,364", "level": "INFO", "logger": "sqlalchemy.engine.Engine", "message": "[cached since 7808s ago] (5,)"}
{"asctime": "2026-03-23 15:59:33,367", "level": "INFO", "logger": "sqlalchemy.engine.Engine", "message": "ROLLBACK"}
{"asctime": "2026-03-23 16:04:33,370", "level": "INFO", "logger": "sqlalchemy.engine.Engine", "message": "BEGIN (implicit)"}
{"asctime": "2026-03-23 16:04:33,372", "level": "INFO", "logger": "sqlalchemy.engine.Engine", "message": "SELECT * FROM fn_get_due_reminders($1)"}
{"asctime": "2026-03-23 16:04:33,372", "level": "INFO", "logger": "sqlalchemy.engine.Engine", "message": "[cached since 8108s ago] (5,)"}
{"asctime": "2026-03-23 16:04:33,374", "level": "INFO", "logger": "sqlalchemy.engine.Engine", "message": "ROLLBACK"}
{"asctime": "2026-03-23 16:09:33,372", "level": "INFO", "logger": "sqlalchemy.engine.Engine", "message": "BEGIN (implicit)"}
{"asctime": "2026-03-23 16:09:33,374", "level": "INFO", "logger": "sqlalchemy.engine.Engine", "message": "SELECT * FROM fn_get_due_reminders($1)"}
{"asctime": "2026-03-23 16:09:33,375", "level": "INFO", "logger": "sqlalchemy.engine.Engine", "message": "[cached since 8408s ago] (5,)"}
{"asctime": "2026-03-23 16:09:33,377", "level": "INFO", "logger": "sqlalchemy.engine.Engine", "message": "ROLLBACK"}
{"asctime": "2026-03-23 16:14:33,358", "level": "INFO", "logger": "sqlalchemy.engine.Engine", "message": "BEGIN (implicit)"}
{"asctime": "2026-03-23 16:14:33,359", "level": "INFO", "logger": "sqlalchemy.engine.Engine", "message": "SELECT * FROM fn_get_due_reminders($1)"}
{"asctime": "2026-03-23 16:14:33,361", "level": "INFO", "logger": "sqlalchemy.engine.Engine", "message": "[cached since 8708s ago] (5,)"}
{"asctime": "2026-03-23 16:14:33,361", "level": "INFO", "logger": "sqlalchemy.engine.Engine", "message": "ROLLBACK"}
{"asctime": "2026-03-23 16:19:33,369", "level": "INFO", "logger": "sqlalchemy.engine.Engine", "message": "BEGIN (implicit)"}
{"asctime": "2026-03-23 16:19:33,369", "level": "INFO", "logger": "sqlalchemy.engine.Engine", "message": "SELECT * FROM fn_get_due_reminders($1)"}
{"asctime": "2026-03-23 16:19:33,371", "level": "INFO", "logger": "sqlalchemy.engine.Engine", "message": "[cached since 9008s ago] (5,)"}
{"asctime": "2026-03-23 16:19:33,374", "level": "INFO", "logger": "sqlalchemy.engine.Engine", "message": "ROLLBACK"}
{"asctime": "2026-03-23 16:24:33,368", "level": "INFO", "logger": "sqlalchemy.engine.Engine", "message": "BEGIN (implicit)"}
{"asctime": "2026-03-23 16:24:33,370", "level": "INFO", "logger": "sqlalchemy.engine.Engine", "message": "SELECT * FROM fn_get_due_reminders($1)"}
{"asctime": "2026-03-23 16:24:33,371", "level": "INFO", "logger": "sqlalchemy.engine.Engine", "message": "[cached since 9308s ago] (5,)"}
{"asctime": "2026-03-23 16:24:33,374", "level": "INFO", "logger": "sqlalchemy.engine.Engine", "message": "ROLLBACK"}
{"asctime": "2026-03-23 16:32:35,702", "level": "INFO", "logger": "sqlalchemy.engine.Engine", "message": "select pg_catalog.version()"}
{"asctime": "2026-03-23 16:32:35,703", "level": "INFO", "logger": "sqlalchemy.engine.Engine", "message": "[raw sql] ()"}
{"asctime": "2026-03-23 16:32:35,704", "level": "INFO", "logger": "sqlalchemy.engine.Engine", "message": "select current_schema()"}
{"asctime": "2026-03-23 16:32:35,704", "level": "INFO", "logger": "sqlalchemy.engine.Engine", "message": "[raw sql] ()"}
{"asctime": "2026-03-23 16:32:35,705", "level": "INFO", "logger": "sqlalchemy.engine.Engine", "message": "show standard_conforming_strings"}
{"asctime": "2026-03-23 16:32:35,705", "level": "INFO", "logger": "sqlalchemy.engine.Engine", "message": "[raw sql] ()"}
{"asctime": "2026-03-23 16:32:35,706", "level": "INFO", "logger": "sqlalchemy.engine.Engine", "message": "BEGIN (implicit)"}
{"asctime": "2026-03-23 16:32:35,707", "level": "INFO", "logger": "sqlalchemy.engine.Engine", "message": "SELECT pg_catalog.pg_class.relname \nFROM pg_catalog.pg_class JOIN pg_catalog.pg_namespace ON pg_catalog.pg_namespace.oid = pg_catalog.pg_class.relnamespace \nWHERE pg_catalog.pg_class.relname = $1::VARCHAR AND pg_catalog.pg_class.relkind = ANY (ARRAY[$2::VARCHAR, $3::VARCHAR, $4::VARCHAR, $5::VARCHAR, $6::VARCHAR]) AND pg_catalog.pg_table_is_visible(pg_catalog.pg_class.oid) AND pg_catalog.pg_namespace.nspname != $7::VARCHAR"}
{"asctime": "2026-03-23 16:32:35,708", "level": "INFO", "logger": "sqlalchemy.engine.Engine", "message": "[generated in 0.00028s] ('users', 'r', 'p', 'f', 'v', 'm', 'pg_catalog')"}
{"asctime": "2026-03-23 16:32:35,711", "level": "INFO", "logger": "sqlalchemy.engine.Engine", "message": "SELECT pg_catalog.pg_class.relname \nFROM pg_catalog.pg_class JOIN pg_catalog.pg_namespace ON pg_catalog.pg_namespace.oid = pg_catalog.pg_class.relnamespace \nWHERE pg_catalog.pg_class.relname = $1::VARCHAR AND pg_catalog.pg_class.relkind = ANY (ARRAY[$2::VARCHAR, $3::VARCHAR, $4::VARCHAR, $5::VARCHAR, $6::VARCHAR]) AND pg_catalog.pg_table_is_visible(pg_catalog.pg_class.oid) AND pg_catalog.pg_namespace.nspname != $7::VARCHAR"}
{"asctime": "2026-03-23 16:32:35,711", "level": "INFO", "logger": "sqlalchemy.engine.Engine", "message": "[cached since 0.004214s ago] ('otps', 'r', 'p', 'f', 'v', 'm', 'pg_catalog')"}
{"asctime": "2026-03-23 16:32:35,713", "level": "INFO", "logger": "sqlalchemy.engine.Engine", "message": "SELECT pg_catalog.pg_class.relname \nFROM pg_catalog.pg_class JOIN pg_catalog.pg_namespace ON pg_catalog.pg_namespace.oid = pg_catalog.pg_class.relnamespace \nWHERE pg_catalog.pg_class.relname = $1::VARCHAR AND pg_catalog.pg_class.relkind = ANY (ARRAY[$2::VARCHAR, $3::VARCHAR, $4::VARCHAR, $5::VARCHAR, $6::VARCHAR]) AND pg_catalog.pg_table_is_visible(pg_catalog.pg_class.oid) AND pg_catalog.pg_namespace.nspname != $7::VARCHAR"}
{"asctime": "2026-03-23 16:32:35,713", "level": "INFO", "logger": "sqlalchemy.engine.Engine", "message": "[cached since 0.004761s ago] ('family_members', 'r', 'p', 'f', 'v', 'm', 'pg_catalog')"}
{"asctime": "2026-03-23 16:32:35,713", "level": "INFO", "logger": "sqlalchemy.engine.Engine", "message": "SELECT pg_catalog.pg_class.relname \nFROM pg_catalog.pg_class JOIN pg_catalog.pg_namespace ON pg_catalog.pg_namespace.oid = pg_catalog.pg_class.relnamespace \nWHERE pg_catalog.pg_class.relname = $1::VARCHAR AND pg_catalog.pg_class.relkind = ANY (ARRAY[$2::VARCHAR, $3::VARCHAR, $4::VARCHAR, $5::VARCHAR, $6::VARCHAR]) AND pg_catalog.pg_table_is_visible(pg_catalog.pg_class.oid) AND pg_catalog.pg_namespace.nspname != $7::VARCHAR"}
{"asctime": "2026-03-23 16:32:35,713", "level": "INFO", "logger": "sqlalchemy.engine.Engine", "message": "[cached since 0.005273s ago] ('medical_records', 'r', 'p', 'f', 'v', 'm', 'pg_catalog')"}
{"asctime": "2026-03-23 16:32:35,714", "level": "INFO", "logger": "sqlalchemy.engine.Engine", "message": "SELECT pg_catalog.pg_class.relname \nFROM pg_catalog.pg_class JOIN pg_catalog.pg_namespace ON pg_catalog.pg_namespace.oid = pg_catalog.pg_class.relnamespace \nWHERE pg_catalog.pg_class.relname = $1::VARCHAR AND pg_catalog.pg_class.relkind = ANY (ARRAY[$2::VARCHAR, $3::VARCHAR, $4::VARCHAR, $5::VARCHAR, $6::VARCHAR]) AND pg_catalog.pg_table_is_visible(pg_catalog.pg_class.oid) AND pg_catalog.pg_namespace.nspname != $7::VARCHAR"}
{"asctime": "2026-03-23 16:32:35,714", "level": "INFO", "logger": "sqlalchemy.engine.Engine", "message": "[cached since 0.005724s ago] ('prescriptions', 'r', 'p', 'f', 'v', 'm', 'pg_catalog')"}
{"asctime": "2026-03-23 16:32:35,714", "level": "INFO", "logger": "sqlalchemy.engine.Engine", "message": "SELECT pg_catalog.pg_class.relname \nFROM pg_catalog.pg_class JOIN pg_catalog.pg_namespace ON pg_catalog.pg_namespace.oid = pg_catalog.pg_class.relnamespace \nWHERE pg_catalog.pg_class.relname = $1::VARCHAR AND pg_catalog.pg_class.relkind = ANY (ARRAY[$2::VARCHAR, $3::VARCHAR, $4::VARCHAR, $5::VARCHAR, $6::VARCHAR]) AND pg_catalog.pg_table_is_visible(pg_catalog.pg_class.oid) AND pg_catalog.pg_namespace.nspname != $7::VARCHAR"}
{"asctime": "2026-03-23 16:32:35,714", "level": "INFO", "logger": "sqlalchemy.engine.Engine", "message": "[cached since 0.006215s ago] ('medicines', 'r', 'p', 'f', 'v', 'm', 'pg_catalog')"}
{"asctime": "2026-03-23 16:32:35,715", "level": "INFO", "logger": "sqlalchemy.engine.Engine", "message": "SELECT pg_catalog.pg_class.relname \nFROM pg_catalog.pg_class JOIN pg_catalog.pg_namespace ON pg_catalog.pg_namespace.oid = pg_catalog.pg_class.relnamespace \nWHERE pg_catalog.pg_class.relname = $1::VARCHAR AND pg_catalog.pg_class.relkind = ANY (ARRAY[$2::VARCHAR, $3::VARCHAR, $4::VARCHAR, $5::VARCHAR, $6::VARCHAR]) AND pg_catalog.pg_table_is_visible(pg_catalog.pg_class.oid) AND pg_catalog.pg_namespace.nspname != $7::VARCHAR"}
{"asctime": "2026-03-23 16:32:35,715", "level": "INFO", "logger": "sqlalchemy.engine.Engine", "message": "[cached since 0.006624s ago] ('medication_schedules', 'r', 'p', 'f', 'v', 'm', 'pg_catalog')"}
{"asctime": "2026-03-23 16:32:35,715", "level": "INFO", "logger": "sqlalchemy.engine.Engine", "message": "SELECT pg_catalog.pg_class.relname \nFROM pg_catalog.pg_class JOIN pg_catalog.pg_namespace ON pg_catalog.pg_namespace.oid = pg_catalog.pg_class.relnamespace \nWHERE pg_catalog.pg_class.relname = $1::VARCHAR AND pg_catalog.pg_class.relkind = ANY (ARRAY[$2::VARCHAR, $3::VARCHAR, $4::VARCHAR, $5::VARCHAR, $6::VARCHAR]) AND pg_catalog.pg_table_is_visible(pg_catalog.pg_class.oid) AND pg_catalog.pg_namespace.nspname != $7::VARCHAR"}
{"asctime": "2026-03-23 16:32:35,715", "level": "INFO", "logger": "sqlalchemy.engine.Engine", "message": "[cached since 0.007013s ago] ('health_metrics', 'r', 'p', 'f', 'v', 'm', 'pg_catalog')"}
{"asctime": "2026-03-23 16:32:35,715", "level": "INFO", "logger": "sqlalchemy.engine.Engine", "message": "SELECT pg_catalog.pg_class.relname \nFROM pg_catalog.pg_class JOIN pg_catalog.pg_namespace ON pg_catalog.pg_namespace.oid = pg_catalog.pg_class.relnamespace \nWHERE pg_catalog.pg_class.relname = $1::VARCHAR AND pg_catalog.pg_class.relkind = ANY (ARRAY[$2::VARCHAR, $3::VARCHAR, $4::VARCHAR, $5::VARCHAR, $6::VARCHAR]) AND pg_catalog.pg_table_is_visible(pg_catalog.pg_class.oid) AND pg_catalog.pg_namespace.nspname != $7::VARCHAR"}
{"asctime": "2026-03-23 16:32:35,716", "level": "INFO", "logger": "sqlalchemy.engine.Engine", "message": "[cached since 0.007344s ago] ('emergency_contacts', 'r', 'p', 'f', 'v', 'm', 'pg_catalog')"}
{"asctime": "2026-03-23 16:32:35,716", "level": "INFO", "logger": "sqlalchemy.engine.Engine", "message": "SELECT pg_catalog.pg_class.relname \nFROM pg_catalog.pg_class JOIN pg_catalog.pg_namespace ON pg_catalog.pg_namespace.oid = pg_catalog.pg_class.relnamespace \nWHERE pg_catalog.pg_class.relname = $1::VARCHAR AND pg_catalog.pg_class.relkind = ANY (ARRAY[$2::VARCHAR, $3::VARCHAR, $4::VARCHAR, $5::VARCHAR, $6::VARCHAR]) AND pg_catalog.pg_table_is_visible(pg_catalog.pg_class.oid) AND pg_catalog.pg_namespace.nspname != $7::VARCHAR"}
{"asctime": "2026-03-23 16:32:35,716", "level": "INFO", "logger": "sqlalchemy.engine.Engine", "message": "[cached since 0.00765s ago] ('ai_conversations', 'r', 'p', 'f', 'v', 'm', 'pg_catalog')"}
{"asctime": "2026-03-23 16:32:35,716", "level": "INFO", "logger": "sqlalchemy.engine.Engine", "message": "COMMIT"}
{"asctime": "2026-03-23 16:33:07,152", "level": "INFO", "logger": "sqlalchemy.engine.Engine", "message": "select pg_catalog.version()"}
{"asctime": "2026-03-23 16:33:07,152", "level": "INFO", "logger": "sqlalchemy.engine.Engine", "message": "[raw sql] ()"}
{"asctime": "2026-03-23 16:33:07,153", "level": "INFO", "logger": "sqlalchemy.engine.Engine", "message": "select current_schema()"}
{"asctime": "2026-03-23 16:33:07,153", "level": "INFO", "logger": "sqlalchemy.engine.Engine", "message": "[raw sql] ()"}
{"asctime": "2026-03-23 16:33:07,155", "level": "INFO", "logger": "sqlalchemy.engine.Engine", "message": "show standard_conforming_strings"}
{"asctime": "2026-03-23 16:33:07,155", "level": "INFO", "logger": "sqlalchemy.engine.Engine", "message": "[raw sql] ()"}
{"asctime": "2026-03-23 16:33:07,155", "level": "INFO", "logger": "sqlalchemy.engine.Engine", "message": "BEGIN (implicit)"}
{"asctime": "2026-03-23 16:33:07,157", "level": "INFO", "logger": "sqlalchemy.engine.Engine", "message": "SELECT pg_catalog.pg_class.relname \nFROM pg_catalog.pg_class JOIN pg_catalog.pg_namespace ON pg_catalog.pg_namespace.oid = pg_catalog.pg_class.relnamespace \nWHERE pg_catalog.pg_class.relname = $1::VARCHAR AND pg_catalog.pg_class.relkind = ANY (ARRAY[$2::VARCHAR, $3::VARCHAR, $4::VARCHAR, $5::VARCHAR, $6::VARCHAR]) AND pg_catalog.pg_table_is_visible(pg_catalog.pg_class.oid) AND pg_catalog.pg_namespace.nspname != $7::VARCHAR"}
{"asctime": "2026-03-23 16:33:07,158", "level": "INFO", "logger": "sqlalchemy.engine.Engine", "message": "[generated in 0.00031s] ('users', 'r', 'p', 'f', 'v', 'm', 'pg_catalog')"}
{"asctime": "2026-03-23 16:33:07,160", "level": "INFO", "logger": "sqlalchemy.engine.Engine", "message": "SELECT pg_catalog.pg_class.relname \nFROM pg_catalog.pg_class JOIN pg_catalog.pg_namespace ON pg_catalog.pg_namespace.oid = pg_catalog.pg_class.relnamespace \nWHERE pg_catalog.pg_class.relname = $1::VARCHAR AND pg_catalog.pg_class.relkind = ANY (ARRAY[$2::VARCHAR, $3::VARCHAR, $4::VARCHAR, $5::VARCHAR, $6::VARCHAR]) AND pg_catalog.pg_table_is_visible(pg_catalog.pg_class.oid) AND pg_catalog.pg_namespace.nspname != $7::VARCHAR"}
{"asctime": "2026-03-23 16:33:07,160", "level": "INFO", "logger": "sqlalchemy.engine.Engine", "message": "[cached since 0.003211s ago] ('otps', 'r', 'p', 'f', 'v', 'm', 'pg_catalog')"}
{"asctime": "2026-03-23 16:33:07,160", "level": "INFO", "logger": "sqlalchemy.engine.Engine", "message": "SELECT pg_catalog.pg_class.relname \nFROM pg_catalog.pg_class JOIN pg_catalog.pg_namespace ON pg_catalog.pg_namespace.oid = pg_catalog.pg_class.relnamespace \nWHERE pg_catalog.pg_class.relname = $1::VARCHAR AND pg_catalog.pg_class.relkind = ANY (ARRAY[$2::VARCHAR, $3::VARCHAR, $4::VARCHAR, $5::VARCHAR, $6::VARCHAR]) AND pg_catalog.pg_table_is_visible(pg_catalog.pg_class.oid) AND pg_catalog.pg_namespace.nspname != $7::VARCHAR"}
{"asctime": "2026-03-23 16:33:07,161", "level": "INFO", "logger": "sqlalchemy.engine.Engine", "message": "[cached since 0.003885s ago] ('family_members', 'r', 'p', 'f', 'v', 'm', 'pg_catalog')"}
{"asctime": "2026-03-23 16:33:07,161", "level": "INFO", "logger": "sqlalchemy.engine.Engine", "message": "SELECT pg_catalog.pg_class.relname \nFROM pg_catalog.pg_class JOIN pg_catalog.pg_namespace ON pg_catalog.pg_namespace.oid = pg_catalog.pg_class.relnamespace \nWHERE pg_catalog.pg_class.relname = $1::VARCHAR AND pg_catalog.pg_class.relkind = ANY (ARRAY[$2::VARCHAR, $3::VARCHAR, $4::VARCHAR, $5::VARCHAR, $6::VARCHAR]) AND pg_catalog.pg_table_is_visible(pg_catalog.pg_class.oid) AND pg_catalog.pg_namespace.nspname != $7::VARCHAR"}
{"asctime": "2026-03-23 16:33:07,161", "level": "INFO", "logger": "sqlalchemy.engine.Engine", "message": "[cached since 0.004484s ago] ('medical_records', 'r', 'p', 'f', 'v', 'm', 'pg_catalog')"}
{"asctime": "2026-03-23 16:33:07,161", "level": "INFO", "logger": "sqlalchemy.engine.Engine", "message": "SELECT pg_catalog.pg_class.relname \nFROM pg_catalog.pg_class JOIN pg_catalog.pg_namespace ON pg_catalog.pg_namespace.oid = pg_catalog.pg_class.relnamespace \nWHERE pg_catalog.pg_class.relname = $1::VARCHAR AND pg_catalog.pg_class.relkind = ANY (ARRAY[$2::VARCHAR, $3::VARCHAR, $4::VARCHAR, $5::VARCHAR, $6::VARCHAR]) AND pg_catalog.pg_table_is_visible(pg_catalog.pg_class.oid) AND pg_catalog.pg_namespace.nspname != $7::VARCHAR"}
{"asctime": "2026-03-23 16:33:07,162", "level": "INFO", "logger": "sqlalchemy.engine.Engine", "message": "[cached since 0.005008s ago] ('prescriptions', 'r', 'p', 'f', 'v', 'm', 'pg_catalog')"}
{"asctime": "2026-03-23 16:33:07,162", "level": "INFO", "logger": "sqlalchemy.engine.Engine", "message": "SELECT pg_catalog.pg_class.relname \nFROM pg_catalog.pg_class JOIN pg_catalog.pg_namespace ON pg_catalog.pg_namespace.oid = pg_catalog.pg_class.relnamespace \nWHERE pg_catalog.pg_class.relname = $1::VARCHAR AND pg_catalog.pg_class.relkind = ANY (ARRAY[$2::VARCHAR, $3::VARCHAR, $4::VARCHAR, $5::VARCHAR, $6::VARCHAR]) AND pg_catalog.pg_table_is_visible(pg_catalog.pg_class.oid) AND pg_catalog.pg_namespace.nspname != $7::VARCHAR"}
{"asctime": "2026-03-23 16:33:07,162", "level": "INFO", "logger": "sqlalchemy.engine.Engine", "message": "[cached since 0.005713s ago] ('medicines', 'r', 'p', 'f', 'v', 'm', 'pg_catalog')"}
{"asctime": "2026-03-23 16:33:07,164", "level": "INFO", "logger": "sqlalchemy.engine.Engine", "message": "SELECT pg_catalog.pg_class.relname \nFROM pg_catalog.pg_class JOIN pg_catalog.pg_namespace ON pg_catalog.pg_namespace.oid = pg_catalog.pg_class.relnamespace \nWHERE pg_catalog.pg_class.relname = $1::VARCHAR AND pg_catalog.pg_class.relkind = ANY (ARRAY[$2::VARCHAR, $3::VARCHAR, $4::VARCHAR, $5::VARCHAR, $6::VARCHAR]) AND pg_catalog.pg_table_is_visible(pg_catalog.pg_class.oid) AND pg_catalog.pg_namespace.nspname != $7::VARCHAR"}
{"asctime": "2026-03-23 16:33:07,164", "level": "INFO", "logger": "sqlalchemy.engine.Engine", "message": "[cached since 0.006389s ago] ('medication_schedules', 'r', 'p', 'f', 'v', 'm', 'pg_catalog')"}
{"asctime": "2026-03-23 16:33:07,164", "level": "INFO", "logger": "sqlalchemy.engine.Engine", "message": "SELECT pg_catalog.pg_class.relname \nFROM pg_catalog.pg_class JOIN pg_catalog.pg_namespace ON pg_catalog.pg_namespace.oid = pg_catalog.pg_class.relnamespace \nWHERE pg_catalog.pg_class.relname = $1::VARCHAR AND pg_catalog.pg_class.relkind = ANY (ARRAY[$2::VARCHAR, $3::VARCHAR, $4::VARCHAR, $5::VARCHAR, $6::VARCHAR]) AND pg_catalog.pg_table_is_visible(pg_catalog.pg_class.oid) AND pg_catalog.pg_namespace.nspname != $7::VARCHAR"}
{"asctime": "2026-03-23 16:33:07,164", "level": "INFO", "logger": "sqlalchemy.engine.Engine", "message": "[cached since 0.006869s ago] ('health_metrics', 'r', 'p', 'f', 'v', 'm', 'pg_catalog')"}
{"asctime": "2026-03-23 16:33:07,164", "level": "INFO", "logger": "sqlalchemy.engine.Engine", "message": "SELECT pg_catalog.pg_class.relname \nFROM pg_catalog.pg_class JOIN pg_catalog.pg_namespace ON pg_catalog.pg_namespace.oid = pg_catalog.pg_class.relnamespace \nWHERE pg_catalog.pg_class.relname = $1::VARCHAR AND pg_catalog.pg_class.relkind = ANY (ARRAY[$2::VARCHAR, $3::VARCHAR, $4::VARCHAR, $5::VARCHAR, $6::VARCHAR]) AND pg_catalog.pg_table_is_visible(pg_catalog.pg_class.oid) AND pg_catalog.pg_namespace.nspname != $7::VARCHAR"}
{"asctime": "2026-03-23 16:33:07,164", "level": "INFO", "logger": "sqlalchemy.engine.Engine", "message": "[cached since 0.007286s ago] ('emergency_contacts', 'r', 'p', 'f', 'v', 'm', 'pg_catalog')"}
{"asctime": "2026-03-23 16:33:07,165", "level": "INFO", "logger": "sqlalchemy.engine.Engine", "message": "SELECT pg_catalog.pg_class.relname \nFROM pg_catalog.pg_class JOIN pg_catalog.pg_namespace ON pg_catalog.pg_namespace.oid = pg_catalog.pg_class.relnamespace \nWHERE pg_catalog.pg_class.relname = $1::VARCHAR AND pg_catalog.pg_class.relkind = ANY (ARRAY[$2::VARCHAR, $3::VARCHAR, $4::VARCHAR, $5::VARCHAR, $6::VARCHAR]) AND pg_catalog.pg_table_is_visible(pg_catalog.pg_class.oid) AND pg_catalog.pg_namespace.nspname != $7::VARCHAR"}
{"asctime": "2026-03-23 16:33:07,165", "level": "INFO", "logger": "sqlalchemy.engine.Engine", "message": "[cached since 0.007682s ago] ('ai_conversations', 'r', 'p', 'f', 'v', 'm', 'pg_catalog')"}
{"asctime": "2026-03-23 16:33:07,165", "level": "INFO", "logger": "sqlalchemy.engine.Engine", "message": "COMMIT"}
{"asctime": "2026-03-23 16:35:16,256", "level": "INFO", "logger": "sqlalchemy.engine.Engine", "message": "select pg_catalog.version()"}
{"asctime": "2026-03-23 16:35:16,256", "level": "INFO", "logger": "sqlalchemy.engine.Engine", "message": "[raw sql] ()"}
{"asctime": "2026-03-23 16:35:16,259", "level": "INFO", "logger": "sqlalchemy.engine.Engine", "message": "select current_schema()"}
{"asctime": "2026-03-23 16:35:16,260", "level": "INFO", "logger": "sqlalchemy.engine.Engine", "message": "[raw sql] ()"}
{"asctime": "2026-03-23 16:35:16,266", "level": "INFO", "logger": "sqlalchemy.engine.Engine", "message": "show standard_conforming_strings"}
{"asctime": "2026-03-23 16:35:16,267", "level": "INFO", "logger": "sqlalchemy.engine.Engine", "message": "[raw sql] ()"}
{"asctime": "2026-03-23 16:35:16,269", "level": "INFO", "logger": "sqlalchemy.engine.Engine", "message": "BEGIN (implicit)"}
{"asctime": "2026-03-23 16:35:16,272", "level": "INFO", "logger": "sqlalchemy.engine.Engine", "message": "SELECT pg_catalog.pg_class.relname \nFROM pg_catalog.pg_class JOIN pg_catalog.pg_namespace ON pg_catalog.pg_namespace.oid = pg_catalog.pg_class.relnamespace \nWHERE pg_catalog.pg_class.relname = $1::VARCHAR AND pg_catalog.pg_class.relkind = ANY (ARRAY[$2::VARCHAR, $3::VARCHAR, $4::VARCHAR, $5::VARCHAR, $6::VARCHAR]) AND pg_catalog.pg_table_is_visible(pg_catalog.pg_class.oid) AND pg_catalog.pg_namespace.nspname != $7::VARCHAR"}
{"asctime": "2026-03-23 16:35:16,273", "level": "INFO", "logger": "sqlalchemy.engine.Engine", "message": "[generated in 0.00057s] ('users', 'r', 'p', 'f', 'v', 'm', 'pg_catalog')"}
{"asctime": "2026-03-23 16:35:16,275", "level": "INFO", "logger": "sqlalchemy.engine.Engine", "message": "SELECT pg_catalog.pg_class.relname \nFROM pg_catalog.pg_class JOIN pg_catalog.pg_namespace ON pg_catalog.pg_namespace.oid = pg_catalog.pg_class.relnamespace \nWHERE pg_catalog.pg_class.relname = $1::VARCHAR AND pg_catalog.pg_class.relkind = ANY (ARRAY[$2::VARCHAR, $3::VARCHAR, $4::VARCHAR, $5::VARCHAR, $6::VARCHAR]) AND pg_catalog.pg_table_is_visible(pg_catalog.pg_class.oid) AND pg_catalog.pg_namespace.nspname != $7::VARCHAR"}
{"asctime": "2026-03-23 16:35:16,276", "level": "INFO", "logger": "sqlalchemy.engine.Engine", "message": "[cached since 0.003856s ago] ('otps', 'r', 'p', 'f', 'v', 'm', 'pg_catalog')"}
{"asctime": "2026-03-23 16:35:16,276", "level": "INFO", "logger": "sqlalchemy.engine.Engine", "message": "SELECT pg_catalog.pg_class.relname \nFROM pg_catalog.pg_class JOIN pg_catalog.pg_namespace ON pg_catalog.pg_namespace.oid = pg_catalog.pg_class.relnamespace \nWHERE pg_catalog.pg_class.relname = $1::VARCHAR AND pg_catalog.pg_class.relkind = ANY (ARRAY[$2::VARCHAR, $3::VARCHAR, $4::VARCHAR, $5::VARCHAR, $6::VARCHAR]) AND pg_catalog.pg_table_is_visible(pg_catalog.pg_class.oid) AND pg_catalog.pg_namespace.nspname != $7::VARCHAR"}
{"asctime": "2026-03-23 16:35:16,276", "level": "INFO", "logger": "sqlalchemy.engine.Engine", "message": "[cached since 0.004498s ago] ('family_members', 'r', 'p', 'f', 'v', 'm', 'pg_catalog')"}
{"asctime": "2026-03-23 16:35:16,277", "level": "INFO", "logger": "sqlalchemy.engine.Engine", "message": "SELECT pg_catalog.pg_class.relname \nFROM pg_catalog.pg_class JOIN pg_catalog.pg_namespace ON pg_catalog.pg_namespace.oid = pg_catalog.pg_class.relnamespace \nWHERE pg_catalog.pg_class.relname = $1::VARCHAR AND pg_catalog.pg_class.relkind = ANY (ARRAY[$2::VARCHAR, $3::VARCHAR, $4::VARCHAR, $5::VARCHAR, $6::VARCHAR]) AND pg_catalog.pg_table_is_visible(pg_catalog.pg_class.oid) AND pg_catalog.pg_namespace.nspname != $7::VARCHAR"}
{"asctime": "2026-03-23 16:35:16,277", "level": "INFO", "logger": "sqlalchemy.engine.Engine", "message": "[cached since 0.005014s ago] ('medical_records', 'r', 'p', 'f', 'v', 'm', 'pg_catalog')"}
{"asctime": "2026-03-23 16:35:16,277", "level": "INFO", "logger": "sqlalchemy.engine.Engine", "message": "SELECT pg_catalog.pg_class.relname \nFROM pg_catalog.pg_class JOIN pg_catalog.pg_namespace ON pg_catalog.pg_namespace.oid = pg_catalog.pg_class.relnamespace \nWHERE pg_catalog.pg_class.relname = $1::VARCHAR AND pg_catalog.pg_class.relkind = ANY (ARRAY[$2::VARCHAR, $3::VARCHAR, $4::VARCHAR, $5::VARCHAR, $6::VARCHAR]) AND pg_catalog.pg_table_is_visible(pg_catalog.pg_class.oid) AND pg_catalog.pg_namespace.nspname != $7::VARCHAR"}
{"asctime": "2026-03-23 16:35:16,277", "level": "INFO", "logger": "sqlalchemy.engine.Engine", "message": "[cached since 0.005471s ago] ('prescriptions', 'r', 'p', 'f', 'v', 'm', 'pg_catalog')"}
{"asctime": "2026-03-23 16:35:16,278", "level": "INFO", "logger": "sqlalchemy.engine.Engine", "message": "SELECT pg_catalog.pg_class.relname \nFROM pg_catalog.pg_class JOIN pg_catalog.pg_namespace ON pg_catalog.pg_namespace.oid = pg_catalog.pg_class.relnamespace \nWHERE pg_catalog.pg_class.relname = $1::VARCHAR AND pg_catalog.pg_class.relkind = ANY (ARRAY[$2::VARCHAR, $3::VARCHAR, $4::VARCHAR, $5::VARCHAR, $6::VARCHAR]) AND pg_catalog.pg_table_is_visible(pg_catalog.pg_class.oid) AND pg_catalog.pg_namespace.nspname != $7::VARCHAR"}
{"asctime": "2026-03-23 16:35:16,278", "level": "INFO", "logger": "sqlalchemy.engine.Engine", "message": "[cached since 0.005924s ago] ('medicines', 'r', 'p', 'f', 'v', 'm', 'pg_catalog')"}
{"asctime": "2026-03-23 16:35:16,278", "level": "INFO", "logger": "sqlalchemy.engine.Engine", "message": "SELECT pg_catalog.pg_class.relname \nFROM pg_catalog.pg_class JOIN pg_catalog.pg_namespace ON pg_catalog.pg_namespace.oid = pg_catalog.pg_class.relnamespace \nWHERE pg_catalog.pg_class.relname = $1::VARCHAR AND pg_catalog.pg_class.relkind = ANY (ARRAY[$2::VARCHAR, $3::VARCHAR, $4::VARCHAR, $5::VARCHAR, $6::VARCHAR]) AND pg_catalog.pg_table_is_visible(pg_catalog.pg_class.oid) AND pg_catalog.pg_namespace.nspname != $7::VARCHAR"}
{"asctime": "2026-03-23 16:35:16,278", "level": "INFO", "logger": "sqlalchemy.engine.Engine", "message": "[cached since 0.006437s ago] ('medication_schedules', 'r', 'p', 'f', 'v', 'm', 'pg_catalog')"}
{"asctime": "2026-03-23 16:35:16,279", "level": "INFO", "logger": "sqlalchemy.engine.Engine", "message": "SELECT pg_catalog.pg_class.relname \nFROM pg_catalog.pg_class JOIN pg_catalog.pg_namespace ON pg_catalog.pg_namespace.oid = pg_catalog.pg_class.relnamespace \nWHERE pg_catalog.pg_class.relname = $1::VARCHAR AND pg_catalog.pg_class.relkind = ANY (ARRAY[$2::VARCHAR, $3::VARCHAR, $4::VARCHAR, $5::VARCHAR, $6::VARCHAR]) AND pg_catalog.pg_table_is_visible(pg_catalog.pg_class.oid) AND pg_catalog.pg_namespace.nspname != $7::VARCHAR"}
{"asctime": "2026-03-23 16:35:16,279", "level": "INFO", "logger": "sqlalchemy.engine.Engine", "message": "[cached since 0.007093s ago] ('health_metrics', 'r', 'p', 'f', 'v', 'm', 'pg_catalog')"}
{"asctime": "2026-03-23 16:35:16,279", "level": "INFO", "logger": "sqlalchemy.engine.Engine", "message": "SELECT pg_catalog.pg_class.relname \nFROM pg_catalog.pg_class JOIN pg_catalog.pg_namespace ON pg_catalog.pg_namespace.oid = pg_catalog.pg_class.relnamespace \nWHERE pg_catalog.pg_class.relname = $1::VARCHAR AND pg_catalog.pg_class.relkind = ANY (ARRAY[$2::VARCHAR, $3::VARCHAR, $4::VARCHAR, $5::VARCHAR, $6::VARCHAR]) AND pg_catalog.pg_table_is_visible(pg_catalog.pg_class.oid) AND pg_catalog.pg_namespace.nspname != $7::VARCHAR"}
{"asctime": "2026-03-23 16:35:16,279", "level": "INFO", "logger": "sqlalchemy.engine.Engine", "message": "[cached since 0.007628s ago] ('emergency_contacts', 'r', 'p', 'f', 'v', 'm', 'pg_catalog')"}
{"asctime": "2026-03-23 16:35:16,280", "level": "INFO", "logger": "sqlalchemy.engine.Engine", "message": "SELECT pg_catalog.pg_class.relname \nFROM pg_catalog.pg_class JOIN pg_catalog.pg_namespace ON pg_catalog.pg_namespace.oid = pg_catalog.pg_class.relnamespace \nWHERE pg_catalog.pg_class.relname = $1::VARCHAR AND pg_catalog.pg_class.relkind = ANY (ARRAY[$2::VARCHAR, $3::VARCHAR, $4::VARCHAR, $5::VARCHAR, $6::VARCHAR]) AND pg_catalog.pg_table_is_visible(pg_catalog.pg_class.oid) AND pg_catalog.pg_namespace.nspname != $7::VARCHAR"}
{"asctime": "2026-03-23 16:35:16,280", "level": "INFO", "logger": "sqlalchemy.engine.Engine", "message": "[cached since 0.008059s ago] ('ai_conversations', 'r', 'p', 'f', 'v', 'm', 'pg_catalog')"}
{"asctime": "2026-03-23 16:35:16,280", "level": "INFO", "logger": "sqlalchemy.engine.Engine", "message": "COMMIT"}
