{"asctime": "2026-03-22 23:42:26,024", "level": "DEBUG", "logger": "passlib.utils.compat", "message": "loaded lazy attr 'SafeConfigParser': <class 'configparser.ConfigParser'>"}
{"asctime": "2026-03-22 23:42:26,024", "level": "DEBUG", "logger": "passlib.utils.compat", "message": "loaded lazy attr 'NativeStringIO': <class '_io.StringIO'>"}
{"asctime": "2026-03-22 23:42:26,024", "level": "DEBUG", "logger": "passlib.utils.compat", "message": "loaded lazy attr 'BytesIO': <class '_io.BytesIO'>"}
{"asctime": "2026-03-22 23:42:26,081", "level": "DEBUG", "logger": "passlib.registry", "message": "registered 'bcrypt' handler: <class 'passlib.handlers.bcrypt.bcrypt'>"}
{"asctime": "2026-03-22 23:42:26,081", "level": "WARNING", "logger": "app.services.encryption_service", "message": "ENCRYPTION_KEY not set \u2014 using derived key. Set ENCRYPTION_KEY in .env for production."}
{"asctime": "2026-03-22 23:42:26,081", "level": "WARNING", "logger": "passlib.handlers.bcrypt", "message": "(trapped) error reading bcrypt version", "exc_info": "Traceback (most recent call last):\n  File \"C:\\Users\\ravin\\AppData\\Local\\Programs\\Python\\Python311\\Lib\\site-packages\\passlib\\handlers\\bcrypt.py\", line 620, in _load_backend_mixin\n    version = _bcrypt.__about__.__version__\n              ^^^^^^^^^^^^^^^^^\nAttributeError: module 'bcrypt' has no attribute '__about__'"}
{"asctime": "2026-03-22 23:42:26,097", "level": "DEBUG", "logger": "passlib.handlers.bcrypt", "message": "detected 'bcrypt' backend, version '<unknown>'"}
{"asctime": "2026-03-22 23:42:26,097", "level": "DEBUG", "logger": "passlib.handlers.bcrypt", "message": "'bcrypt' backend lacks $2$ support, enabling workaround"}
{"asctime": "2026-03-22 23:43:00,663", "level": "DEBUG", "logger": "passlib.utils.compat", "message": "loaded lazy attr 'SafeConfigParser': <class 'configparser.ConfigParser'>"}
{"asctime": "2026-03-22 23:43:00,663", "level": "DEBUG", "logger": "passlib.utils.compat", "message": "loaded lazy attr 'NativeStringIO': <class '_io.StringIO'>"}
{"asctime": "2026-03-22 23:43:00,663", "level": "DEBUG", "logger": "passlib.utils.compat", "message": "loaded lazy attr 'BytesIO': <class '_io.BytesIO'>"}
{"asctime": "2026-03-22 23:43:00,697", "level": "DEBUG", "logger": "passlib.registry", "message": "registered 'bcrypt' handler: <class 'passlib.handlers.bcrypt.bcrypt'>"}
{"asctime": "2026-03-22 23:43:00,697", "level": "WARNING", "logger": "app.services.encryption_service", "message": "ENCRYPTION_KEY not set \u2014 using derived key. Set ENCRYPTION_KEY in .env for production."}
{"asctime": "2026-03-22 23:43:21,994", "level": "DEBUG", "logger": "passlib.utils.compat", "message": "loaded lazy attr 'SafeConfigParser': <class 'configparser.ConfigParser'>"}
{"asctime": "2026-03-22 23:43:21,994", "level": "DEBUG", "logger": "passlib.utils.compat", "message": "loaded lazy attr 'NativeStringIO': <class '_io.StringIO'>"}
{"asctime": "2026-03-22 23:43:21,994", "level": "DEBUG", "logger": "passlib.utils.compat", "message": "loaded lazy attr 'BytesIO': <class '_io.BytesIO'>"}
{"asctime": "2026-03-22 23:43:22,027", "level": "DEBUG", "logger": "passlib.registry", "message": "registered 'bcrypt' handler: <class 'passlib.handlers.bcrypt.bcrypt'>"}
{"asctime": "2026-03-22 23:49:29,647", "level": "DEBUG", "logger": "passlib.utils.compat", "message": "loaded lazy attr 'SafeConfigParser': <class 'configparser.ConfigParser'>"}
{"asctime": "2026-03-22 23:49:29,647", "level": "DEBUG", "logger": "passlib.utils.compat", "message": "loaded lazy attr 'NativeStringIO': <class '_io.StringIO'>"}
{"asctime": "2026-03-22 23:49:29,647", "level": "DEBUG", "logger": "passlib.utils.compat", "message": "loaded lazy attr 'BytesIO': <class '_io.BytesIO'>"}
{"asctime": "2026-03-22 23:49:29,663", "level": "DEBUG", "logger": "passlib.registry", "message": "registered 'bcrypt' handler: <class 'passlib.handlers.bcrypt.bcrypt'>"}
{"asctime": "2026-03-22 23:50:21,305", "level": "DEBUG", "logger": "passlib.utils.compat", "message": "loaded lazy attr 'SafeConfigParser': <class 'configparser.ConfigParser'>"}
{"asctime": "2026-03-22 23:50:21,305", "level": "DEBUG", "logger": "passlib.utils.compat", "message": "loaded lazy attr 'NativeStringIO': <class '_io.StringIO'>"}
{"asctime": "2026-03-22 23:50:21,305", "level": "DEBUG", "logger": "passlib.utils.compat", "message": "loaded lazy attr 'BytesIO': <class '_io.BytesIO'>"}
{"asctime": "2026-03-22 23:50:21,305", "level": "DEBUG", "logger": "passlib.registry", "message": "registered 'bcrypt' handler: <class 'passlib.handlers.bcrypt.bcrypt'>"}
{"asctime": "2026-03-22 23:50:21,887", "level": "INFO", "logger": "sqlalchemy.engine.Engine", "message": "select pg_catalog.version()"}
{"asctime": "2026-03-22 23:50:21,888", "level": "INFO", "logger": "sqlalchemy.engine.Engine", "message": "[raw sql] ()"}
{"asctime": "2026-03-22 23:50:21,892", "level": "INFO", "logger": "sqlalchemy.engine.Engine", "message": "select current_schema()"}
{"asctime": "2026-03-22 23:50:21,892", "level": "INFO", "logger": "sqlalchemy.engine.Engine", "message": "[raw sql] ()"}
{"asctime": "2026-03-22 23:50:21,892", "level": "INFO", "logger": "sqlalchemy.engine.Engine", "message": "show standard_conforming_strings"}
{"asctime": "2026-03-22 23:50:21,892", "level": "INFO", "logger": "sqlalchemy.engine.Engine", "message": "[raw sql] ()"}
{"asctime": "2026-03-22 23:50:21,892", "level": "INFO", "logger": "sqlalchemy.engine.Engine", "message": "BEGIN (implicit)"}
{"asctime": "2026-03-22 23:50:21,892", "level": "INFO", "logger": "sqlalchemy.engine.Engine", "message": "SELECT pg_catalog.pg_class.relname \nFROM pg_catalog.pg_class JOIN pg_catalog.pg_namespace ON pg_catalog.pg_namespace.oid = pg_catalog.pg_class.relnamespace \nWHERE pg_catalog.pg_class.relname = $1::VARCHAR AND pg_catalog.pg_class.relkind = ANY (ARRAY[$2::VARCHAR, $3::VARCHAR, $4::VARCHAR, $5::VARCHAR, $6::VARCHAR]) AND pg_catalog.pg_table_is_visible(pg_catalog.pg_class.oid) AND pg_catalog.pg_namespace.nspname != $7::VARCHAR"}
{"asctime": "2026-03-22 23:50:21,892", "level": "INFO", "logger": "sqlalchemy.engine.Engine", "message": "[generated in 0.00062s] ('users', 'r', 'p', 'f', 'v', 'm', 'pg_catalog')"}
{"asctime": "2026-03-22 23:50:21,921", "level": "INFO", "logger": "sqlalchemy.engine.Engine", "message": "SELECT pg_catalog.pg_class.relname \nFROM pg_catalog.pg_class JOIN pg_catalog.pg_namespace ON pg_catalog.pg_namespace.oid = pg_catalog.pg_class.relnamespace \nWHERE pg_catalog.pg_class.relname = $1::VARCHAR AND pg_catalog.pg_class.relkind = ANY (ARRAY[$2::VARCHAR, $3::VARCHAR, $4::VARCHAR, $5::VARCHAR, $6::VARCHAR]) AND pg_catalog.pg_table_is_visible(pg_catalog.pg_class.oid) AND pg_catalog.pg_namespace.nspname != $7::VARCHAR"}
{"asctime": "2026-03-22 23:50:21,921", "level": "INFO", "logger": "sqlalchemy.engine.Engine", "message": "[cached since 0.02217s ago] ('otps', 'r', 'p', 'f', 'v', 'm', 'pg_catalog')"}
{"asctime": "2026-03-22 23:50:21,921", "level": "INFO", "logger": "sqlalchemy.engine.Engine", "message": "SELECT pg_catalog.pg_class.relname \nFROM pg_catalog.pg_class JOIN pg_catalog.pg_namespace ON pg_catalog.pg_namespace.oid = pg_catalog.pg_class.relnamespace \nWHERE pg_catalog.pg_class.relname = $1::VARCHAR AND pg_catalog.pg_class.relkind = ANY (ARRAY[$2::VARCHAR, $3::VARCHAR, $4::VARCHAR, $5::VARCHAR, $6::VARCHAR]) AND pg_catalog.pg_table_is_visible(pg_catalog.pg_class.oid) AND pg_catalog.pg_namespace.nspname != $7::VARCHAR"}
{"asctime": "2026-03-22 23:50:21,921", "level": "INFO", "logger": "sqlalchemy.engine.Engine", "message": "[cached since 0.02343s ago] ('family_members', 'r', 'p', 'f', 'v', 'm', 'pg_catalog')"}
{"asctime": "2026-03-22 23:50:21,921", "level": "INFO", "logger": "sqlalchemy.engine.Engine", "message": "SELECT pg_catalog.pg_class.relname \nFROM pg_catalog.pg_class JOIN pg_catalog.pg_namespace ON pg_catalog.pg_namespace.oid = pg_catalog.pg_class.relnamespace \nWHERE pg_catalog.pg_class.relname = $1::VARCHAR AND pg_catalog.pg_class.relkind = ANY (ARRAY[$2::VARCHAR, $3::VARCHAR, $4::VARCHAR, $5::VARCHAR, $6::VARCHAR]) AND pg_catalog.pg_table_is_visible(pg_catalog.pg_class.oid) AND pg_catalog.pg_namespace.nspname != $7::VARCHAR"}
{"asctime": "2026-03-22 23:50:21,921", "level": "INFO", "logger": "sqlalchemy.engine.Engine", "message": "[cached since 0.02472s ago] ('medical_records', 'r', 'p', 'f', 'v', 'm', 'pg_catalog')"}
{"asctime": "2026-03-22 23:50:21,921", "level": "INFO", "logger": "sqlalchemy.engine.Engine", "message": "SELECT pg_catalog.pg_class.relname \nFROM pg_catalog.pg_class JOIN pg_catalog.pg_namespace ON pg_catalog.pg_namespace.oid = pg_catalog.pg_class.relnamespace \nWHERE pg_catalog.pg_class.relname = $1::VARCHAR AND pg_catalog.pg_class.relkind = ANY (ARRAY[$2::VARCHAR, $3::VARCHAR, $4::VARCHAR, $5::VARCHAR, $6::VARCHAR]) AND pg_catalog.pg_table_is_visible(pg_catalog.pg_class.oid) AND pg_catalog.pg_namespace.nspname != $7::VARCHAR"}
{"asctime": "2026-03-22 23:50:21,921", "level": "INFO", "logger": "sqlalchemy.engine.Engine", "message": "[cached since 0.026s ago] ('prescriptions', 'r', 'p', 'f', 'v', 'm', 'pg_catalog')"}
{"asctime": "2026-03-22 23:50:21,921", "level": "INFO", "logger": "sqlalchemy.engine.Engine", "message": "SELECT pg_catalog.pg_class.relname \nFROM pg_catalog.pg_class JOIN pg_catalog.pg_namespace ON pg_catalog.pg_namespace.oid = pg_catalog.pg_class.relnamespace \nWHERE pg_catalog.pg_class.relname = $1::VARCHAR AND pg_catalog.pg_class.relkind = ANY (ARRAY[$2::VARCHAR, $3::VARCHAR, $4::VARCHAR, $5::VARCHAR, $6::VARCHAR]) AND pg_catalog.pg_table_is_visible(pg_catalog.pg_class.oid) AND pg_catalog.pg_namespace.nspname != $7::VARCHAR"}
{"asctime": "2026-03-22 23:50:21,921", "level": "INFO", "logger": "sqlalchemy.engine.Engine", "message": "[cached since 0.02725s ago] ('medicines', 'r', 'p', 'f', 'v', 'm', 'pg_catalog')"}
{"asctime": "2026-03-22 23:50:21,921", "level": "INFO", "logger": "sqlalchemy.engine.Engine", "message": "SELECT pg_catalog.pg_class.relname \nFROM pg_catalog.pg_class JOIN pg_catalog.pg_namespace ON pg_catalog.pg_namespace.oid = pg_catalog.pg_class.relnamespace \nWHERE pg_catalog.pg_class.relname = $1::VARCHAR AND pg_catalog.pg_class.relkind = ANY (ARRAY[$2::VARCHAR, $3::VARCHAR, $4::VARCHAR, $5::VARCHAR, $6::VARCHAR]) AND pg_catalog.pg_table_is_visible(pg_catalog.pg_class.oid) AND pg_catalog.pg_namespace.nspname != $7::VARCHAR"}
{"asctime": "2026-03-22 23:50:21,921", "level": "INFO", "logger": "sqlalchemy.engine.Engine", "message": "[cached since 0.02846s ago] ('medication_schedules', 'r', 'p', 'f', 'v', 'm', 'pg_catalog')"}
{"asctime": "2026-03-22 23:50:21,921", "level": "INFO", "logger": "sqlalchemy.engine.Engine", "message": "SELECT pg_catalog.pg_class.relname \nFROM pg_catalog.pg_class JOIN pg_catalog.pg_namespace ON pg_catalog.pg_namespace.oid = pg_catalog.pg_class.relnamespace \nWHERE pg_catalog.pg_class.relname = $1::VARCHAR AND pg_catalog.pg_class.relkind = ANY (ARRAY[$2::VARCHAR, $3::VARCHAR, $4::VARCHAR, $5::VARCHAR, $6::VARCHAR]) AND pg_catalog.pg_table_is_visible(pg_catalog.pg_class.oid) AND pg_catalog.pg_namespace.nspname != $7::VARCHAR"}
{"asctime": "2026-03-22 23:50:21,921", "level": "INFO", "logger": "sqlalchemy.engine.Engine", "message": "[cached since 0.0295s ago] ('health_metrics', 'r', 'p', 'f', 'v', 'm', 'pg_catalog')"}
{"asctime": "2026-03-22 23:50:21,921", "level": "INFO", "logger": "sqlalchemy.engine.Engine", "message": "SELECT pg_catalog.pg_class.relname \nFROM pg_catalog.pg_class JOIN pg_catalog.pg_namespace ON pg_catalog.pg_namespace.oid = pg_catalog.pg_class.relnamespace \nWHERE pg_catalog.pg_class.relname = $1::VARCHAR AND pg_catalog.pg_class.relkind = ANY (ARRAY[$2::VARCHAR, $3::VARCHAR, $4::VARCHAR, $5::VARCHAR, $6::VARCHAR]) AND pg_catalog.pg_table_is_visible(pg_catalog.pg_class.oid) AND pg_catalog.pg_namespace.nspname != $7::VARCHAR"}
{"asctime": "2026-03-22 23:50:21,921", "level": "INFO", "logger": "sqlalchemy.engine.Engine", "message": "[cached since 0.03042s ago] ('emergency_contacts', 'r', 'p', 'f', 'v', 'm', 'pg_catalog')"}
{"asctime": "2026-03-22 23:50:21,921", "level": "INFO", "logger": "sqlalchemy.engine.Engine", "message": "SELECT pg_catalog.pg_class.relname \nFROM pg_catalog.pg_class JOIN pg_catalog.pg_namespace ON pg_catalog.pg_namespace.oid = pg_catalog.pg_class.relnamespace \nWHERE pg_catalog.pg_class.relname = $1::VARCHAR AND pg_catalog.pg_class.relkind = ANY (ARRAY[$2::VARCHAR, $3::VARCHAR, $4::VARCHAR, $5::VARCHAR, $6::VARCHAR]) AND pg_catalog.pg_table_is_visible(pg_catalog.pg_class.oid) AND pg_catalog.pg_namespace.nspname != $7::VARCHAR"}
{"asctime": "2026-03-22 23:50:21,921", "level": "INFO", "logger": "sqlalchemy.engine.Engine", "message": "[cached since 0.03142s ago] ('ai_conversations', 'r', 'p', 'f', 'v', 'm', 'pg_catalog')"}
{"asctime": "2026-03-22 23:50:21,921", "level": "INFO", "logger": "sqlalchemy.engine.Engine", "message": "COMMIT"}
{"asctime": "2026-03-22 23:50:27,415", "level": "DEBUG", "logger": "tzlocal", "message": "Looking up time zone info from registry"}
{"asctime": "2026-03-22 23:50:27,436", "level": "INFO", "logger": "app.services.reminder_worker", "message": "[ReminderWorker] APScheduler started (5-min reminders + 08:00 refill alerts)"}
{"asctime": "2026-03-22 23:50:27,436", "level": "WARNING", "logger": "app.services.notification_service", "message": "FIREBASE_CREDENTIALS_PATH not set \u2014 push notifications disabled."}
{"asctime": "2026-03-22 23:50:27,447", "level": "WARNING", "logger": "app.services.notification_service", "message": "ENCRYPTION_KEY not set \u2014 using derived key. Set ENCRYPTION_KEY in .env for production security."}
{"asctime": "2026-03-22 23:50:27,638", "level": "INFO", "logger": "app.services.cache_service", "message": "Redis connected: redis://localhost:6379/0"}
{"asctime": "2026-03-22 23:50:27,654", "level": "INFO", "logger": "main", "message": "VitaPulse AI v1.0.0 started"}
{"asctime": "2026-03-22 23:50:27,654", "level": "INFO", "logger": "main", "message": "API docs: http://localhost:8000/docs"}
{"asctime": "2026-03-22 23:55:27,447", "level": "INFO", "logger": "sqlalchemy.engine.Engine", "message": "BEGIN (implicit)"}
{"asctime": "2026-03-22 23:55:27,449", "level": "INFO", "logger": "sqlalchemy.engine.Engine", "message": "SELECT * FROM fn_get_due_reminders($1)"}
{"asctime": "2026-03-22 23:55:27,450", "level": "INFO", "logger": "sqlalchemy.engine.Engine", "message": "[generated in 0.00186s] (5,)"}
{"asctime": "2026-03-22 23:55:27,576", "level": "INFO", "logger": "sqlalchemy.engine.Engine", "message": "ROLLBACK"}
{"asctime": "2026-03-22 23:55:27,578", "level": "INFO", "logger": "app.services.reminder_worker", "message": "[ReminderWorker] Checking reminders at 18:25 \u2014 0 due"}
{"asctime": "2026-03-23 00:00:27,453", "level": "INFO", "logger": "sqlalchemy.engine.Engine", "message": "BEGIN (implicit)"}
{"asctime": "2026-03-23 00:00:27,479", "level": "INFO", "logger": "sqlalchemy.engine.Engine", "message": "SELECT * FROM fn_get_due_reminders($1)"}
{"asctime": "2026-03-23 00:00:27,491", "level": "INFO", "logger": "sqlalchemy.engine.Engine", "message": "[cached since 300s ago] (5,)"}
{"asctime": "2026-03-23 00:00:27,542", "level": "INFO", "logger": "sqlalchemy.engine.Engine", "message": "ROLLBACK"}
{"asctime": "2026-03-23 00:00:27,562", "level": "INFO", "logger": "app.services.reminder_worker", "message": "[ReminderWorker] Checking reminders at 18:30 \u2014 0 due"}
{"asctime": "2026-03-23 00:05:27,453", "level": "INFO", "logger": "sqlalchemy.engine.Engine", "message": "BEGIN (implicit)"}
{"asctime": "2026-03-23 00:05:27,456", "level": "INFO", "logger": "sqlalchemy.engine.Engine", "message": "SELECT * FROM fn_get_due_reminders($1)"}
{"asctime": "2026-03-23 00:05:27,458", "level": "INFO", "logger": "sqlalchemy.engine.Engine", "message": "[cached since 600s ago] (5,)"}
{"asctime": "2026-03-23 00:05:27,461", "level": "INFO", "logger": "sqlalchemy.engine.Engine", "message": "ROLLBACK"}
{"asctime": "2026-03-23 00:05:27,463", "level": "INFO", "logger": "app.services.reminder_worker", "message": "[ReminderWorker] Checking reminders at 18:35 \u2014 0 due"}
{"asctime": "2026-03-23 00:14:06,853", "level": "DEBUG", "logger": "passlib.utils.compat", "message": "loaded lazy attr 'SafeConfigParser': <class 'configparser.ConfigParser'>"}
{"asctime": "2026-03-23 00:14:06,853", "level": "DEBUG", "logger": "passlib.utils.compat", "message": "loaded lazy attr 'NativeStringIO': <class '_io.StringIO'>"}
{"asctime": "2026-03-23 00:14:06,853", "level": "DEBUG", "logger": "passlib.utils.compat", "message": "loaded lazy attr 'BytesIO': <class '_io.BytesIO'>"}
{"asctime": "2026-03-23 00:14:06,853", "level": "DEBUG", "logger": "passlib.registry", "message": "registered 'bcrypt' handler: <class 'passlib.handlers.bcrypt.bcrypt'>"}
{"asctime": "2026-03-23 00:14:07,479", "level": "INFO", "logger": "sqlalchemy.engine.Engine", "message": "select pg_catalog.version()"}
{"asctime": "2026-03-23 00:14:07,479", "level": "INFO", "logger": "sqlalchemy.engine.Engine", "message": "[raw sql] ()"}
{"asctime": "2026-03-23 00:14:07,479", "level": "INFO", "logger": "sqlalchemy.engine.Engine", "message": "select current_schema()"}
{"asctime": "2026-03-23 00:14:07,479", "level": "INFO", "logger": "sqlalchemy.engine.Engine", "message": "[raw sql] ()"}
{"asctime": "2026-03-23 00:14:07,479", "level": "INFO", "logger": "sqlalchemy.engine.Engine", "message": "show standard_conforming_strings"}
{"asctime": "2026-03-23 00:14:07,479", "level": "INFO", "logger": "sqlalchemy.engine.Engine", "message": "[raw sql] ()"}
{"asctime": "2026-03-23 00:14:07,479", "level": "INFO", "logger": "sqlalchemy.engine.Engine", "message": "BEGIN (implicit)"}
{"asctime": "2026-03-23 00:14:07,493", "level": "INFO", "logger": "sqlalchemy.engine.Engine", "message": "SELECT pg_catalog.pg_class.relname \nFROM pg_catalog.pg_class JOIN pg_catalog.pg_namespace ON pg_catalog.pg_namespace.oid = pg_catalog.pg_class.relnamespace \nWHERE pg_catalog.pg_class.relname = $1::VARCHAR AND pg_catalog.pg_class.relkind = ANY (ARRAY[$2::VARCHAR, $3::VARCHAR, $4::VARCHAR, $5::VARCHAR, $6::VARCHAR]) AND pg_catalog.pg_table_is_visible(pg_catalog.pg_class.oid) AND pg_catalog.pg_namespace.nspname != $7::VARCHAR"}
{"asctime": "2026-03-23 00:14:07,493", "level": "INFO", "logger": "sqlalchemy.engine.Engine", "message": "[generated in 0.00122s] ('users', 'r', 'p', 'f', 'v', 'm', 'pg_catalog')"}
{"asctime": "2026-03-23 00:14:07,509", "level": "INFO", "logger": "sqlalchemy.engine.Engine", "message": "SELECT pg_catalog.pg_class.relname \nFROM pg_catalog.pg_class JOIN pg_catalog.pg_namespace ON pg_catalog.pg_namespace.oid = pg_catalog.pg_class.relnamespace \nWHERE pg_catalog.pg_class.relname = $1::VARCHAR AND pg_catalog.pg_class.relkind = ANY (ARRAY[$2::VARCHAR, $3::VARCHAR, $4::VARCHAR, $5::VARCHAR, $6::VARCHAR]) AND pg_catalog.pg_table_is_visible(pg_catalog.pg_class.oid) AND pg_catalog.pg_namespace.nspname != $7::VARCHAR"}
{"asctime": "2026-03-23 00:14:07,512", "level": "INFO", "logger": "sqlalchemy.engine.Engine", "message": "[cached since 0.02019s ago] ('otps', 'r', 'p', 'f', 'v', 'm', 'pg_catalog')"}
{"asctime": "2026-03-23 00:14:07,512", "level": "INFO", "logger": "sqlalchemy.engine.Engine", "message": "SELECT pg_catalog.pg_class.relname \nFROM pg_catalog.pg_class JOIN pg_catalog.pg_namespace ON pg_catalog.pg_namespace.oid = pg_catalog.pg_class.relnamespace \nWHERE pg_catalog.pg_class.relname = $1::VARCHAR AND pg_catalog.pg_class.relkind = ANY (ARRAY[$2::VARCHAR, $3::VARCHAR, $4::VARCHAR, $5::VARCHAR, $6::VARCHAR]) AND pg_catalog.pg_table_is_visible(pg_catalog.pg_class.oid) AND pg_catalog.pg_namespace.nspname != $7::VARCHAR"}
{"asctime": "2026-03-23 00:14:07,512", "level": "INFO", "logger": "sqlalchemy.engine.Engine", "message": "[cached since 0.02168s ago] ('family_members', 'r', 'p', 'f', 'v', 'm', 'pg_catalog')"}
{"asctime": "2026-03-23 00:14:07,512", "level": "INFO", "logger": "sqlalchemy.engine.Engine", "message": "SELECT pg_catalog.pg_class.relname \nFROM pg_catalog.pg_class JOIN pg_catalog.pg_namespace ON pg_catalog.pg_namespace.oid = pg_catalog.pg_class.relnamespace \nWHERE pg_catalog.pg_class.relname = $1::VARCHAR AND pg_catalog.pg_class.relkind = ANY (ARRAY[$2::VARCHAR, $3::VARCHAR, $4::VARCHAR, $5::VARCHAR, $6::VARCHAR]) AND pg_catalog.pg_table_is_visible(pg_catalog.pg_class.oid) AND pg_catalog.pg_namespace.nspname != $7::VARCHAR"}
{"asctime": "2026-03-23 00:14:07,512", "level": "INFO", "logger": "sqlalchemy.engine.Engine", "message": "[cached since 0.02281s ago] ('medical_records', 'r', 'p', 'f', 'v', 'm', 'pg_catalog')"}
{"asctime": "2026-03-23 00:14:07,512", "level": "INFO", "logger": "sqlalchemy.engine.Engine", "message": "SELECT pg_catalog.pg_class.relname \nFROM pg_catalog.pg_class JOIN pg_catalog.pg_namespace ON pg_catalog.pg_namespace.oid = pg_catalog.pg_class.relnamespace \nWHERE pg_catalog.pg_class.relname = $1::VARCHAR AND pg_catalog.pg_class.relkind = ANY (ARRAY[$2::VARCHAR, $3::VARCHAR, $4::VARCHAR, $5::VARCHAR, $6::VARCHAR]) AND pg_catalog.pg_table_is_visible(pg_catalog.pg_class.oid) AND pg_catalog.pg_namespace.nspname != $7::VARCHAR"}
{"asctime": "2026-03-23 00:14:07,512", "level": "INFO", "logger": "sqlalchemy.engine.Engine", "message": "[cached since 0.0238s ago] ('prescriptions', 'r', 'p', 'f', 'v', 'm', 'pg_catalog')"}
{"asctime": "2026-03-23 00:14:07,518", "level": "INFO", "logger": "sqlalchemy.engine.Engine", "message": "SELECT pg_catalog.pg_class.relname \nFROM pg_catalog.pg_class JOIN pg_catalog.pg_namespace ON pg_catalog.pg_namespace.oid = pg_catalog.pg_class.relnamespace \nWHERE pg_catalog.pg_class.relname = $1::VARCHAR AND pg_catalog.pg_class.relkind = ANY (ARRAY[$2::VARCHAR, $3::VARCHAR, $4::VARCHAR, $5::VARCHAR, $6::VARCHAR]) AND pg_catalog.pg_table_is_visible(pg_catalog.pg_class.oid) AND pg_catalog.pg_namespace.nspname != $7::VARCHAR"}
{"asctime": "2026-03-23 00:14:07,518", "level": "INFO", "logger": "sqlalchemy.engine.Engine", "message": "[cached since 0.02492s ago] ('medicines', 'r', 'p', 'f', 'v', 'm', 'pg_catalog')"}
{"asctime": "2026-03-23 00:14:07,518", "level": "INFO", "logger": "sqlalchemy.engine.Engine", "message": "SELECT pg_catalog.pg_class.relname \nFROM pg_catalog.pg_class JOIN pg_catalog.pg_namespace ON pg_catalog.pg_namespace.oid = pg_catalog.pg_class.relnamespace \nWHERE pg_catalog.pg_class.relname = $1::VARCHAR AND pg_catalog.pg_class.relkind = ANY (ARRAY[$2::VARCHAR, $3::VARCHAR, $4::VARCHAR, $5::VARCHAR, $6::VARCHAR]) AND pg_catalog.pg_table_is_visible(pg_catalog.pg_class.oid) AND pg_catalog.pg_namespace.nspname != $7::VARCHAR"}
{"asctime": "2026-03-23 00:14:07,518", "level": "INFO", "logger": "sqlalchemy.engine.Engine", "message": "[cached since 0.02597s ago] ('medication_schedules', 'r', 'p', 'f', 'v', 'm', 'pg_catalog')"}
{"asctime": "2026-03-23 00:14:07,518", "level": "INFO", "logger": "sqlalchemy.engine.Engine", "message": "SELECT pg_catalog.pg_class.relname \nFROM pg_catalog.pg_class JOIN pg_catalog.pg_namespace ON pg_catalog.pg_namespace.oid = pg_catalog.pg_class.relnamespace \nWHERE pg_catalog.pg_class.relname = $1::VARCHAR AND pg_catalog.pg_class.relkind = ANY (ARRAY[$2::VARCHAR, $3::VARCHAR, $4::VARCHAR, $5::VARCHAR, $6::VARCHAR]) AND pg_catalog.pg_table_is_visible(pg_catalog.pg_class.oid) AND pg_catalog.pg_namespace.nspname != $7::VARCHAR"}
{"asctime": "2026-03-23 00:14:07,518", "level": "INFO", "logger": "sqlalchemy.engine.Engine", "message": "[cached since 0.02689s ago] ('health_metrics', 'r', 'p', 'f', 'v', 'm', 'pg_catalog')"}
{"asctime": "2026-03-23 00:14:07,518", "level": "INFO", "logger": "sqlalchemy.engine.Engine", "message": "SELECT pg_catalog.pg_class.relname \nFROM pg_catalog.pg_class JOIN pg_catalog.pg_namespace ON pg_catalog.pg_namespace.oid = pg_catalog.pg_class.relnamespace \nWHERE pg_catalog.pg_class.relname = $1::VARCHAR AND pg_catalog.pg_class.relkind = ANY (ARRAY[$2::VARCHAR, $3::VARCHAR, $4::VARCHAR, $5::VARCHAR, $6::VARCHAR]) AND pg_catalog.pg_table_is_visible(pg_catalog.pg_class.oid) AND pg_catalog.pg_namespace.nspname != $7::VARCHAR"}
{"asctime": "2026-03-23 00:14:07,518", "level": "INFO", "logger": "sqlalchemy.engine.Engine", "message": "[cached since 0.02793s ago] ('emergency_contacts', 'r', 'p', 'f', 'v', 'm', 'pg_catalog')"}
{"asctime": "2026-03-23 00:14:07,518", "level": "INFO", "logger": "sqlalchemy.engine.Engine", "message": "SELECT pg_catalog.pg_class.relname \nFROM pg_catalog.pg_class JOIN pg_catalog.pg_namespace ON pg_catalog.pg_namespace.oid = pg_catalog.pg_class.relnamespace \nWHERE pg_catalog.pg_class.relname = $1::VARCHAR AND pg_catalog.pg_class.relkind = ANY (ARRAY[$2::VARCHAR, $3::VARCHAR, $4::VARCHAR, $5::VARCHAR, $6::VARCHAR]) AND pg_catalog.pg_table_is_visible(pg_catalog.pg_class.oid) AND pg_catalog.pg_namespace.nspname != $7::VARCHAR"}
{"asctime": "2026-03-23 00:14:07,518", "level": "INFO", "logger": "sqlalchemy.engine.Engine", "message": "[cached since 0.02879s ago] ('ai_conversations', 'r', 'p', 'f', 'v', 'm', 'pg_catalog')"}
{"asctime": "2026-03-23 00:14:07,518", "level": "INFO", "logger": "sqlalchemy.engine.Engine", "message": "COMMIT"}
{"asctime": "2026-03-23 00:14:10,672", "level": "DEBUG", "logger": "tzlocal", "message": "Looking up time zone info from registry"}
{"asctime": "2026-03-23 00:14:10,688", "level": "INFO", "logger": "app.services.reminder_worker", "message": "[ReminderWorker] APScheduler started (5-min reminders + 08:00 refill alerts)"}
{"asctime": "2026-03-23 00:14:10,688", "level": "WARNING", "logger": "app.services.notification_service", "message": "FIREBASE_CREDENTIALS_PATH not set \u2014 push notifications disabled."}
{"asctime": "2026-03-23 00:14:10,688", "level": "WARNING", "logger": "app.services.notification_service", "message": "ENCRYPTION_KEY not set \u2014 using derived key. Set ENCRYPTION_KEY in .env for production security."}
{"asctime": "2026-03-23 00:14:10,749", "level": "INFO", "logger": "app.services.cache_service", "message": "Redis connected: redis://localhost:6379/0"}
{"asctime": "2026-03-23 00:14:10,749", "level": "INFO", "logger": "main", "message": "VitaPulse AI v1.0.0 started"}
{"asctime": "2026-03-23 00:14:10,749", "level": "INFO", "logger": "main", "message": "API docs: http://localhost:8000/docs"}
{"asctime": "2026-03-23 00:19:10,709", "level": "INFO", "logger": "sqlalchemy.engine.Engine", "message": "BEGIN (implicit)"}
{"asctime": "2026-03-23 00:19:10,714", "level": "INFO", "logger": "sqlalchemy.engine.Engine", "message": "SELECT * FROM fn_get_due_reminders($1)"}
{"asctime": "2026-03-23 00:19:10,717", "level": "INFO", "logger": "sqlalchemy.engine.Engine", "message": "[generated in 0.00315s] (5,)"}
{"asctime": "2026-03-23 00:19:11,005", "level": "INFO", "logger": "sqlalchemy.engine.Engine", "message": "ROLLBACK"}
{"asctime": "2026-03-23 00:19:11,008", "level": "INFO", "logger": "app.services.reminder_worker", "message": "[ReminderWorker] Checking reminders at 18:49 \u2014 0 due"}
{"asctime": "2026-03-23 00:24:10,708", "level": "INFO", "logger": "sqlalchemy.engine.Engine", "message": "BEGIN (implicit)"}
{"asctime": "2026-03-23 00:24:10,710", "level": "INFO", "logger": "sqlalchemy.engine.Engine", "message": "SELECT * FROM fn_get_due_reminders($1)"}
{"asctime": "2026-03-23 00:24:10,710", "level": "INFO", "logger": "sqlalchemy.engine.Engine", "message": "[cached since 300s ago] (5,)"}
{"asctime": "2026-03-23 00:24:10,710", "level": "INFO", "logger": "sqlalchemy.engine.Engine", "message": "ROLLBACK"}
{"asctime": "2026-03-23 00:24:10,724", "level": "INFO", "logger": "app.services.reminder_worker", "message": "[ReminderWorker] Checking reminders at 18:54 \u2014 0 due"}
{"asctime": "2026-03-23 00:28:46,563", "level": "DEBUG", "logger": "passlib.utils.compat", "message": "loaded lazy attr 'SafeConfigParser': <class 'configparser.ConfigParser'>"}
{"asctime": "2026-03-23 00:28:46,563", "level": "DEBUG", "logger": "passlib.utils.compat", "message": "loaded lazy attr 'NativeStringIO': <class '_io.StringIO'>"}
{"asctime": "2026-03-23 00:28:46,563", "level": "DEBUG", "logger": "passlib.utils.compat", "message": "loaded lazy attr 'BytesIO': <class '_io.BytesIO'>"}
{"asctime": "2026-03-23 00:28:46,574", "level": "DEBUG", "logger": "passlib.registry", "message": "registered 'bcrypt' handler: <class 'passlib.handlers.bcrypt.bcrypt'>"}
{"asctime": "2026-03-23 00:29:10,697", "level": "INFO", "logger": "sqlalchemy.engine.Engine", "message": "BEGIN (implicit)"}
{"asctime": "2026-03-23 00:29:10,697", "level": "INFO", "logger": "sqlalchemy.engine.Engine", "message": "SELECT * FROM fn_get_due_reminders($1)"}
{"asctime": "2026-03-23 00:29:10,697", "level": "INFO", "logger": "sqlalchemy.engine.Engine", "message": "[cached since 600s ago] (5,)"}
{"asctime": "2026-03-23 00:29:10,697", "level": "INFO", "logger": "sqlalchemy.engine.Engine", "message": "ROLLBACK"}
{"asctime": "2026-03-23 00:29:10,706", "level": "INFO", "logger": "app.services.reminder_worker", "message": "[ReminderWorker] Checking reminders at 18:59 \u2014 0 due"}
{"asctime": "2026-03-23 00:34:10,693", "level": "INFO", "logger": "sqlalchemy.engine.Engine", "message": "BEGIN (implicit)"}
{"asctime": "2026-03-23 00:34:10,695", "level": "INFO", "logger": "sqlalchemy.engine.Engine", "message": "SELECT * FROM fn_get_due_reminders($1)"}
{"asctime": "2026-03-23 00:34:10,695", "level": "INFO", "logger": "sqlalchemy.engine.Engine", "message": "[cached since 900s ago] (5,)"}
{"asctime": "2026-03-23 00:34:10,698", "level": "INFO", "logger": "sqlalchemy.engine.Engine", "message": "ROLLBACK"}
{"asctime": "2026-03-23 00:34:10,700", "level": "INFO", "logger": "app.services.reminder_worker", "message": "[ReminderWorker] Checking reminders at 19:04 \u2014 0 due"}
{"asctime": "2026-03-23 00:39:10,696", "level": "INFO", "logger": "sqlalchemy.engine.Engine", "message": "BEGIN (implicit)"}
{"asctime": "2026-03-23 00:39:10,700", "level": "INFO", "logger": "sqlalchemy.engine.Engine", "message": "SELECT * FROM fn_get_due_reminders($1)"}
{"asctime": "2026-03-23 00:39:10,701", "level": "INFO", "logger": "sqlalchemy.engine.Engine", "message": "[cached since 1200s ago] (5,)"}
{"asctime": "2026-03-23 00:39:10,704", "level": "INFO", "logger": "sqlalchemy.engine.Engine", "message": "ROLLBACK"}
{"asctime": "2026-03-23 00:39:10,706", "level": "INFO", "logger": "app.services.reminder_worker", "message": "[ReminderWorker] Checking reminders at 19:09 \u2014 0 due"}
{"asctime": "2026-03-23 00:44:10,705", "level": "INFO", "logger": "sqlalchemy.engine.Engine", "message": "BEGIN (implicit)"}
{"asctime": "2026-03-23 00:44:10,709", "level": "INFO", "logger": "sqlalchemy.engine.Engine", "message": "SELECT * FROM fn_get_due_reminders($1)"}
{"asctime": "2026-03-23 00:44:10,712", "level": "INFO", "logger": "sqlalchemy.engine.Engine", "message": "[cached since 1500s ago] (5,)"}
{"asctime": "2026-03-23 00:44:10,724", "level": "INFO", "logger": "sqlalchemy.engine.Engine", "message": "ROLLBACK"}
{"asctime": "2026-03-23 00:44:10,726", "level": "INFO", "logger": "app.services.reminder_worker", "message": "[ReminderWorker] Checking reminders at 19:14 \u2014 0 due"}
{"asctime": "2026-03-23 00:49:10,695", "level": "INFO", "logger": "sqlalchemy.engine.Engine", "message": "BEGIN (implicit)"}
{"asctime": "2026-03-23 00:49:10,695", "level": "INFO", "logger": "sqlalchemy.engine.Engine", "message": "SELECT * FROM fn_get_due_reminders($1)"}
{"asctime": "2026-03-23 00:49:10,695", "level": "INFO", "logger": "sqlalchemy.engine.Engine", "message": "[cached since 1800s ago] (5,)"}
{"asctime": "2026-03-23 00:49:10,702", "level": "INFO", "logger": "sqlalchemy.engine.Engine", "message": "ROLLBACK"}
{"asctime": "2026-03-23 00:49:10,707", "level": "INFO", "logger": "app.services.reminder_worker", "message": "[ReminderWorker] Checking reminders at 19:19 \u2014 0 due"}
{"asctime": "2026-03-23 00:54:10,702", "level": "INFO", "logger": "sqlalchemy.engine.Engine", "message": "BEGIN (implicit)"}
{"asctime": "2026-03-23 00:54:10,708", "level": "INFO", "logger": "sqlalchemy.engine.Engine", "message": "SELECT * FROM fn_get_due_reminders($1)"}
{"asctime": "2026-03-23 00:54:10,710", "level": "INFO", "logger": "sqlalchemy.engine.Engine", "message": "[cached since 2100s ago] (5,)"}
{"asctime": "2026-03-23 00:54:10,716", "level": "INFO", "logger": "sqlalchemy.engine.Engine", "message": "ROLLBACK"}
{"asctime": "2026-03-23 00:54:10,717", "level": "INFO", "logger": "app.services.reminder_worker", "message": "[ReminderWorker] Checking reminders at 19:24 \u2014 0 due"}
{"asctime": "2026-03-23 00:59:10,718", "level": "INFO", "logger": "sqlalchemy.engine.Engine", "message": "BEGIN (implicit)"}
{"asctime": "2026-03-23 00:59:11,038", "level": "INFO", "logger": "sqlalchemy.engine.Engine", "message": "SELECT * FROM fn_get_due_reminders($1)"}
{"asctime": "2026-03-23 00:59:11,048", "level": "INFO", "logger": "sqlalchemy.engine.Engine", "message": "[cached since 2400s ago] (5,)"}
{"asctime": "2026-03-23 00:59:11,050", "level": "INFO", "logger": "sqlalchemy.engine.Engine", "message": "ROLLBACK"}
{"asctime": "2026-03-23 00:59:11,054", "level": "INFO", "logger": "app.services.reminder_worker", "message": "[ReminderWorker] Checking reminders at 19:29 \u2014 0 due"}
{"asctime": "2026-03-23 01:04:10,703", "level": "INFO", "logger": "sqlalchemy.engine.Engine", "message": "BEGIN (implicit)"}
{"asctime": "2026-03-23 01:04:10,703", "level": "INFO", "logger": "sqlalchemy.engine.Engine", "message": "SELECT * FROM fn_get_due_reminders($1)"}
{"asctime": "2026-03-23 01:04:10,703", "level": "INFO", "logger": "sqlalchemy.engine.Engine", "message": "[cached since 2700s ago] (5,)"}
{"asctime": "2026-03-23 01:04:10,709", "level": "INFO", "logger": "sqlalchemy.engine.Engine", "message": "ROLLBACK"}
{"asctime": "2026-03-23 01:04:10,709", "level": "INFO", "logger": "app.services.reminder_worker", "message": "[ReminderWorker] Checking reminders at 19:34 \u2014 0 due"}
{"asctime": "2026-03-23 01:09:10,717", "level": "INFO", "logger": "sqlalchemy.engine.Engine", "message": "BEGIN (implicit)"}
{"asctime": "2026-03-23 01:09:10,721", "level": "INFO", "logger": "sqlalchemy.engine.Engine", "message": "SELECT * FROM fn_get_due_reminders($1)"}
{"asctime": "2026-03-23 01:09:10,723", "level": "INFO", "logger": "sqlalchemy.engine.Engine", "message": "[cached since 3000s ago] (5,)"}
{"asctime": "2026-03-23 01:09:10,728", "level": "INFO", "logger": "sqlalchemy.engine.Engine", "message": "ROLLBACK"}
{"asctime": "2026-03-23 01:09:10,731", "level": "INFO", "logger": "app.services.reminder_worker", "message": "[ReminderWorker] Checking reminders at 19:39 \u2014 0 due"}
{"asctime": "2026-03-23 01:14:10,702", "level": "INFO", "logger": "sqlalchemy.engine.Engine", "message": "BEGIN (implicit)"}
{"asctime": "2026-03-23 01:14:10,705", "level": "INFO", "logger": "sqlalchemy.engine.Engine", "message": "SELECT * FROM fn_get_due_reminders($1)"}
{"asctime": "2026-03-23 01:14:10,709", "level": "INFO", "logger": "sqlalchemy.engine.Engine", "message": "[cached since 3300s ago] (5,)"}
{"asctime": "2026-03-23 01:14:10,713", "level": "INFO", "logger": "sqlalchemy.engine.Engine", "message": "ROLLBACK"}
{"asctime": "2026-03-23 01:14:10,713", "level": "INFO", "logger": "app.services.reminder_worker", "message": "[ReminderWorker] Checking reminders at 19:44 \u2014 0 due"}
{"asctime": "2026-03-23 01:19:10,719", "level": "INFO", "logger": "sqlalchemy.engine.Engine", "message": "BEGIN (implicit)"}
{"asctime": "2026-03-23 01:19:10,720", "level": "INFO", "logger": "sqlalchemy.engine.Engine", "message": "SELECT * FROM fn_get_due_reminders($1)"}
{"asctime": "2026-03-23 01:19:10,721", "level": "INFO", "logger": "sqlalchemy.engine.Engine", "message": "[cached since 3600s ago] (5,)"}
{"asctime": "2026-03-23 01:19:10,725", "level": "INFO", "logger": "sqlalchemy.engine.Engine", "message": "ROLLBACK"}
{"asctime": "2026-03-23 01:19:10,735", "level": "INFO", "logger": "app.services.reminder_worker", "message": "[ReminderWorker] Checking reminders at 19:49 \u2014 0 due"}
{"asctime": "2026-03-23 01:24:10,695", "level": "INFO", "logger": "sqlalchemy.engine.Engine", "message": "BEGIN (implicit)"}
{"asctime": "2026-03-23 01:24:10,698", "level": "INFO", "logger": "sqlalchemy.engine.Engine", "message": "SELECT * FROM fn_get_due_reminders($1)"}
{"asctime": "2026-03-23 01:24:10,700", "level": "INFO", "logger": "sqlalchemy.engine.Engine", "message": "[cached since 3900s ago] (5,)"}
{"asctime": "2026-03-23 01:24:10,703", "level": "INFO", "logger": "sqlalchemy.engine.Engine", "message": "ROLLBACK"}
{"asctime": "2026-03-23 01:24:10,705", "level": "INFO", "logger": "app.services.reminder_worker", "message": "[ReminderWorker] Checking reminders at 19:54 \u2014 0 due"}
{"asctime": "2026-03-23 01:29:10,695", "level": "INFO", "logger": "sqlalchemy.engine.Engine", "message": "BEGIN (implicit)"}
{"asctime": "2026-03-23 01:29:10,700", "level": "INFO", "logger": "sqlalchemy.engine.Engine", "message": "SELECT * FROM fn_get_due_reminders($1)"}
{"asctime": "2026-03-23 01:29:10,732", "level": "INFO", "logger": "sqlalchemy.engine.Engine", "message": "[cached since 4200s ago] (5,)"}
{"asctime": "2026-03-23 01:29:10,741", "level": "INFO", "logger": "sqlalchemy.engine.Engine", "message": "ROLLBACK"}
{"asctime": "2026-03-23 01:29:10,742", "level": "INFO", "logger": "app.services.reminder_worker", "message": "[ReminderWorker] Checking reminders at 19:59 \u2014 1 due"}
{"asctime": "2026-03-23 01:29:11,882", "level": "INFO", "logger": "app.services.notification_service", "message": "FIREBASE_CREDENTIALS_PATH not set \u2014 push notifications disabled."}
{"asctime": "2026-03-23 01:29:11,884", "level": "INFO", "logger": "app.services.notification_service", "message": "[PUSH NOTIFICATION - dev mode]\n  token: dev_fcm_token_aiden_...\n  title: Medication Reminder \u2014 Margaret Mitchell\n  body: Time for Levothyroxine 75mcg\nTake 30 min before breakfast on empty stomach."}
{"asctime": "2026-03-23 01:29:11,884", "level": "DEBUG", "logger": "app.services.reminder_worker", "message": "  \u2713 Sent reminder for Levothyroxine to user 1"}
{"asctime": "2026-03-23 01:34:10,707", "level": "INFO", "logger": "sqlalchemy.engine.Engine", "message": "BEGIN (implicit)"}
{"asctime": "2026-03-23 01:34:10,710", "level": "INFO", "logger": "sqlalchemy.engine.Engine", "message": "SELECT * FROM fn_get_due_reminders($1)"}
{"asctime": "2026-03-23 01:34:10,712", "level": "INFO", "logger": "sqlalchemy.engine.Engine", "message": "[cached since 4500s ago] (5,)"}
{"asctime": "2026-03-23 01:34:10,715", "level": "INFO", "logger": "sqlalchemy.engine.Engine", "message": "ROLLBACK"}
{"asctime": "2026-03-23 01:34:10,718", "level": "INFO", "logger": "app.services.reminder_worker", "message": "[ReminderWorker] Checking reminders at 20:04 \u2014 1 due"}
{"asctime": "2026-03-23 01:34:10,720", "level": "INFO", "logger": "app.services.notification_service", "message": "FIREBASE_CREDENTIALS_PATH not set \u2014 push notifications disabled."}
{"asctime": "2026-03-23 01:34:10,723", "level": "INFO", "logger": "app.services.notification_service", "message": "[PUSH NOTIFICATION - dev mode]\n  token: dev_fcm_token_aiden_...\n  title: Medication Reminder \u2014 Margaret Mitchell\n  body: Time for Levothyroxine 75mcg\nTake 30 min before breakfast on empty stomach."}
{"asctime": "2026-03-23 01:34:10,723", "level": "DEBUG", "logger": "app.services.reminder_worker", "message": "  \u2713 Sent reminder for Levothyroxine to user 1"}
{"asctime": "2026-03-23 01:39:10,699", "level": "INFO", "logger": "sqlalchemy.engine.Engine", "message": "BEGIN (implicit)"}
{"asctime": "2026-03-23 01:39:10,700", "level": "INFO", "logger": "sqlalchemy.engine.Engine", "message": "SELECT * FROM fn_get_due_reminders($1)"}
{"asctime": "2026-03-23 01:39:10,701", "level": "INFO", "logger": "sqlalchemy.engine.Engine", "message": "[cached since 4800s ago] (5,)"}
{"asctime": "2026-03-23 01:39:10,703", "level": "INFO", "logger": "sqlalchemy.engine.Engine", "message": "ROLLBACK"}
{"asctime": "2026-03-23 01:39:10,704", "level": "INFO", "logger": "app.services.reminder_worker", "message": "[ReminderWorker] Checking reminders at 20:09 \u2014 0 due"}
{"asctime": "2026-03-23 01:44:10,694", "level": "INFO", "logger": "sqlalchemy.engine.Engine", "message": "BEGIN (implicit)"}
{"asctime": "2026-03-23 01:44:10,702", "level": "INFO", "logger": "sqlalchemy.engine.Engine", "message": "SELECT * FROM fn_get_due_reminders($1)"}
{"asctime": "2026-03-23 01:44:10,707", "level": "INFO", "logger": "sqlalchemy.engine.Engine", "message": "[cached since 5100s ago] (5,)"}
{"asctime": "2026-03-23 01:44:10,712", "level": "INFO", "logger": "sqlalchemy.engine.Engine", "message": "ROLLBACK"}
{"asctime": "2026-03-23 01:44:10,713", "level": "INFO", "logger": "app.services.reminder_worker", "message": "[ReminderWorker] Checking reminders at 20:14 \u2014 0 due"}
{"asctime": "2026-03-23 01:49:10,706", "level": "INFO", "logger": "sqlalchemy.engine.Engine", "message": "BEGIN (implicit)"}
{"asctime": "2026-03-23 01:49:10,709", "level": "INFO", "logger": "sqlalchemy.engine.Engine", "message": "SELECT * FROM fn_get_due_reminders($1)"}
{"asctime": "2026-03-23 01:49:10,710", "level": "INFO", "logger": "sqlalchemy.engine.Engine", "message": "[cached since 5400s ago] (5,)"}
{"asctime": "2026-03-23 01:49:10,714", "level": "INFO", "logger": "sqlalchemy.engine.Engine", "message": "ROLLBACK"}
{"asctime": "2026-03-23 01:49:10,716", "level": "INFO", "logger": "app.services.reminder_worker", "message": "[ReminderWorker] Checking reminders at 20:19 \u2014 0 due"}
{"asctime": "2026-03-23 01:54:10,703", "level": "INFO", "logger": "sqlalchemy.engine.Engine", "message": "BEGIN (implicit)"}
{"asctime": "2026-03-23 01:54:10,705", "level": "INFO", "logger": "sqlalchemy.engine.Engine", "message": "SELECT * FROM fn_get_due_reminders($1)"}
{"asctime": "2026-03-23 01:54:10,707", "level": "INFO", "logger": "sqlalchemy.engine.Engine", "message": "[cached since 5700s ago] (5,)"}
{"asctime": "2026-03-23 01:54:10,710", "level": "INFO", "logger": "sqlalchemy.engine.Engine", "message": "ROLLBACK"}
{"asctime": "2026-03-23 01:54:10,712", "level": "INFO", "logger": "app.services.reminder_worker", "message": "[ReminderWorker] Checking reminders at 20:24 \u2014 0 due"}
{"asctime": "2026-03-23 01:59:10,696", "level": "INFO", "logger": "sqlalchemy.engine.Engine", "message": "BEGIN (implicit)"}
{"asctime": "2026-03-23 01:59:10,698", "level": "INFO", "logger": "sqlalchemy.engine.Engine", "message": "SELECT * FROM fn_get_due_reminders($1)"}
{"asctime": "2026-03-23 01:59:10,700", "level": "INFO", "logger": "sqlalchemy.engine.Engine", "message": "[cached since 6000s ago] (5,)"}
{"asctime": "2026-03-23 01:59:10,702", "level": "INFO", "logger": "sqlalchemy.engine.Engine", "message": "ROLLBACK"}
{"asctime": "2026-03-23 01:59:10,704", "level": "INFO", "logger": "app.services.reminder_worker", "message": "[ReminderWorker] Checking reminders at 20:29 \u2014 1 due"}
{"asctime": "2026-03-23 01:59:10,705", "level": "INFO", "logger": "app.services.notification_service", "message": "FIREBASE_CREDENTIALS_PATH not set \u2014 push notifications disabled."}
{"asctime": "2026-03-23 01:59:10,706", "level": "INFO", "logger": "app.services.notification_service", "message": "[PUSH NOTIFICATION - dev mode]\n  token: dev_fcm_token_aiden_...\n  title: Medication Reminder\n  body: Time to take Perindopril 5mg\nTake in the morning before breakfast."}
{"asctime": "2026-03-23 01:59:10,707", "level": "DEBUG", "logger": "app.services.reminder_worker", "message": "  \u2713 Sent reminder for Perindopril to user 1"}
{"asctime": "2026-03-23 02:04:10,700", "level": "INFO", "logger": "sqlalchemy.engine.Engine", "message": "BEGIN (implicit)"}
{"asctime": "2026-03-23 02:04:10,702", "level": "INFO", "logger": "sqlalchemy.engine.Engine", "message": "SELECT * FROM fn_get_due_reminders($1)"}
{"asctime": "2026-03-23 02:04:10,703", "level": "INFO", "logger": "sqlalchemy.engine.Engine", "message": "[cached since 6300s ago] (5,)"}
{"asctime": "2026-03-23 02:04:10,707", "level": "INFO", "logger": "sqlalchemy.engine.Engine", "message": "ROLLBACK"}
{"asctime": "2026-03-23 02:04:10,709", "level": "INFO", "logger": "app.services.reminder_worker", "message": "[ReminderWorker] Checking reminders at 20:34 \u2014 1 due"}
{"asctime": "2026-03-23 02:04:10,710", "level": "INFO", "logger": "app.services.notification_service", "message": "FIREBASE_CREDENTIALS_PATH not set \u2014 push notifications disabled."}
{"asctime": "2026-03-23 02:04:10,712", "level": "INFO", "logger": "app.services.notification_service", "message": "[PUSH NOTIFICATION - dev mode]\n  token: dev_fcm_token_aiden_...\n  title: Medication Reminder\n  body: Time to take Perindopril 5mg\nTake in the morning before breakfast."}
{"asctime": "2026-03-23 02:04:10,713", "level": "DEBUG", "logger": "app.services.reminder_worker", "message": "  \u2713 Sent reminder for Perindopril to user 1"}
{"asctime": "2026-03-23 02:09:10,703", "level": "INFO", "logger": "sqlalchemy.engine.Engine", "message": "BEGIN (implicit)"}
{"asctime": "2026-03-23 02:09:10,705", "level": "INFO", "logger": "sqlalchemy.engine.Engine", "message": "SELECT * FROM fn_get_due_reminders($1)"}
{"asctime": "2026-03-23 02:09:10,707", "level": "INFO", "logger": "sqlalchemy.engine.Engine", "message": "[cached since 6600s ago] (5,)"}
{"asctime": "2026-03-23 02:09:10,709", "level": "INFO", "logger": "sqlalchemy.engine.Engine", "message": "ROLLBACK"}
{"asctime": "2026-03-23 02:09:10,710", "level": "INFO", "logger": "app.services.reminder_worker", "message": "[ReminderWorker] Checking reminders at 20:39 \u2014 0 due"}
{"asctime": "2026-03-23 05:37:21,148", "level": "WARNING", "logger": "apscheduler.executors.default", "message": "Run time of job \"_dispatch_reminders (trigger: interval[0:05:00], next run at: 2026-03-23 05:39:10 IST)\" was missed by 0:03:10.460222"}
{"asctime": "2026-03-23 05:37:21,199", "level": "WARNING", "logger": "apscheduler.executors.default", "message": "Run time of job \"_dispatch_refill_alerts (trigger: cron[hour='8', minute='0'], next run at: 2026-03-24 08:00:00 AEDT)\" was missed by 3:07:21.199981"}
{"asctime": "2026-03-23 06:24:14,501", "level": "WARNING", "logger": "apscheduler.executors.default", "message": "Run time of job \"_dispatch_reminders (trigger: interval[0:05:00], next run at: 2026-03-23 06:29:10 IST)\" was missed by 0:00:03.812425"}
{"asctime": "2026-03-23 06:28:05,226", "level": "INFO", "logger": "sqlalchemy.engine.Engine", "message": "BEGIN (implicit)"}
{"asctime": "2026-03-23 06:28:05,248", "level": "INFO", "logger": "sqlalchemy.engine.Engine", "message": "INSERT INTO otps (identifier, otp_code, purpose, is_used, expires_at) VALUES ($1::VARCHAR, $2::VARCHAR, $3::VARCHAR, $4::BOOLEAN, $5::TIMESTAMP WITH TIME ZONE) RETURNING otps.id, otps.created_at"}
{"asctime": "2026-03-23 06:28:05,249", "level": "INFO", "logger": "sqlalchemy.engine.Engine", "message": "[generated in 0.00348s] ('ravishori@gmail.com', 'd9e3f0523c2e661e9022089acb28cc0512f19a5f3fa911497bd9e3ec1e1ba6e7', 'register', False, datetime.datetime(2026, 3, 23, 1, 8, 5, 169896, tzinfo=datetime.timezone.utc))"}
{"asctime": "2026-03-23 06:28:05,340", "level": "INFO", "logger": "sqlalchemy.engine.Engine", "message": "ROLLBACK"}
{"asctime": "2026-03-23 06:28:05,800", "level": "ERROR", "logger": "main", "message": "Database error on POST /api/v1/auth/send-otp: (sqlalchemy.dialects.postgresql.asyncpg.Error) <class 'asyncpg.exceptions.StringDataRightTruncationError'>: value too long for type character varying(10)\n[SQL: INSERT INTO otps (identifier, otp_code, purpose, is_used, expires_at) VALUES ($1::VARCHAR, $2::VARCHAR, $3::VARCHAR, $4::BOOLEAN, $5::TIMESTAMP WITH TIME ZONE) RETURNING otps.id, otps.created_at]\n[parameters: ('ravishori@gmail.com', 'd9e3f0523c2e661e9022089acb28cc0512f19a5f3fa911497bd9e3ec1e1ba6e7', 'register', False, datetime.datetime(2026, 3, 23, 1, 8, 5, 169896, tzinfo=datetime.timezone.utc))]\n(Background on this error at: https://sqlalche.me/e/20/dbapi)", "exc_info": "Traceback (most recent call last):\n  File \"C:\\Users\\ravin\\AppData\\Local\\Programs\\Python\\Python311\\Lib\\site-packages\\sqlalchemy\\dialects\\postgresql\\asyncpg.py\", line 534, in _prepare_and_execute\n    self._rows = deque(await prepared_stmt.fetch(*parameters))\n                       ^^^^^^^^^^^^^^^^^^^^^^^^^^^^^^^^^^^^^^\n  File \"C:\\Users\\ravin\\AppData\\Local\\Programs\\Python\\Python311\\Lib\\site-packages\\asyncpg\\prepared_stmt.py\", line 176, in fetch\n    data = await self.__bind_execute(args, 0, timeout)\n           ^^^^^^^^^^^^^^^^^^^^^^^^^^^^^^^^^^^^^^^^^^^\n  File \"C:\\Users\\ravin\\AppData\\Local\\Programs\\Python\\Python311\\Lib\\site-packages\\asyncpg\\prepared_stmt.py\", line 267, in __bind_execute\n    data, status, _ = await self.__do_execute(\n                      ^^^^^^^^^^^^^^^^^^^^^^^^\n  File \"C:\\Users\\ravin\\AppData\\Local\\Programs\\Python\\Python311\\Lib\\site-packages\\asyncpg\\prepared_stmt.py\", line 256, in __do_execute\n    return await executor(protocol)\n           ^^^^^^^^^^^^^^^^^^^^^^^^\n  File \"asyncpg\\\\protocol\\\\protocol.pyx\", line 206, in bind_execute\nasyncpg.exceptions.StringDataRightTruncationError: value too long for type character varying(10)\n\nThe above exception was the direct cause of the following exception:\n\nTraceback (most recent call last):\n  File \"C:\\Users\\ravin\\AppData\\Local\\Programs\\Python\\Python311\\Lib\\site-packages\\sqlalchemy\\engine\\base.py\", line 1967, in _exec_single_context\n    self.dialect.do_execute(\n  File \"C:\\Users\\ravin\\AppData\\Local\\Programs\\Python\\Python311\\Lib\\site-packages\\sqlalchemy\\engine\\default.py\", line 941, in do_execute\n    cursor.execute(statement, parameters)\n  File \"C:\\Users\\ravin\\AppData\\Local\\Programs\\Python\\Python311\\Lib\\site-packages\\sqlalchemy\\dialects\\postgresql\\asyncpg.py\", line 568, in execute\n    self._adapt_connection.await_(\n  File \"C:\\Users\\ravin\\AppData\\Local\\Programs\\Python\\Python311\\Lib\\site-packages\\sqlalchemy\\util\\_concurrency_py3k.py\", line 132, in await_only\n    return current.parent.switch(awaitable)  # type: ignore[no-any-return,attr-defined] # noqa: E501\n           ^^^^^^^^^^^^^^^^^^^^^^^^^^^^^^^^\n  File \"C:\\Users\\ravin\\AppData\\Local\\Programs\\Python\\Python311\\Lib\\site-packages\\sqlalchemy\\util\\_concurrency_py3k.py\", line 196, in greenlet_spawn\n    value = await result\n            ^^^^^^^^^^^^\n  File \"C:\\Users\\ravin\\AppData\\Local\\Programs\\Python\\Python311\\Lib\\site-packages\\sqlalchemy\\dialects\\postgresql\\asyncpg.py\", line 546, in _prepare_and_execute\n    self._handle_exception(error)\n  File \"C:\\Users\\ravin\\AppData\\Local\\Programs\\Python\\Python311\\Lib\\site-packages\\sqlalchemy\\dialects\\postgresql\\asyncpg.py\", line 497, in _handle_exception\n    self._adapt_connection._handle_exception(error)\n  File \"C:\\Users\\ravin\\AppData\\Local\\Programs\\Python\\Python311\\Lib\\site-packages\\sqlalchemy\\dialects\\postgresql\\asyncpg.py\", line 780, in _handle_exception\n    raise translated_error from error\nsqlalchemy.dialects.postgresql.asyncpg.AsyncAdapt_asyncpg_dbapi.Error: <class 'asyncpg.exceptions.StringDataRightTruncationError'>: value too long for type character varying(10)\n\nThe above exception was the direct cause of the following exception:\n\nTraceback (most recent call last):\n  File \"C:\\Users\\ravin\\AppData\\Local\\Programs\\Python\\Python311\\Lib\\site-packages\\starlette\\_exception_handler.py\", line 42, in wrapped_app\n    await app(scope, receive, sender)\n  File \"C:\\Users\\ravin\\AppData\\Local\\Programs\\Python\\Python311\\Lib\\site-packages\\starlette\\routing.py\", line 73, in app\n    response = await f(request)\n               ^^^^^^^^^^^^^^^^\n  File \"C:\\Users\\ravin\\AppData\\Local\\Programs\\Python\\Python311\\Lib\\site-packages\\fastapi\\routing.py\", line 301, in app\n    raw_response = await run_endpoint_function(\n                   ^^^^^^^^^^^^^^^^^^^^^^^^^^^^\n  File \"C:\\Users\\ravin\\AppData\\Local\\Programs\\Python\\Python311\\Lib\\site-packages\\fastapi\\routing.py\", line 212, in run_endpoint_function\n    return await dependant.call(**values)\n           ^^^^^^^^^^^^^^^^^^^^^^^^^^^^^^\n  File \"D:\\ravishori\\OzHealth-AI\\backend\\app\\api\\routes\\auth.py\", line 198, in send_otp\n    await db.commit()\n  File \"C:\\Users\\ravin\\AppData\\Local\\Programs\\Python\\Python311\\Lib\\site-packages\\sqlalchemy\\ext\\asyncio\\session.py\", line 1009, in commit\n    await greenlet_spawn(self.sync_session.commit)\n  File \"C:\\Users\\ravin\\AppData\\Local\\Programs\\Python\\Python311\\Lib\\site-packages\\sqlalchemy\\util\\_concurrency_py3k.py\", line 203, in greenlet_spawn\n    result = context.switch(value)\n             ^^^^^^^^^^^^^^^^^^^^^\n  File \"C:\\Users\\ravin\\AppData\\Local\\Programs\\Python\\Python311\\Lib\\site-packages\\sqlalchemy\\orm\\session.py\", line 2028, in commit\n    trans.commit(_to_root=True)\n  File \"<string>\", line 2, in commit\n  File \"C:\\Users\\ravin\\AppData\\Local\\Programs\\Python\\Python311\\Lib\\site-packages\\sqlalchemy\\orm\\state_changes.py\", line 139, in _go\n    ret_value = fn(self, *arg, **kw)\n                ^^^^^^^^^^^^^^^^^^^^\n  File \"C:\\Users\\ravin\\AppData\\Local\\Programs\\Python\\Python311\\Lib\\site-packages\\sqlalchemy\\orm\\session.py\", line 1313, in commit\n    self._prepare_impl()\n  File \"<string>\", line 2, in _prepare_impl\n  File \"C:\\Users\\ravin\\AppData\\Local\\Programs\\Python\\Python311\\Lib\\site-packages\\sqlalchemy\\orm\\state_changes.py\", line 139, in _go\n    ret_value = fn(self, *arg, **kw)\n                ^^^^^^^^^^^^^^^^^^^^\n  File \"C:\\Users\\ravin\\AppData\\Local\\Programs\\Python\\Python311\\Lib\\site-packages\\sqlalchemy\\orm\\session.py\", line 1288, in _prepare_impl\n    self.session.flush()\n  File \"C:\\Users\\ravin\\AppData\\Local\\Programs\\Python\\Python311\\Lib\\site-packages\\sqlalchemy\\orm\\session.py\", line 4352, in flush\n    self._flush(objects)\n  File \"C:\\Users\\ravin\\AppData\\Local\\Programs\\Python\\Python311\\Lib\\site-packages\\sqlalchemy\\orm\\session.py\", line 4487, in _flush\n    with util.safe_reraise():\n  File \"C:\\Users\\ravin\\AppData\\Local\\Programs\\Python\\Python311\\Lib\\site-packages\\sqlalchemy\\util\\langhelpers.py\", line 146, in __exit__\n    raise exc_value.with_traceback(exc_tb)\n  File \"C:\\Users\\ravin\\AppData\\Local\\Programs\\Python\\Python311\\Lib\\site-packages\\sqlalchemy\\orm\\session.py\", line 4448, in _flush\n    flush_context.execute()\n  File \"C:\\Users\\ravin\\AppData\\Local\\Programs\\Python\\Python311\\Lib\\site-packages\\sqlalchemy\\orm\\unitofwork.py\", line 466, in execute\n    rec.execute(self)\n  File \"C:\\Users\\ravin\\AppData\\Local\\Programs\\Python\\Python311\\Lib\\site-packages\\sqlalchemy\\orm\\unitofwork.py\", line 642, in execute\n    util.preloaded.orm_persistence.save_obj(\n  File \"C:\\Users\\ravin\\AppData\\Local\\Programs\\Python\\Python311\\Lib\\site-packages\\sqlalchemy\\orm\\persistence.py\", line 93, in save_obj\n    _emit_insert_statements(\n  File \"C:\\Users\\ravin\\AppData\\Local\\Programs\\Python\\Python311\\Lib\\site-packages\\sqlalchemy\\orm\\persistence.py\", line 1233, in _emit_insert_statements\n    result = connection.execute(\n             ^^^^^^^^^^^^^^^^^^^\n  File \"C:\\Users\\ravin\\AppData\\Local\\Programs\\Python\\Python311\\Lib\\site-packages\\sqlalchemy\\engine\\base.py\", line 1418, in execute\n    return meth(\n           ^^^^^\n  File \"C:\\Users\\ravin\\AppData\\Local\\Programs\\Python\\Python311\\Lib\\site-packages\\sqlalchemy\\sql\\elements.py\", line 515, in _execute_on_connection\n    return connection._execute_clauseelement(\n           ^^^^^^^^^^^^^^^^^^^^^^^^^^^^^^^^^^\n  File \"C:\\Users\\ravin\\AppData\\Local\\Programs\\Python\\Python311\\Lib\\site-packages\\sqlalchemy\\engine\\base.py\", line 1640, in _execute_clauseelement\n    ret = self._execute_context(\n          ^^^^^^^^^^^^^^^^^^^^^^\n  File \"C:\\Users\\ravin\\AppData\\Local\\Programs\\Python\\Python311\\Lib\\site-packages\\sqlalchemy\\engine\\base.py\", line 1846, in _execute_context\n    return self._exec_single_context(\n           ^^^^^^^^^^^^^^^^^^^^^^^^^^\n  File \"C:\\Users\\ravin\\AppData\\Local\\Programs\\Python\\Python311\\Lib\\site-packages\\sqlalchemy\\engine\\base.py\", line 1986, in _exec_single_context\n    self._handle_dbapi_exception(\n  File \"C:\\Users\\ravin\\AppData\\Local\\Programs\\Python\\Python311\\Lib\\site-packages\\sqlalchemy\\engine\\base.py\", line 2355, in _handle_dbapi_exception\n    raise sqlalchemy_exception.with_traceback(exc_info[2]) from e\n  File \"C:\\Users\\ravin\\AppData\\Local\\Programs\\Python\\Python311\\Lib\\site-packages\\sqlalchemy\\engine\\base.py\", line 1967, in _exec_single_context\n    self.dialect.do_execute(\n  File \"C:\\Users\\ravin\\AppData\\Local\\Programs\\Python\\Python311\\Lib\\site-packages\\sqlalchemy\\engine\\default.py\", line 941, in do_execute\n    cursor.execute(statement, parameters)\n  File \"C:\\Users\\ravin\\AppData\\Local\\Programs\\Python\\Python311\\Lib\\site-packages\\sqlalchemy\\dialects\\postgresql\\asyncpg.py\", line 568, in execute\n    self._adapt_connection.await_(\n  File \"C:\\Users\\ravin\\AppData\\Local\\Programs\\Python\\Python311\\Lib\\site-packages\\sqlalchemy\\util\\_concurrency_py3k.py\", line 132, in await_only\n    return current.parent.switch(awaitable)  # type: ignore[no-any-return,attr-defined] # noqa: E501\n           ^^^^^^^^^^^^^^^^^^^^^^^^^^^^^^^^\n  File \"C:\\Users\\ravin\\AppData\\Local\\Programs\\Python\\Python311\\Lib\\site-packages\\sqlalchemy\\util\\_concurrency_py3k.py\", line 196, in greenlet_spawn\n    value = await result\n            ^^^^^^^^^^^^\n  File \"C:\\Users\\ravin\\AppData\\Local\\Programs\\Python\\Python311\\Lib\\site-packages\\sqlalchemy\\dialects\\postgresql\\asyncpg.py\", line 546, in _prepare_and_execute\n    self._handle_exception(error)\n  File \"C:\\Users\\ravin\\AppData\\Local\\Programs\\Python\\Python311\\Lib\\site-packages\\sqlalchemy\\dialects\\postgresql\\asyncpg.py\", line 497, in _handle_exception\n    self._adapt_connection._handle_exception(error)\n  File \"C:\\Users\\ravin\\AppData\\Local\\Programs\\Python\\Python311\\Lib\\site-packages\\sqlalchemy\\dialects\\postgresql\\asyncpg.py\", line 780, in _handle_exception\n    raise translated_error from error\nsqlalchemy.exc.DBAPIError: (sqlalchemy.dialects.postgresql.asyncpg.Error) <class 'asyncpg.exceptions.StringDataRightTruncationError'>: value too long for type character varying(10)\n[SQL: INSERT INTO otps (identifier, otp_code, purpose, is_used, expires_at) VALUES ($1::VARCHAR, $2::VARCHAR, $3::VARCHAR, $4::BOOLEAN, $5::TIMESTAMP WITH TIME ZONE) RETURNING otps.id, otps.created_at]\n[parameters: ('ravishori@gmail.com', 'd9e3f0523c2e661e9022089acb28cc0512f19a5f3fa911497bd9e3ec1e1ba6e7', 'register', False, datetime.datetime(2026, 3, 23, 1, 8, 5, 169896, tzinfo=datetime.timezone.utc))]\n(Background on this error at: https://sqlalche.me/e/20/dbapi)"}
{"asctime": "2026-03-23 06:28:06,475", "level": "ERROR", "logger": "main", "message": "Unhandled exception on POST /api/v1/auth/send-otp: 'MutableHeaders' object has no attribute 'pop'", "exc_info": "  + Exception Group Traceback (most recent call last):\n  |   File \"C:\\Users\\ravin\\AppData\\Local\\Programs\\Python\\Python311\\Lib\\site-packages\\starlette\\_utils.py\", line 76, in collapse_excgroups\n  |     yield\n  |   File \"C:\\Users\\ravin\\AppData\\Local\\Programs\\Python\\Python311\\Lib\\site-packages\\starlette\\middleware\\base.py\", line 186, in __call__\n  |     async with anyio.create_task_group() as task_group:\n  |   File \"C:\\Users\\ravin\\AppData\\Local\\Programs\\Python\\Python311\\Lib\\site-packages\\anyio\\_backends\\_asyncio.py\", line 783, in __aexit__\n  |     raise BaseExceptionGroup(\n  | ExceptionGroup: unhandled errors in a TaskGroup (1 sub-exception)\n  +-+---------------- 1 ----------------\n    | Traceback (most recent call last):\n    |   File \"C:\\Users\\ravin\\AppData\\Local\\Programs\\Python\\Python311\\Lib\\site-packages\\starlette\\middleware\\errors.py\", line 165, in __call__\n    |     await self.app(scope, receive, _send)\n    |   File \"C:\\Users\\ravin\\AppData\\Local\\Programs\\Python\\Python311\\Lib\\site-packages\\starlette\\middleware\\cors.py\", line 85, in __call__\n    |     await self.app(scope, receive, send)\n    |   File \"C:\\Users\\ravin\\AppData\\Local\\Programs\\Python\\Python311\\Lib\\site-packages\\starlette\\middleware\\base.py\", line 185, in __call__\n    |     with collapse_excgroups():\n    |   File \"C:\\Users\\ravin\\AppData\\Local\\Programs\\Python\\Python311\\Lib\\contextlib.py\", line 158, in __exit__\n    |     self.gen.throw(typ, value, traceback)\n    |   File \"C:\\Users\\ravin\\AppData\\Local\\Programs\\Python\\Python311\\Lib\\site-packages\\starlette\\_utils.py\", line 82, in collapse_excgroups\n    |     raise exc\n    |   File \"C:\\Users\\ravin\\AppData\\Local\\Programs\\Python\\Python311\\Lib\\site-packages\\starlette\\middleware\\base.py\", line 187, in __call__\n    |     response = await self.dispatch_func(request, call_next)\n    |                ^^^^^^^^^^^^^^^^^^^^^^^^^^^^^^^^^^^^^^^^^^^^\n    |   File \"D:\\ravishori\\OzHealth-AI\\backend\\app\\middleware\\logging_middleware.py\", line 36, in dispatch\n    |     response = await call_next(request)\n    |                ^^^^^^^^^^^^^^^^^^^^^^^^\n    |   File \"C:\\Users\\ravin\\AppData\\Local\\Programs\\Python\\Python311\\Lib\\site-packages\\starlette\\middleware\\base.py\", line 163, in call_next\n    |     raise app_exc\n    |   File \"C:\\Users\\ravin\\AppData\\Local\\Programs\\Python\\Python311\\Lib\\site-packages\\starlette\\middleware\\base.py\", line 149, in coro\n    |     await self.app(scope, receive_or_disconnect, send_no_error)\n    |   File \"C:\\Users\\ravin\\AppData\\Local\\Programs\\Python\\Python311\\Lib\\site-packages\\starlette\\middleware\\base.py\", line 185, in __call__\n    |     with collapse_excgroups():\n    |   File \"C:\\Users\\ravin\\AppData\\Local\\Programs\\Python\\Python311\\Lib\\contextlib.py\", line 158, in __exit__\n    |     self.gen.throw(typ, value, traceback)\n    |   File \"C:\\Users\\ravin\\AppData\\Local\\Programs\\Python\\Python311\\Lib\\site-packages\\starlette\\_utils.py\", line 82, in collapse_excgroups\n    |     raise exc\n    |   File \"C:\\Users\\ravin\\AppData\\Local\\Programs\\Python\\Python311\\Lib\\site-packages\\starlette\\middleware\\base.py\", line 187, in __call__\n    |     response = await self.dispatch_func(request, call_next)\n    |                ^^^^^^^^^^^^^^^^^^^^^^^^^^^^^^^^^^^^^^^^^^^^\n    |   File \"D:\\ravishori\\OzHealth-AI\\backend\\app\\middleware\\security_middleware.py\", line 37, in dispatch\n    |     response.headers.pop(\"Server\", None)\n    |     ^^^^^^^^^^^^^^^^^^^^\n    | AttributeError: 'MutableHeaders' object has no attribute 'pop'\n    +------------------------------------\n\nDuring handling of the above exception, another exception occurred:\n\nTraceback (most recent call last):\n  File \"C:\\Users\\ravin\\AppData\\Local\\Programs\\Python\\Python311\\Lib\\site-packages\\starlette\\middleware\\errors.py\", line 165, in __call__\n    await self.app(scope, receive, _send)\n  File \"C:\\Users\\ravin\\AppData\\Local\\Programs\\Python\\Python311\\Lib\\site-packages\\starlette\\middleware\\cors.py\", line 85, in __call__\n    await self.app(scope, receive, send)\n  File \"C:\\Users\\ravin\\AppData\\Local\\Programs\\Python\\Python311\\Lib\\site-packages\\starlette\\middleware\\base.py\", line 185, in __call__\n    with collapse_excgroups():\n  File \"C:\\Users\\ravin\\AppData\\Local\\Programs\\Python\\Python311\\Lib\\contextlib.py\", line 158, in __exit__\n    self.gen.throw(typ, value, traceback)\n  File \"C:\\Users\\ravin\\AppData\\Local\\Programs\\Python\\Python311\\Lib\\site-packages\\starlette\\_utils.py\", line 82, in collapse_excgroups\n    raise exc\n  File \"C:\\Users\\ravin\\AppData\\Local\\Programs\\Python\\Python311\\Lib\\site-packages\\starlette\\middleware\\base.py\", line 187, in __call__\n    response = await self.dispatch_func(request, call_next)\n               ^^^^^^^^^^^^^^^^^^^^^^^^^^^^^^^^^^^^^^^^^^^^\n  File \"D:\\ravishori\\OzHealth-AI\\backend\\app\\middleware\\logging_middleware.py\", line 36, in dispatch\n    response = await call_next(request)\n               ^^^^^^^^^^^^^^^^^^^^^^^^\n  File \"C:\\Users\\ravin\\AppData\\Local\\Programs\\Python\\Python311\\Lib\\site-packages\\starlette\\middleware\\base.py\", line 163, in call_next\n    raise app_exc\n  File \"C:\\Users\\ravin\\AppData\\Local\\Programs\\Python\\Python311\\Lib\\site-packages\\starlette\\middleware\\base.py\", line 149, in coro\n    await self.app(scope, receive_or_disconnect, send_no_error)\n  File \"C:\\Users\\ravin\\AppData\\Local\\Programs\\Python\\Python311\\Lib\\site-packages\\starlette\\middleware\\base.py\", line 185, in __call__\n    with collapse_excgroups():\n  File \"C:\\Users\\ravin\\AppData\\Local\\Programs\\Python\\Python311\\Lib\\contextlib.py\", line 158, in __exit__\n    self.gen.throw(typ, value, traceback)\n  File \"C:\\Users\\ravin\\AppData\\Local\\Programs\\Python\\Python311\\Lib\\site-packages\\starlette\\_utils.py\", line 82, in collapse_excgroups\n    raise exc\n  File \"C:\\Users\\ravin\\AppData\\Local\\Programs\\Python\\Python311\\Lib\\site-packages\\starlette\\middleware\\base.py\", line 187, in __call__\n    response = await self.dispatch_func(request, call_next)\n               ^^^^^^^^^^^^^^^^^^^^^^^^^^^^^^^^^^^^^^^^^^^^\n  File \"D:\\ravishori\\OzHealth-AI\\backend\\app\\middleware\\security_middleware.py\", line 37, in dispatch\n    response.headers.pop(\"Server\", None)\n    ^^^^^^^^^^^^^^^^^^^^\nAttributeError: 'MutableHeaders' object has no attribute 'pop'"}
{"asctime": "2026-03-23 06:28:13,795", "level": "INFO", "logger": "sqlalchemy.engine.Engine", "message": "BEGIN (implicit)"}
{"asctime": "2026-03-23 06:28:13,797", "level": "INFO", "logger": "sqlalchemy.engine.Engine", "message": "INSERT INTO otps (identifier, otp_code, purpose, is_used, expires_at) VALUES ($1::VARCHAR, $2::VARCHAR, $3::VARCHAR, $4::BOOLEAN, $5::TIMESTAMP WITH TIME ZONE) RETURNING otps.id, otps.created_at"}
{"asctime": "2026-03-23 06:28:13,798", "level": "INFO", "logger": "sqlalchemy.engine.Engine", "message": "[cached since 8.551s ago] ('ravishori@gmail.com', '228264e7aeab046ad1d2cd25e6e427a67218c9f9e2eaebe565c95db933f8406a', 'register', False, datetime.datetime(2026, 3, 23, 1, 8, 13, 793799, tzinfo=datetime.timezone.utc))"}
{"asctime": "2026-03-23 06:28:13,800", "level": "INFO", "logger": "sqlalchemy.engine.Engine", "message": "ROLLBACK"}
{"asctime": "2026-03-23 06:28:13,803", "level": "ERROR", "logger": "main", "message": "Database error on POST /api/v1/auth/send-otp: (sqlalchemy.dialects.postgresql.asyncpg.Error) <class 'asyncpg.exceptions.StringDataRightTruncationError'>: value too long for type character varying(10)\n[SQL: INSERT INTO otps (identifier, otp_code, purpose, is_used, expires_at) VALUES ($1::VARCHAR, $2::VARCHAR, $3::VARCHAR, $4::BOOLEAN, $5::TIMESTAMP WITH TIME ZONE) RETURNING otps.id, otps.created_at]\n[parameters: ('ravishori@gmail.com', '228264e7aeab046ad1d2cd25e6e427a67218c9f9e2eaebe565c95db933f8406a', 'register', False, datetime.datetime(2026, 3, 23, 1, 8, 13, 793799, tzinfo=datetime.timezone.utc))]\n(Background on this error at: https://sqlalche.me/e/20/dbapi)", "exc_info": "Traceback (most recent call last):\n  File \"C:\\Users\\ravin\\AppData\\Local\\Programs\\Python\\Python311\\Lib\\site-packages\\sqlalchemy\\dialects\\postgresql\\asyncpg.py\", line 534, in _prepare_and_execute\n    self._rows = deque(await prepared_stmt.fetch(*parameters))\n                       ^^^^^^^^^^^^^^^^^^^^^^^^^^^^^^^^^^^^^^\n  File \"C:\\Users\\ravin\\AppData\\Local\\Programs\\Python\\Python311\\Lib\\site-packages\\asyncpg\\prepared_stmt.py\", line 176, in fetch\n    data = await self.__bind_execute(args, 0, timeout)\n           ^^^^^^^^^^^^^^^^^^^^^^^^^^^^^^^^^^^^^^^^^^^\n  File \"C:\\Users\\ravin\\AppData\\Local\\Programs\\Python\\Python311\\Lib\\site-packages\\asyncpg\\prepared_stmt.py\", line 267, in __bind_execute\n    data, status, _ = await self.__do_execute(\n                      ^^^^^^^^^^^^^^^^^^^^^^^^\n  File \"C:\\Users\\ravin\\AppData\\Local\\Programs\\Python\\Python311\\Lib\\site-packages\\asyncpg\\prepared_stmt.py\", line 256, in __do_execute\n    return await executor(protocol)\n           ^^^^^^^^^^^^^^^^^^^^^^^^\n  File \"asyncpg\\\\protocol\\\\protocol.pyx\", line 206, in bind_execute\nasyncpg.exceptions.StringDataRightTruncationError: value too long for type character varying(10)\n\nThe above exception was the direct cause of the following exception:\n\nTraceback (most recent call last):\n  File \"C:\\Users\\ravin\\AppData\\Local\\Programs\\Python\\Python311\\Lib\\site-packages\\sqlalchemy\\engine\\base.py\", line 1967, in _exec_single_context\n    self.dialect.do_execute(\n  File \"C:\\Users\\ravin\\AppData\\Local\\Programs\\Python\\Python311\\Lib\\site-packages\\sqlalchemy\\engine\\default.py\", line 941, in do_execute\n    cursor.execute(statement, parameters)\n  File \"C:\\Users\\ravin\\AppData\\Local\\Programs\\Python\\Python311\\Lib\\site-packages\\sqlalchemy\\dialects\\postgresql\\asyncpg.py\", line 568, in execute\n    self._adapt_connection.await_(\n  File \"C:\\Users\\ravin\\AppData\\Local\\Programs\\Python\\Python311\\Lib\\site-packages\\sqlalchemy\\util\\_concurrency_py3k.py\", line 132, in await_only\n    return current.parent.switch(awaitable)  # type: ignore[no-any-return,attr-defined] # noqa: E501\n           ^^^^^^^^^^^^^^^^^^^^^^^^^^^^^^^^\n  File \"C:\\Users\\ravin\\AppData\\Local\\Programs\\Python\\Python311\\Lib\\site-packages\\sqlalchemy\\util\\_concurrency_py3k.py\", line 196, in greenlet_spawn\n    value = await result\n            ^^^^^^^^^^^^\n  File \"C:\\Users\\ravin\\AppData\\Local\\Programs\\Python\\Python311\\Lib\\site-packages\\sqlalchemy\\dialects\\postgresql\\asyncpg.py\", line 546, in _prepare_and_execute\n    self._handle_exception(error)\n  File \"C:\\Users\\ravin\\AppData\\Local\\Programs\\Python\\Python311\\Lib\\site-packages\\sqlalchemy\\dialects\\postgresql\\asyncpg.py\", line 497, in _handle_exception\n    self._adapt_connection._handle_exception(error)\n  File \"C:\\Users\\ravin\\AppData\\Local\\Programs\\Python\\Python311\\Lib\\site-packages\\sqlalchemy\\dialects\\postgresql\\asyncpg.py\", line 780, in _handle_exception\n    raise translated_error from error\nsqlalchemy.dialects.postgresql.asyncpg.AsyncAdapt_asyncpg_dbapi.Error: <class 'asyncpg.exceptions.StringDataRightTruncationError'>: value too long for type character varying(10)\n\nThe above exception was the direct cause of the following exception:\n\nTraceback (most recent call last):\n  File \"C:\\Users\\ravin\\AppData\\Local\\Programs\\Python\\Python311\\Lib\\site-packages\\starlette\\_exception_handler.py\", line 42, in wrapped_app\n    await app(scope, receive, sender)\n  File \"C:\\Users\\ravin\\AppData\\Local\\Programs\\Python\\Python311\\Lib\\site-packages\\starlette\\routing.py\", line 73, in app\n    response = await f(request)\n               ^^^^^^^^^^^^^^^^\n  File \"C:\\Users\\ravin\\AppData\\Local\\Programs\\Python\\Python311\\Lib\\site-packages\\fastapi\\routing.py\", line 301, in app\n    raw_response = await run_endpoint_function(\n                   ^^^^^^^^^^^^^^^^^^^^^^^^^^^^\n  File \"C:\\Users\\ravin\\AppData\\Local\\Programs\\Python\\Python311\\Lib\\site-packages\\fastapi\\routing.py\", line 212, in run_endpoint_function\n    return await dependant.call(**values)\n           ^^^^^^^^^^^^^^^^^^^^^^^^^^^^^^\n  File \"D:\\ravishori\\OzHealth-AI\\backend\\app\\api\\routes\\auth.py\", line 198, in send_otp\n    await db.commit()\n  File \"C:\\Users\\ravin\\AppData\\Local\\Programs\\Python\\Python311\\Lib\\site-packages\\sqlalchemy\\ext\\asyncio\\session.py\", line 1009, in commit\n    await greenlet_spawn(self.sync_session.commit)\n  File \"C:\\Users\\ravin\\AppData\\Local\\Programs\\Python\\Python311\\Lib\\site-packages\\sqlalchemy\\util\\_concurrency_py3k.py\", line 203, in greenlet_spawn\n    result = context.switch(value)\n             ^^^^^^^^^^^^^^^^^^^^^\n  File \"C:\\Users\\ravin\\AppData\\Local\\Programs\\Python\\Python311\\Lib\\site-packages\\sqlalchemy\\orm\\session.py\", line 2028, in commit\n    trans.commit(_to_root=True)\n  File \"<string>\", line 2, in commit\n  File \"C:\\Users\\ravin\\AppData\\Local\\Programs\\Python\\Python311\\Lib\\site-packages\\sqlalchemy\\orm\\state_changes.py\", line 139, in _go\n    ret_value = fn(self, *arg, **kw)\n                ^^^^^^^^^^^^^^^^^^^^\n  File \"C:\\Users\\ravin\\AppData\\Local\\Programs\\Python\\Python311\\Lib\\site-packages\\sqlalchemy\\orm\\session.py\", line 1313, in commit\n    self._prepare_impl()\n  File \"<string>\", line 2, in _prepare_impl\n  File \"C:\\Users\\ravin\\AppData\\Local\\Programs\\Python\\Python311\\Lib\\site-packages\\sqlalchemy\\orm\\state_changes.py\", line 139, in _go\n    ret_value = fn(self, *arg, **kw)\n                ^^^^^^^^^^^^^^^^^^^^\n  File \"C:\\Users\\ravin\\AppData\\Local\\Programs\\Python\\Python311\\Lib\\site-packages\\sqlalchemy\\orm\\session.py\", line 1288, in _prepare_impl\n    self.session.flush()\n  File \"C:\\Users\\ravin\\AppData\\Local\\Programs\\Python\\Python311\\Lib\\site-packages\\sqlalchemy\\orm\\session.py\", line 4352, in flush\n    self._flush(objects)\n  File \"C:\\Users\\ravin\\AppData\\Local\\Programs\\Python\\Python311\\Lib\\site-packages\\sqlalchemy\\orm\\session.py\", line 4487, in _flush\n    with util.safe_reraise():\n  File \"C:\\Users\\ravin\\AppData\\Local\\Programs\\Python\\Python311\\Lib\\site-packages\\sqlalchemy\\util\\langhelpers.py\", line 146, in __exit__\n    raise exc_value.with_traceback(exc_tb)\n  File \"C:\\Users\\ravin\\AppData\\Local\\Programs\\Python\\Python311\\Lib\\site-packages\\sqlalchemy\\orm\\session.py\", line 4448, in _flush\n    flush_context.execute()\n  File \"C:\\Users\\ravin\\AppData\\Local\\Programs\\Python\\Python311\\Lib\\site-packages\\sqlalchemy\\orm\\unitofwork.py\", line 466, in execute\n    rec.execute(self)\n  File \"C:\\Users\\ravin\\AppData\\Local\\Programs\\Python\\Python311\\Lib\\site-packages\\sqlalchemy\\orm\\unitofwork.py\", line 642, in execute\n    util.preloaded.orm_persistence.save_obj(\n  File \"C:\\Users\\ravin\\AppData\\Local\\Programs\\Python\\Python311\\Lib\\site-packages\\sqlalchemy\\orm\\persistence.py\", line 93, in save_obj\n    _emit_insert_statements(\n  File \"C:\\Users\\ravin\\AppData\\Local\\Programs\\Python\\Python311\\Lib\\site-packages\\sqlalchemy\\orm\\persistence.py\", line 1233, in _emit_insert_statements\n    result = connection.execute(\n             ^^^^^^^^^^^^^^^^^^^\n  File \"C:\\Users\\ravin\\AppData\\Local\\Programs\\Python\\Python311\\Lib\\site-packages\\sqlalchemy\\engine\\base.py\", line 1418, in execute\n    return meth(\n           ^^^^^\n  File \"C:\\Users\\ravin\\AppData\\Local\\Programs\\Python\\Python311\\Lib\\site-packages\\sqlalchemy\\sql\\elements.py\", line 515, in _execute_on_connection\n    return connection._execute_clauseelement(\n           ^^^^^^^^^^^^^^^^^^^^^^^^^^^^^^^^^^\n  File \"C:\\Users\\ravin\\AppData\\Local\\Programs\\Python\\Python311\\Lib\\site-packages\\sqlalchemy\\engine\\base.py\", line 1640, in _execute_clauseelement\n    ret = self._execute_context(\n          ^^^^^^^^^^^^^^^^^^^^^^\n  File \"C:\\Users\\ravin\\AppData\\Local\\Programs\\Python\\Python311\\Lib\\site-packages\\sqlalchemy\\engine\\base.py\", line 1846, in _execute_context\n    return self._exec_single_context(\n           ^^^^^^^^^^^^^^^^^^^^^^^^^^\n  File \"C:\\Users\\ravin\\AppData\\Local\\Programs\\Python\\Python311\\Lib\\site-packages\\sqlalchemy\\engine\\base.py\", line 1986, in _exec_single_context\n    self._handle_dbapi_exception(\n  File \"C:\\Users\\ravin\\AppData\\Local\\Programs\\Python\\Python311\\Lib\\site-packages\\sqlalchemy\\engine\\base.py\", line 2355, in _handle_dbapi_exception\n    raise sqlalchemy_exception.with_traceback(exc_info[2]) from e\n  File \"C:\\Users\\ravin\\AppData\\Local\\Programs\\Python\\Python311\\Lib\\site-packages\\sqlalchemy\\engine\\base.py\", line 1967, in _exec_single_context\n    self.dialect.do_execute(\n  File \"C:\\Users\\ravin\\AppData\\Local\\Programs\\Python\\Python311\\Lib\\site-packages\\sqlalchemy\\engine\\default.py\", line 941, in do_execute\n    cursor.execute(statement, parameters)\n  File \"C:\\Users\\ravin\\AppData\\Local\\Programs\\Python\\Python311\\Lib\\site-packages\\sqlalchemy\\dialects\\postgresql\\asyncpg.py\", line 568, in execute\n    self._adapt_connection.await_(\n  File \"C:\\Users\\ravin\\AppData\\Local\\Programs\\Python\\Python311\\Lib\\site-packages\\sqlalchemy\\util\\_concurrency_py3k.py\", line 132, in await_only\n    return current.parent.switch(awaitable)  # type: ignore[no-any-return,attr-defined] # noqa: E501\n           ^^^^^^^^^^^^^^^^^^^^^^^^^^^^^^^^\n  File \"C:\\Users\\ravin\\AppData\\Local\\Programs\\Python\\Python311\\Lib\\site-packages\\sqlalchemy\\util\\_concurrency_py3k.py\", line 196, in greenlet_spawn\n    value = await result\n            ^^^^^^^^^^^^\n  File \"C:\\Users\\ravin\\AppData\\Local\\Programs\\Python\\Python311\\Lib\\site-packages\\sqlalchemy\\dialects\\postgresql\\asyncpg.py\", line 546, in _prepare_and_execute\n    self._handle_exception(error)\n  File \"C:\\Users\\ravin\\AppData\\Local\\Programs\\Python\\Python311\\Lib\\site-packages\\sqlalchemy\\dialects\\postgresql\\asyncpg.py\", line 497, in _handle_exception\n    self._adapt_connection._handle_exception(error)\n  File \"C:\\Users\\ravin\\AppData\\Local\\Programs\\Python\\Python311\\Lib\\site-packages\\sqlalchemy\\dialects\\postgresql\\asyncpg.py\", line 780, in _handle_exception\n    raise translated_error from error\nsqlalchemy.exc.DBAPIError: (sqlalchemy.dialects.postgresql.asyncpg.Error) <class 'asyncpg.exceptions.StringDataRightTruncationError'>: value too long for type character varying(10)\n[SQL: INSERT INTO otps (identifier, otp_code, purpose, is_used, expires_at) VALUES ($1::VARCHAR, $2::VARCHAR, $3::VARCHAR, $4::BOOLEAN, $5::TIMESTAMP WITH TIME ZONE) RETURNING otps.id, otps.created_at]\n[parameters: ('ravishori@gmail.com', '228264e7aeab046ad1d2cd25e6e427a67218c9f9e2eaebe565c95db933f8406a', 'register', False, datetime.datetime(2026, 3, 23, 1, 8, 13, 793799, tzinfo=datetime.timezone.utc))]\n(Background on this error at: https://sqlalche.me/e/20/dbapi)"}
{"asctime": "2026-03-23 06:28:14,082", "level": "ERROR", "logger": "main", "message": "Unhandled exception on POST /api/v1/auth/send-otp: 'MutableHeaders' object has no attribute 'pop'", "exc_info": "  + Exception Group Traceback (most recent call last):\n  |   File \"C:\\Users\\ravin\\AppData\\Local\\Programs\\Python\\Python311\\Lib\\site-packages\\starlette\\_utils.py\", line 76, in collapse_excgroups\n  |     yield\n  |   File \"C:\\Users\\ravin\\AppData\\Local\\Programs\\Python\\Python311\\Lib\\site-packages\\starlette\\middleware\\base.py\", line 186, in __call__\n  |     async with anyio.create_task_group() as task_group:\n  |   File \"C:\\Users\\ravin\\AppData\\Local\\Programs\\Python\\Python311\\Lib\\site-packages\\anyio\\_backends\\_asyncio.py\", line 783, in __aexit__\n  |     raise BaseExceptionGroup(\n  | ExceptionGroup: unhandled errors in a TaskGroup (1 sub-exception)\n  +-+---------------- 1 ----------------\n    | Traceback (most recent call last):\n    |   File \"C:\\Users\\ravin\\AppData\\Local\\Programs\\Python\\Python311\\Lib\\site-packages\\starlette\\middleware\\errors.py\", line 165, in __call__\n    |     await self.app(scope, receive, _send)\n    |   File \"C:\\Users\\ravin\\AppData\\Local\\Programs\\Python\\Python311\\Lib\\site-packages\\starlette\\middleware\\cors.py\", line 85, in __call__\n    |     await self.app(scope, receive, send)\n    |   File \"C:\\Users\\ravin\\AppData\\Local\\Programs\\Python\\Python311\\Lib\\site-packages\\starlette\\middleware\\base.py\", line 185, in __call__\n    |     with collapse_excgroups():\n    |   File \"C:\\Users\\ravin\\AppData\\Local\\Programs\\Python\\Python311\\Lib\\contextlib.py\", line 158, in __exit__\n    |     self.gen.throw(typ, value, traceback)\n    |   File \"C:\\Users\\ravin\\AppData\\Local\\Programs\\Python\\Python311\\Lib\\site-packages\\starlette\\_utils.py\", line 82, in collapse_excgroups\n    |     raise exc\n    |   File \"C:\\Users\\ravin\\AppData\\Local\\Programs\\Python\\Python311\\Lib\\site-packages\\starlette\\middleware\\base.py\", line 187, in __call__\n    |     response = await self.dispatch_func(request, call_next)\n    |                ^^^^^^^^^^^^^^^^^^^^^^^^^^^^^^^^^^^^^^^^^^^^\n    |   File \"D:\\ravishori\\OzHealth-AI\\backend\\app\\middleware\\logging_middleware.py\", line 36, in dispatch\n    |     response = await call_next(request)\n    |                ^^^^^^^^^^^^^^^^^^^^^^^^\n    |   File \"C:\\Users\\ravin\\AppData\\Local\\Programs\\Python\\Python311\\Lib\\site-packages\\starlette\\middleware\\base.py\", line 163, in call_next\n    |     raise app_exc\n    |   File \"C:\\Users\\ravin\\AppData\\Local\\Programs\\Python\\Python311\\Lib\\site-packages\\starlette\\middleware\\base.py\", line 149, in coro\n    |     await self.app(scope, receive_or_disconnect, send_no_error)\n    |   File \"C:\\Users\\ravin\\AppData\\Local\\Programs\\Python\\Python311\\Lib\\site-packages\\starlette\\middleware\\base.py\", line 185, in __call__\n    |     with collapse_excgroups():\n    |   File \"C:\\Users\\ravin\\AppData\\Local\\Programs\\Python\\Python311\\Lib\\contextlib.py\", line 158, in __exit__\n    |     self.gen.throw(typ, value, traceback)\n    |   File \"C:\\Users\\ravin\\AppData\\Local\\Programs\\Python\\Python311\\Lib\\site-packages\\starlette\\_utils.py\", line 82, in collapse_excgroups\n    |     raise exc\n    |   File \"C:\\Users\\ravin\\AppData\\Local\\Programs\\Python\\Python311\\Lib\\site-packages\\starlette\\middleware\\base.py\", line 187, in __call__\n    |     response = await self.dispatch_func(request, call_next)\n    |                ^^^^^^^^^^^^^^^^^^^^^^^^^^^^^^^^^^^^^^^^^^^^\n    |   File \"D:\\ravishori\\OzHealth-AI\\backend\\app\\middleware\\security_middleware.py\", line 37, in dispatch\n    |     response.headers.pop(\"Server\", None)\n    |     ^^^^^^^^^^^^^^^^^^^^\n    | AttributeError: 'MutableHeaders' object has no attribute 'pop'\n    +------------------------------------\n\nDuring handling of the above exception, another exception occurred:\n\nTraceback (most recent call last):\n  File \"C:\\Users\\ravin\\AppData\\Local\\Programs\\Python\\Python311\\Lib\\site-packages\\starlette\\middleware\\errors.py\", line 165, in __call__\n    await self.app(scope, receive, _send)\n  File \"C:\\Users\\ravin\\AppData\\Local\\Programs\\Python\\Python311\\Lib\\site-packages\\starlette\\middleware\\cors.py\", line 85, in __call__\n    await self.app(scope, receive, send)\n  File \"C:\\Users\\ravin\\AppData\\Local\\Programs\\Python\\Python311\\Lib\\site-packages\\starlette\\middleware\\base.py\", line 185, in __call__\n    with collapse_excgroups():\n  File \"C:\\Users\\ravin\\AppData\\Local\\Programs\\Python\\Python311\\Lib\\contextlib.py\", line 158, in __exit__\n    self.gen.throw(typ, value, traceback)\n  File \"C:\\Users\\ravin\\AppData\\Local\\Programs\\Python\\Python311\\Lib\\site-packages\\starlette\\_utils.py\", line 82, in collapse_excgroups\n    raise exc\n  File \"C:\\Users\\ravin\\AppData\\Local\\Programs\\Python\\Python311\\Lib\\site-packages\\starlette\\middleware\\base.py\", line 187, in __call__\n    response = await self.dispatch_func(request, call_next)\n               ^^^^^^^^^^^^^^^^^^^^^^^^^^^^^^^^^^^^^^^^^^^^\n  File \"D:\\ravishori\\OzHealth-AI\\backend\\app\\middleware\\logging_middleware.py\", line 36, in dispatch\n    response = await call_next(request)\n               ^^^^^^^^^^^^^^^^^^^^^^^^\n  File \"C:\\Users\\ravin\\AppData\\Local\\Programs\\Python\\Python311\\Lib\\site-packages\\starlette\\middleware\\base.py\", line 163, in call_next\n    raise app_exc\n  File \"C:\\Users\\ravin\\AppData\\Local\\Programs\\Python\\Python311\\Lib\\site-packages\\starlette\\middleware\\base.py\", line 149, in coro\n    await self.app(scope, receive_or_disconnect, send_no_error)\n  File \"C:\\Users\\ravin\\AppData\\Local\\Programs\\Python\\Python311\\Lib\\site-packages\\starlette\\middleware\\base.py\", line 185, in __call__\n    with collapse_excgroups():\n  File \"C:\\Users\\ravin\\AppData\\Local\\Programs\\Python\\Python311\\Lib\\contextlib.py\", line 158, in __exit__\n    self.gen.throw(typ, value, traceback)\n  File \"C:\\Users\\ravin\\AppData\\Local\\Programs\\Python\\Python311\\Lib\\site-packages\\starlette\\_utils.py\", line 82, in collapse_excgroups\n    raise exc\n  File \"C:\\Users\\ravin\\AppData\\Local\\Programs\\Python\\Python311\\Lib\\site-packages\\starlette\\middleware\\base.py\", line 187, in __call__\n    response = await self.dispatch_func(request, call_next)\n               ^^^^^^^^^^^^^^^^^^^^^^^^^^^^^^^^^^^^^^^^^^^^\n  File \"D:\\ravishori\\OzHealth-AI\\backend\\app\\middleware\\security_middleware.py\", line 37, in dispatch\n    response.headers.pop(\"Server\", None)\n    ^^^^^^^^^^^^^^^^^^^^\nAttributeError: 'MutableHeaders' object has no attribute 'pop'"}
{"asctime": "2026-03-23 06:29:10,701", "level": "INFO", "logger": "sqlalchemy.engine.Engine", "message": "BEGIN (implicit)"}
{"asctime": "2026-03-23 06:29:10,702", "level": "INFO", "logger": "sqlalchemy.engine.Engine", "message": "SELECT * FROM fn_get_due_reminders($1)"}
{"asctime": "2026-03-23 06:29:10,702", "level": "INFO", "logger": "sqlalchemy.engine.Engine", "message": "[cached since 2.221e+04s ago] (5,)"}
{"asctime": "2026-03-23 06:29:10,705", "level": "INFO", "logger": "sqlalchemy.engine.Engine", "message": "ROLLBACK"}
{"asctime": "2026-03-23 06:29:10,706", "level": "INFO", "logger": "app.services.reminder_worker", "message": "[ReminderWorker] Checking reminders at 00:59 \u2014 0 due"}
{"asctime": "2026-03-23 06:29:15,728", "level": "INFO", "logger": "sqlalchemy.engine.Engine", "message": "BEGIN (implicit)"}
{"asctime": "2026-03-23 06:29:15,732", "level": "INFO", "logger": "sqlalchemy.engine.Engine", "message": "INSERT INTO otps (identifier, otp_code, purpose, is_used, expires_at) VALUES ($1::VARCHAR, $2::VARCHAR, $3::VARCHAR, $4::BOOLEAN, $5::TIMESTAMP WITH TIME ZONE) RETURNING otps.id, otps.created_at"}
{"asctime": "2026-03-23 06:29:15,733", "level": "INFO", "logger": "sqlalchemy.engine.Engine", "message": "[cached since 70.49s ago] ('ravishori@gmail.com', '696ffe5f871d9e8bac9db9d66370b3b688cb4e86181027ff8ae24a41cc95f306', 'register', False, datetime.datetime(2026, 3, 23, 1, 9, 15, 725840, tzinfo=datetime.timezone.utc))"}
{"asctime": "2026-03-23 06:29:15,736", "level": "INFO", "logger": "sqlalchemy.engine.Engine", "message": "ROLLBACK"}
{"asctime": "2026-03-23 06:29:15,740", "level": "ERROR", "logger": "main", "message": "Database error on POST /api/v1/auth/send-otp: (sqlalchemy.dialects.postgresql.asyncpg.Error) <class 'asyncpg.exceptions.StringDataRightTruncationError'>: value too long for type character varying(10)\n[SQL: INSERT INTO otps (identifier, otp_code, purpose, is_used, expires_at) VALUES ($1::VARCHAR, $2::VARCHAR, $3::VARCHAR, $4::BOOLEAN, $5::TIMESTAMP WITH TIME ZONE) RETURNING otps.id, otps.created_at]\n[parameters: ('ravishori@gmail.com', '696ffe5f871d9e8bac9db9d66370b3b688cb4e86181027ff8ae24a41cc95f306', 'register', False, datetime.datetime(2026, 3, 23, 1, 9, 15, 725840, tzinfo=datetime.timezone.utc))]\n(Background on this error at: https://sqlalche.me/e/20/dbapi)", "exc_info": "Traceback (most recent call last):\n  File \"C:\\Users\\ravin\\AppData\\Local\\Programs\\Python\\Python311\\Lib\\site-packages\\sqlalchemy\\dialects\\postgresql\\asyncpg.py\", line 534, in _prepare_and_execute\n    self._rows = deque(await prepared_stmt.fetch(*parameters))\n                       ^^^^^^^^^^^^^^^^^^^^^^^^^^^^^^^^^^^^^^\n  File \"C:\\Users\\ravin\\AppData\\Local\\Programs\\Python\\Python311\\Lib\\site-packages\\asyncpg\\prepared_stmt.py\", line 176, in fetch\n    data = await self.__bind_execute(args, 0, timeout)\n           ^^^^^^^^^^^^^^^^^^^^^^^^^^^^^^^^^^^^^^^^^^^\n  File \"C:\\Users\\ravin\\AppData\\Local\\Programs\\Python\\Python311\\Lib\\site-packages\\asyncpg\\prepared_stmt.py\", line 267, in __bind_execute\n    data, status, _ = await self.__do_execute(\n                      ^^^^^^^^^^^^^^^^^^^^^^^^\n  File \"C:\\Users\\ravin\\AppData\\Local\\Programs\\Python\\Python311\\Lib\\site-packages\\asyncpg\\prepared_stmt.py\", line 256, in __do_execute\n    return await executor(protocol)\n           ^^^^^^^^^^^^^^^^^^^^^^^^\n  File \"asyncpg\\\\protocol\\\\protocol.pyx\", line 206, in bind_execute\nasyncpg.exceptions.StringDataRightTruncationError: value too long for type character varying(10)\n\nThe above exception was the direct cause of the following exception:\n\nTraceback (most recent call last):\n  File \"C:\\Users\\ravin\\AppData\\Local\\Programs\\Python\\Python311\\Lib\\site-packages\\sqlalchemy\\engine\\base.py\", line 1967, in _exec_single_context\n    self.dialect.do_execute(\n  File \"C:\\Users\\ravin\\AppData\\Local\\Programs\\Python\\Python311\\Lib\\site-packages\\sqlalchemy\\engine\\default.py\", line 941, in do_execute\n    cursor.execute(statement, parameters)\n  File \"C:\\Users\\ravin\\AppData\\Local\\Programs\\Python\\Python311\\Lib\\site-packages\\sqlalchemy\\dialects\\postgresql\\asyncpg.py\", line 568, in execute\n    self._adapt_connection.await_(\n  File \"C:\\Users\\ravin\\AppData\\Local\\Programs\\Python\\Python311\\Lib\\site-packages\\sqlalchemy\\util\\_concurrency_py3k.py\", line 132, in await_only\n    return current.parent.switch(awaitable)  # type: ignore[no-any-return,attr-defined] # noqa: E501\n           ^^^^^^^^^^^^^^^^^^^^^^^^^^^^^^^^\n  File \"C:\\Users\\ravin\\AppData\\Local\\Programs\\Python\\Python311\\Lib\\site-packages\\sqlalchemy\\util\\_concurrency_py3k.py\", line 196, in greenlet_spawn\n    value = await result\n            ^^^^^^^^^^^^\n  File \"C:\\Users\\ravin\\AppData\\Local\\Programs\\Python\\Python311\\Lib\\site-packages\\sqlalchemy\\dialects\\postgresql\\asyncpg.py\", line 546, in _prepare_and_execute\n    self._handle_exception(error)\n  File \"C:\\Users\\ravin\\AppData\\Local\\Programs\\Python\\Python311\\Lib\\site-packages\\sqlalchemy\\dialects\\postgresql\\asyncpg.py\", line 497, in _handle_exception\n    self._adapt_connection._handle_exception(error)\n  File \"C:\\Users\\ravin\\AppData\\Local\\Programs\\Python\\Python311\\Lib\\site-packages\\sqlalchemy\\dialects\\postgresql\\asyncpg.py\", line 780, in _handle_exception\n    raise translated_error from error\nsqlalchemy.dialects.postgresql.asyncpg.AsyncAdapt_asyncpg_dbapi.Error: <class 'asyncpg.exceptions.StringDataRightTruncationError'>: value too long for type character varying(10)\n\nThe above exception was the direct cause of the following exception:\n\nTraceback (most recent call last):\n  File \"C:\\Users\\ravin\\AppData\\Local\\Programs\\Python\\Python311\\Lib\\site-packages\\starlette\\_exception_handler.py\", line 42, in wrapped_app\n    await app(scope, receive, sender)\n  File \"C:\\Users\\ravin\\AppData\\Local\\Programs\\Python\\Python311\\Lib\\site-packages\\starlette\\routing.py\", line 73, in app\n    response = await f(request)\n               ^^^^^^^^^^^^^^^^\n  File \"C:\\Users\\ravin\\AppData\\Local\\Programs\\Python\\Python311\\Lib\\site-packages\\fastapi\\routing.py\", line 301, in app\n    raw_response = await run_endpoint_function(\n                   ^^^^^^^^^^^^^^^^^^^^^^^^^^^^\n  File \"C:\\Users\\ravin\\AppData\\Local\\Programs\\Python\\Python311\\Lib\\site-packages\\fastapi\\routing.py\", line 212, in run_endpoint_function\n    return await dependant.call(**values)\n           ^^^^^^^^^^^^^^^^^^^^^^^^^^^^^^\n  File \"D:\\ravishori\\OzHealth-AI\\backend\\app\\api\\routes\\auth.py\", line 198, in send_otp\n    await db.commit()\n  File \"C:\\Users\\ravin\\AppData\\Local\\Programs\\Python\\Python311\\Lib\\site-packages\\sqlalchemy\\ext\\asyncio\\session.py\", line 1009, in commit\n    await greenlet_spawn(self.sync_session.commit)\n  File \"C:\\Users\\ravin\\AppData\\Local\\Programs\\Python\\Python311\\Lib\\site-packages\\sqlalchemy\\util\\_concurrency_py3k.py\", line 203, in greenlet_spawn\n    result = context.switch(value)\n             ^^^^^^^^^^^^^^^^^^^^^\n  File \"C:\\Users\\ravin\\AppData\\Local\\Programs\\Python\\Python311\\Lib\\site-packages\\sqlalchemy\\orm\\session.py\", line 2028, in commit\n    trans.commit(_to_root=True)\n  File \"<string>\", line 2, in commit\n  File \"C:\\Users\\ravin\\AppData\\Local\\Programs\\Python\\Python311\\Lib\\site-packages\\sqlalchemy\\orm\\state_changes.py\", line 139, in _go\n    ret_value = fn(self, *arg, **kw)\n                ^^^^^^^^^^^^^^^^^^^^\n  File \"C:\\Users\\ravin\\AppData\\Local\\Programs\\Python\\Python311\\Lib\\site-packages\\sqlalchemy\\orm\\session.py\", line 1313, in commit\n    self._prepare_impl()\n  File \"<string>\", line 2, in _prepare_impl\n  File \"C:\\Users\\ravin\\AppData\\Local\\Programs\\Python\\Python311\\Lib\\site-packages\\sqlalchemy\\orm\\state_changes.py\", line 139, in _go\n    ret_value = fn(self, *arg, **kw)\n                ^^^^^^^^^^^^^^^^^^^^\n  File \"C:\\Users\\ravin\\AppData\\Local\\Programs\\Python\\Python311\\Lib\\site-packages\\sqlalchemy\\orm\\session.py\", line 1288, in _prepare_impl\n    self.session.flush()\n  File \"C:\\Users\\ravin\\AppData\\Local\\Programs\\Python\\Python311\\Lib\\site-packages\\sqlalchemy\\orm\\session.py\", line 4352, in flush\n    self._flush(objects)\n  File \"C:\\Users\\ravin\\AppData\\Local\\Programs\\Python\\Python311\\Lib\\site-packages\\sqlalchemy\\orm\\session.py\", line 4487, in _flush\n    with util.safe_reraise():\n  File \"C:\\Users\\ravin\\AppData\\Local\\Programs\\Python\\Python311\\Lib\\site-packages\\sqlalchemy\\util\\langhelpers.py\", line 146, in __exit__\n    raise exc_value.with_traceback(exc_tb)\n  File \"C:\\Users\\ravin\\AppData\\Local\\Programs\\Python\\Python311\\Lib\\site-packages\\sqlalchemy\\orm\\session.py\", line 4448, in _flush\n    flush_context.execute()\n  File \"C:\\Users\\ravin\\AppData\\Local\\Programs\\Python\\Python311\\Lib\\site-packages\\sqlalchemy\\orm\\unitofwork.py\", line 466, in execute\n    rec.execute(self)\n  File \"C:\\Users\\ravin\\AppData\\Local\\Programs\\Python\\Python311\\Lib\\site-packages\\sqlalchemy\\orm\\unitofwork.py\", line 642, in execute\n    util.preloaded.orm_persistence.save_obj(\n  File \"C:\\Users\\ravin\\AppData\\Local\\Programs\\Python\\Python311\\Lib\\site-packages\\sqlalchemy\\orm\\persistence.py\", line 93, in save_obj\n    _emit_insert_statements(\n  File \"C:\\Users\\ravin\\AppData\\Local\\Programs\\Python\\Python311\\Lib\\site-packages\\sqlalchemy\\orm\\persistence.py\", line 1233, in _emit_insert_statements\n    result = connection.execute(\n             ^^^^^^^^^^^^^^^^^^^\n  File \"C:\\Users\\ravin\\AppData\\Local\\Programs\\Python\\Python311\\Lib\\site-packages\\sqlalchemy\\engine\\base.py\", line 1418, in execute\n    return meth(\n           ^^^^^\n  File \"C:\\Users\\ravin\\AppData\\Local\\Programs\\Python\\Python311\\Lib\\site-packages\\sqlalchemy\\sql\\elements.py\", line 515, in _execute_on_connection\n    return connection._execute_clauseelement(\n           ^^^^^^^^^^^^^^^^^^^^^^^^^^^^^^^^^^\n  File \"C:\\Users\\ravin\\AppData\\Local\\Programs\\Python\\Python311\\Lib\\site-packages\\sqlalchemy\\engine\\base.py\", line 1640, in _execute_clauseelement\n    ret = self._execute_context(\n          ^^^^^^^^^^^^^^^^^^^^^^\n  File \"C:\\Users\\ravin\\AppData\\Local\\Programs\\Python\\Python311\\Lib\\site-packages\\sqlalchemy\\engine\\base.py\", line 1846, in _execute_context\n    return self._exec_single_context(\n           ^^^^^^^^^^^^^^^^^^^^^^^^^^\n  File \"C:\\Users\\ravin\\AppData\\Local\\Programs\\Python\\Python311\\Lib\\site-packages\\sqlalchemy\\engine\\base.py\", line 1986, in _exec_single_context\n    self._handle_dbapi_exception(\n  File \"C:\\Users\\ravin\\AppData\\Local\\Programs\\Python\\Python311\\Lib\\site-packages\\sqlalchemy\\engine\\base.py\", line 2355, in _handle_dbapi_exception\n    raise sqlalchemy_exception.with_traceback(exc_info[2]) from e\n  File \"C:\\Users\\ravin\\AppData\\Local\\Programs\\Python\\Python311\\Lib\\site-packages\\sqlalchemy\\engine\\base.py\", line 1967, in _exec_single_context\n    self.dialect.do_execute(\n  File \"C:\\Users\\ravin\\AppData\\Local\\Programs\\Python\\Python311\\Lib\\site-packages\\sqlalchemy\\engine\\default.py\", line 941, in do_execute\n    cursor.execute(statement, parameters)\n  File \"C:\\Users\\ravin\\AppData\\Local\\Programs\\Python\\Python311\\Lib\\site-packages\\sqlalchemy\\dialects\\postgresql\\asyncpg.py\", line 568, in execute\n    self._adapt_connection.await_(\n  File \"C:\\Users\\ravin\\AppData\\Local\\Programs\\Python\\Python311\\Lib\\site-packages\\sqlalchemy\\util\\_concurrency_py3k.py\", line 132, in await_only\n    return current.parent.switch(awaitable)  # type: ignore[no-any-return,attr-defined] # noqa: E501\n           ^^^^^^^^^^^^^^^^^^^^^^^^^^^^^^^^\n  File \"C:\\Users\\ravin\\AppData\\Local\\Programs\\Python\\Python311\\Lib\\site-packages\\sqlalchemy\\util\\_concurrency_py3k.py\", line 196, in greenlet_spawn\n    value = await result\n            ^^^^^^^^^^^^\n  File \"C:\\Users\\ravin\\AppData\\Local\\Programs\\Python\\Python311\\Lib\\site-packages\\sqlalchemy\\dialects\\postgresql\\asyncpg.py\", line 546, in _prepare_and_execute\n    self._handle_exception(error)\n  File \"C:\\Users\\ravin\\AppData\\Local\\Programs\\Python\\Python311\\Lib\\site-packages\\sqlalchemy\\dialects\\postgresql\\asyncpg.py\", line 497, in _handle_exception\n    self._adapt_connection._handle_exception(error)\n  File \"C:\\Users\\ravin\\AppData\\Local\\Programs\\Python\\Python311\\Lib\\site-packages\\sqlalchemy\\dialects\\postgresql\\asyncpg.py\", line 780, in _handle_exception\n    raise translated_error from error\nsqlalchemy.exc.DBAPIError: (sqlalchemy.dialects.postgresql.asyncpg.Error) <class 'asyncpg.exceptions.StringDataRightTruncationError'>: value too long for type character varying(10)\n[SQL: INSERT INTO otps (identifier, otp_code, purpose, is_used, expires_at) VALUES ($1::VARCHAR, $2::VARCHAR, $3::VARCHAR, $4::BOOLEAN, $5::TIMESTAMP WITH TIME ZONE) RETURNING otps.id, otps.created_at]\n[parameters: ('ravishori@gmail.com', '696ffe5f871d9e8bac9db9d66370b3b688cb4e86181027ff8ae24a41cc95f306', 'register', False, datetime.datetime(2026, 3, 23, 1, 9, 15, 725840, tzinfo=datetime.timezone.utc))]\n(Background on this error at: https://sqlalche.me/e/20/dbapi)"}
{"asctime": "2026-03-23 06:29:15,765", "level": "ERROR", "logger": "main", "message": "Unhandled exception on POST /api/v1/auth/send-otp: 'MutableHeaders' object has no attribute 'pop'", "exc_info": "  + Exception Group Traceback (most recent call last):\n  |   File \"C:\\Users\\ravin\\AppData\\Local\\Programs\\Python\\Python311\\Lib\\site-packages\\starlette\\_utils.py\", line 76, in collapse_excgroups\n  |     yield\n  |   File \"C:\\Users\\ravin\\AppData\\Local\\Programs\\Python\\Python311\\Lib\\site-packages\\starlette\\middleware\\base.py\", line 186, in __call__\n  |     async with anyio.create_task_group() as task_group:\n  |   File \"C:\\Users\\ravin\\AppData\\Local\\Programs\\Python\\Python311\\Lib\\site-packages\\anyio\\_backends\\_asyncio.py\", line 783, in __aexit__\n  |     raise BaseExceptionGroup(\n  | ExceptionGroup: unhandled errors in a TaskGroup (1 sub-exception)\n  +-+---------------- 1 ----------------\n    | Traceback (most recent call last):\n    |   File \"C:\\Users\\ravin\\AppData\\Local\\Programs\\Python\\Python311\\Lib\\site-packages\\starlette\\middleware\\errors.py\", line 165, in __call__\n    |     await self.app(scope, receive, _send)\n    |   File \"C:\\Users\\ravin\\AppData\\Local\\Programs\\Python\\Python311\\Lib\\site-packages\\starlette\\middleware\\cors.py\", line 85, in __call__\n    |     await self.app(scope, receive, send)\n    |   File \"C:\\Users\\ravin\\AppData\\Local\\Programs\\Python\\Python311\\Lib\\site-packages\\starlette\\middleware\\base.py\", line 185, in __call__\n    |     with collapse_excgroups():\n    |   File \"C:\\Users\\ravin\\AppData\\Local\\Programs\\Python\\Python311\\Lib\\contextlib.py\", line 158, in __exit__\n    |     self.gen.throw(typ, value, traceback)\n    |   File \"C:\\Users\\ravin\\AppData\\Local\\Programs\\Python\\Python311\\Lib\\site-packages\\starlette\\_utils.py\", line 82, in collapse_excgroups\n    |     raise exc\n    |   File \"C:\\Users\\ravin\\AppData\\Local\\Programs\\Python\\Python311\\Lib\\site-packages\\starlette\\middleware\\base.py\", line 187, in __call__\n    |     response = await self.dispatch_func(request, call_next)\n    |                ^^^^^^^^^^^^^^^^^^^^^^^^^^^^^^^^^^^^^^^^^^^^\n    |   File \"D:\\ravishori\\OzHealth-AI\\backend\\app\\middleware\\logging_middleware.py\", line 36, in dispatch\n    |     response = await call_next(request)\n    |                ^^^^^^^^^^^^^^^^^^^^^^^^\n    |   File \"C:\\Users\\ravin\\AppData\\Local\\Programs\\Python\\Python311\\Lib\\site-packages\\starlette\\middleware\\base.py\", line 163, in call_next\n    |     raise app_exc\n    |   File \"C:\\Users\\ravin\\AppData\\Local\\Programs\\Python\\Python311\\Lib\\site-packages\\starlette\\middleware\\base.py\", line 149, in coro\n    |     await self.app(scope, receive_or_disconnect, send_no_error)\n    |   File \"C:\\Users\\ravin\\AppData\\Local\\Programs\\Python\\Python311\\Lib\\site-packages\\starlette\\middleware\\base.py\", line 185, in __call__\n    |     with collapse_excgroups():\n    |   File \"C:\\Users\\ravin\\AppData\\Local\\Programs\\Python\\Python311\\Lib\\contextlib.py\", line 158, in __exit__\n    |     self.gen.throw(typ, value, traceback)\n    |   File \"C:\\Users\\ravin\\AppData\\Local\\Programs\\Python\\Python311\\Lib\\site-packages\\starlette\\_utils.py\", line 82, in collapse_excgroups\n    |     raise exc\n    |   File \"C:\\Users\\ravin\\AppData\\Local\\Programs\\Python\\Python311\\Lib\\site-packages\\starlette\\middleware\\base.py\", line 187, in __call__\n    |     response = await self.dispatch_func(request, call_next)\n    |                ^^^^^^^^^^^^^^^^^^^^^^^^^^^^^^^^^^^^^^^^^^^^\n    |   File \"D:\\ravishori\\OzHealth-AI\\backend\\app\\middleware\\security_middleware.py\", line 37, in dispatch\n    |     response.headers.pop(\"Server\", None)\n    |     ^^^^^^^^^^^^^^^^^^^^\n    | AttributeError: 'MutableHeaders' object has no attribute 'pop'\n    +------------------------------------\n\nDuring handling of the above exception, another exception occurred:\n\nTraceback (most recent call last):\n  File \"C:\\Users\\ravin\\AppData\\Local\\Programs\\Python\\Python311\\Lib\\site-packages\\starlette\\middleware\\errors.py\", line 165, in __call__\n    await self.app(scope, receive, _send)\n  File \"C:\\Users\\ravin\\AppData\\Local\\Programs\\Python\\Python311\\Lib\\site-packages\\starlette\\middleware\\cors.py\", line 85, in __call__\n    await self.app(scope, receive, send)\n  File \"C:\\Users\\ravin\\AppData\\Local\\Programs\\Python\\Python311\\Lib\\site-packages\\starlette\\middleware\\base.py\", line 185, in __call__\n    with collapse_excgroups():\n  File \"C:\\Users\\ravin\\AppData\\Local\\Programs\\Python\\Python311\\Lib\\contextlib.py\", line 158, in __exit__\n    self.gen.throw(typ, value, traceback)\n  File \"C:\\Users\\ravin\\AppData\\Local\\Programs\\Python\\Python311\\Lib\\site-packages\\starlette\\_utils.py\", line 82, in collapse_excgroups\n    raise exc\n  File \"C:\\Users\\ravin\\AppData\\Local\\Programs\\Python\\Python311\\Lib\\site-packages\\starlette\\middleware\\base.py\", line 187, in __call__\n    response = await self.dispatch_func(request, call_next)\n               ^^^^^^^^^^^^^^^^^^^^^^^^^^^^^^^^^^^^^^^^^^^^\n  File \"D:\\ravishori\\OzHealth-AI\\backend\\app\\middleware\\logging_middleware.py\", line 36, in dispatch\n    response = await call_next(request)\n               ^^^^^^^^^^^^^^^^^^^^^^^^\n  File \"C:\\Users\\ravin\\AppData\\Local\\Programs\\Python\\Python311\\Lib\\site-packages\\starlette\\middleware\\base.py\", line 163, in call_next\n    raise app_exc\n  File \"C:\\Users\\ravin\\AppData\\Local\\Programs\\Python\\Python311\\Lib\\site-packages\\starlette\\middleware\\base.py\", line 149, in coro\n    await self.app(scope, receive_or_disconnect, send_no_error)\n  File \"C:\\Users\\ravin\\AppData\\Local\\Programs\\Python\\Python311\\Lib\\site-packages\\starlette\\middleware\\base.py\", line 185, in __call__\n    with collapse_excgroups():\n  File \"C:\\Users\\ravin\\AppData\\Local\\Programs\\Python\\Python311\\Lib\\contextlib.py\", line 158, in __exit__\n    self.gen.throw(typ, value, traceback)\n  File \"C:\\Users\\ravin\\AppData\\Local\\Programs\\Python\\Python311\\Lib\\site-packages\\starlette\\_utils.py\", line 82, in collapse_excgroups\n    raise exc\n  File \"C:\\Users\\ravin\\AppData\\Local\\Programs\\Python\\Python311\\Lib\\site-packages\\starlette\\middleware\\base.py\", line 187, in __call__\n    response = await self.dispatch_func(request, call_next)\n               ^^^^^^^^^^^^^^^^^^^^^^^^^^^^^^^^^^^^^^^^^^^^\n  File \"D:\\ravishori\\OzHealth-AI\\backend\\app\\middleware\\security_middleware.py\", line 37, in dispatch\n    response.headers.pop(\"Server\", None)\n    ^^^^^^^^^^^^^^^^^^^^\nAttributeError: 'MutableHeaders' object has no attribute 'pop'"}
{"asctime": "2026-03-23 06:30:13,116", "level": "INFO", "logger": "app.services.reminder_worker", "message": "[ReminderWorker] Scheduler stopped."}
{"asctime": "2026-03-23 06:30:13,117", "level": "INFO", "logger": "main", "message": "VitaPulse AI shut down"}
{"asctime": "2026-03-23 06:33:15,401", "level": "DEBUG", "logger": "passlib.utils.compat", "message": "loaded lazy attr 'SafeConfigParser': <class 'configparser.ConfigParser'>"}
{"asctime": "2026-03-23 06:33:15,401", "level": "DEBUG", "logger": "passlib.utils.compat", "message": "loaded lazy attr 'NativeStringIO': <class '_io.StringIO'>"}
{"asctime": "2026-03-23 06:33:15,401", "level": "DEBUG", "logger": "passlib.utils.compat", "message": "loaded lazy attr 'BytesIO': <class '_io.BytesIO'>"}
{"asctime": "2026-03-23 06:33:15,410", "level": "DEBUG", "logger": "passlib.registry", "message": "registered 'bcrypt' handler: <class 'passlib.handlers.bcrypt.bcrypt'>"}
{"asctime": "2026-03-23 06:33:16,254", "level": "INFO", "logger": "sqlalchemy.engine.Engine", "message": "select pg_catalog.version()"}
{"asctime": "2026-03-23 06:33:16,255", "level": "INFO", "logger": "sqlalchemy.engine.Engine", "message": "[raw sql] ()"}
{"asctime": "2026-03-23 06:33:16,258", "level": "INFO", "logger": "sqlalchemy.engine.Engine", "message": "select current_schema()"}
{"asctime": "2026-03-23 06:33:16,258", "level": "INFO", "logger": "sqlalchemy.engine.Engine", "message": "[raw sql] ()"}
{"asctime": "2026-03-23 06:33:16,261", "level": "INFO", "logger": "sqlalchemy.engine.Engine", "message": "show standard_conforming_strings"}
{"asctime": "2026-03-23 06:33:16,261", "level": "INFO", "logger": "sqlalchemy.engine.Engine", "message": "[raw sql] ()"}
{"asctime": "2026-03-23 06:33:16,263", "level": "INFO", "logger": "sqlalchemy.engine.Engine", "message": "BEGIN (implicit)"}
{"asctime": "2026-03-23 06:33:16,267", "level": "INFO", "logger": "sqlalchemy.engine.Engine", "message": "SELECT pg_catalog.pg_class.relname \nFROM pg_catalog.pg_class JOIN pg_catalog.pg_namespace ON pg_catalog.pg_namespace.oid = pg_catalog.pg_class.relnamespace \nWHERE pg_catalog.pg_class.relname = $1::VARCHAR AND pg_catalog.pg_class.relkind = ANY (ARRAY[$2::VARCHAR, $3::VARCHAR, $4::VARCHAR, $5::VARCHAR, $6::VARCHAR]) AND pg_catalog.pg_table_is_visible(pg_catalog.pg_class.oid) AND pg_catalog.pg_namespace.nspname != $7::VARCHAR"}
{"asctime": "2026-03-23 06:33:16,268", "level": "INFO", "logger": "sqlalchemy.engine.Engine", "message": "[generated in 0.00058s] ('users', 'r', 'p', 'f', 'v', 'm', 'pg_catalog')"}
{"asctime": "2026-03-23 06:33:16,275", "level": "INFO", "logger": "sqlalchemy.engine.Engine", "message": "SELECT pg_catalog.pg_class.relname \nFROM pg_catalog.pg_class JOIN pg_catalog.pg_namespace ON pg_catalog.pg_namespace.oid = pg_catalog.pg_class.relnamespace \nWHERE pg_catalog.pg_class.relname = $1::VARCHAR AND pg_catalog.pg_class.relkind = ANY (ARRAY[$2::VARCHAR, $3::VARCHAR, $4::VARCHAR, $5::VARCHAR, $6::VARCHAR]) AND pg_catalog.pg_table_is_visible(pg_catalog.pg_class.oid) AND pg_catalog.pg_namespace.nspname != $7::VARCHAR"}
{"asctime": "2026-03-23 06:33:16,275", "level": "INFO", "logger": "sqlalchemy.engine.Engine", "message": "[cached since 0.008207s ago] ('otps', 'r', 'p', 'f', 'v', 'm', 'pg_catalog')"}
{"asctime": "2026-03-23 06:33:16,277", "level": "INFO", "logger": "sqlalchemy.engine.Engine", "message": "SELECT pg_catalog.pg_class.relname \nFROM pg_catalog.pg_class JOIN pg_catalog.pg_namespace ON pg_catalog.pg_namespace.oid = pg_catalog.pg_class.relnamespace \nWHERE pg_catalog.pg_class.relname = $1::VARCHAR AND pg_catalog.pg_class.relkind = ANY (ARRAY[$2::VARCHAR, $3::VARCHAR, $4::VARCHAR, $5::VARCHAR, $6::VARCHAR]) AND pg_catalog.pg_table_is_visible(pg_catalog.pg_class.oid) AND pg_catalog.pg_namespace.nspname != $7::VARCHAR"}
{"asctime": "2026-03-23 06:33:16,277", "level": "INFO", "logger": "sqlalchemy.engine.Engine", "message": "[cached since 0.01083s ago] ('family_members', 'r', 'p', 'f', 'v', 'm', 'pg_catalog')"}
{"asctime": "2026-03-23 06:33:16,279", "level": "INFO", "logger": "sqlalchemy.engine.Engine", "message": "SELECT pg_catalog.pg_class.relname \nFROM pg_catalog.pg_class JOIN pg_catalog.pg_namespace ON pg_catalog.pg_namespace.oid = pg_catalog.pg_class.relnamespace \nWHERE pg_catalog.pg_class.relname = $1::VARCHAR AND pg_catalog.pg_class.relkind = ANY (ARRAY[$2::VARCHAR, $3::VARCHAR, $4::VARCHAR, $5::VARCHAR, $6::VARCHAR]) AND pg_catalog.pg_table_is_visible(pg_catalog.pg_class.oid) AND pg_catalog.pg_namespace.nspname != $7::VARCHAR"}
{"asctime": "2026-03-23 06:33:16,280", "level": "INFO", "logger": "sqlalchemy.engine.Engine", "message": "[cached since 0.01254s ago] ('medical_records', 'r', 'p', 'f', 'v', 'm', 'pg_catalog')"}
{"asctime": "2026-03-23 06:33:16,280", "level": "INFO", "logger": "sqlalchemy.engine.Engine", "message": "SELECT pg_catalog.pg_class.relname \nFROM pg_catalog.pg_class JOIN pg_catalog.pg_namespace ON pg_catalog.pg_namespace.oid = pg_catalog.pg_class.relnamespace \nWHERE pg_catalog.pg_class.relname = $1::VARCHAR AND pg_catalog.pg_class.relkind = ANY (ARRAY[$2::VARCHAR, $3::VARCHAR, $4::VARCHAR, $5::VARCHAR, $6::VARCHAR]) AND pg_catalog.pg_table_is_visible(pg_catalog.pg_class.oid) AND pg_catalog.pg_namespace.nspname != $7::VARCHAR"}
{"asctime": "2026-03-23 06:33:16,281", "level": "INFO", "logger": "sqlalchemy.engine.Engine", "message": "[cached since 0.01388s ago] ('prescriptions', 'r', 'p', 'f', 'v', 'm', 'pg_catalog')"}
{"asctime": "2026-03-23 06:33:16,282", "level": "INFO", "logger": "sqlalchemy.engine.Engine", "message": "SELECT pg_catalog.pg_class.relname \nFROM pg_catalog.pg_class JOIN pg_catalog.pg_namespace ON pg_catalog.pg_namespace.oid = pg_catalog.pg_class.relnamespace \nWHERE pg_catalog.pg_class.relname = $1::VARCHAR AND pg_catalog.pg_class.relkind = ANY (ARRAY[$2::VARCHAR, $3::VARCHAR, $4::VARCHAR, $5::VARCHAR, $6::VARCHAR]) AND pg_catalog.pg_table_is_visible(pg_catalog.pg_class.oid) AND pg_catalog.pg_namespace.nspname != $7::VARCHAR"}
{"asctime": "2026-03-23 06:33:16,282", "level": "INFO", "logger": "sqlalchemy.engine.Engine", "message": "[cached since 0.01515s ago] ('medicines', 'r', 'p', 'f', 'v', 'm', 'pg_catalog')"}
{"asctime": "2026-03-23 06:33:16,283", "level": "INFO", "logger": "sqlalchemy.engine.Engine", "message": "SELECT pg_catalog.pg_class.relname \nFROM pg_catalog.pg_class JOIN pg_catalog.pg_namespace ON pg_catalog.pg_namespace.oid = pg_catalog.pg_class.relnamespace \nWHERE pg_catalog.pg_class.relname = $1::VARCHAR AND pg_catalog.pg_class.relkind = ANY (ARRAY[$2::VARCHAR, $3::VARCHAR, $4::VARCHAR, $5::VARCHAR, $6::VARCHAR]) AND pg_catalog.pg_table_is_visible(pg_catalog.pg_class.oid) AND pg_catalog.pg_namespace.nspname != $7::VARCHAR"}
{"asctime": "2026-03-23 06:33:16,283", "level": "INFO", "logger": "sqlalchemy.engine.Engine", "message": "[cached since 0.01639s ago] ('medication_schedules', 'r', 'p', 'f', 'v', 'm', 'pg_catalog')"}
{"asctime": "2026-03-23 06:33:16,284", "level": "INFO", "logger": "sqlalchemy.engine.Engine", "message": "SELECT pg_catalog.pg_class.relname \nFROM pg_catalog.pg_class JOIN pg_catalog.pg_namespace ON pg_catalog.pg_namespace.oid = pg_catalog.pg_class.relnamespace \nWHERE pg_catalog.pg_class.relname = $1::VARCHAR AND pg_catalog.pg_class.relkind = ANY (ARRAY[$2::VARCHAR, $3::VARCHAR, $4::VARCHAR, $5::VARCHAR, $6::VARCHAR]) AND pg_catalog.pg_table_is_visible(pg_catalog.pg_class.oid) AND pg_catalog.pg_namespace.nspname != $7::VARCHAR"}
{"asctime": "2026-03-23 06:33:16,284", "level": "INFO", "logger": "sqlalchemy.engine.Engine", "message": "[cached since 0.01739s ago] ('health_metrics', 'r', 'p', 'f', 'v', 'm', 'pg_catalog')"}
{"asctime": "2026-03-23 06:33:16,285", "level": "INFO", "logger": "sqlalchemy.engine.Engine", "message": "SELECT pg_catalog.pg_class.relname \nFROM pg_catalog.pg_class JOIN pg_catalog.pg_namespace ON pg_catalog.pg_namespace.oid = pg_catalog.pg_class.relnamespace \nWHERE pg_catalog.pg_class.relname = $1::VARCHAR AND pg_catalog.pg_class.relkind = ANY (ARRAY[$2::VARCHAR, $3::VARCHAR, $4::VARCHAR, $5::VARCHAR, $6::VARCHAR]) AND pg_catalog.pg_table_is_visible(pg_catalog.pg_class.oid) AND pg_catalog.pg_namespace.nspname != $7::VARCHAR"}
{"asctime": "2026-03-23 06:33:16,285", "level": "INFO", "logger": "sqlalchemy.engine.Engine", "message": "[cached since 0.01855s ago] ('emergency_contacts', 'r', 'p', 'f', 'v', 'm', 'pg_catalog')"}
{"asctime": "2026-03-23 06:33:16,287", "level": "INFO", "logger": "sqlalchemy.engine.Engine", "message": "SELECT pg_catalog.pg_class.relname \nFROM pg_catalog.pg_class JOIN pg_catalog.pg_namespace ON pg_catalog.pg_namespace.oid = pg_catalog.pg_class.relnamespace \nWHERE pg_catalog.pg_class.relname = $1::VARCHAR AND pg_catalog.pg_class.relkind = ANY (ARRAY[$2::VARCHAR, $3::VARCHAR, $4::VARCHAR, $5::VARCHAR, $6::VARCHAR]) AND pg_catalog.pg_table_is_visible(pg_catalog.pg_class.oid) AND pg_catalog.pg_namespace.nspname != $7::VARCHAR"}
{"asctime": "2026-03-23 06:33:16,287", "level": "INFO", "logger": "sqlalchemy.engine.Engine", "message": "[cached since 0.02018s ago] ('ai_conversations', 'r', 'p', 'f', 'v', 'm', 'pg_catalog')"}
{"asctime": "2026-03-23 06:33:16,288", "level": "INFO", "logger": "sqlalchemy.engine.Engine", "message": "COMMIT"}
{"asctime": "2026-03-23 06:33:20,350", "level": "DEBUG", "logger": "tzlocal", "message": "Looking up time zone info from registry"}
{"asctime": "2026-03-23 06:33:20,369", "level": "INFO", "logger": "app.services.reminder_worker", "message": "[ReminderWorker] APScheduler started (5-min reminders + 08:00 refill alerts)"}
{"asctime": "2026-03-23 06:33:20,371", "level": "WARNING", "logger": "app.services.notification_service", "message": "FIREBASE_CREDENTIALS_PATH not set \u2014 push notifications disabled."}
{"asctime": "2026-03-23 06:33:20,372", "level": "WARNING", "logger": "app.services.notification_service", "message": "ENCRYPTION_KEY not set \u2014 using derived key. Set ENCRYPTION_KEY in .env for production security."}
{"asctime": "2026-03-23 06:33:20,523", "level": "INFO", "logger": "app.services.cache_service", "message": "Redis connected: redis://localhost:6379/0"}
{"asctime": "2026-03-23 06:33:20,524", "level": "INFO", "logger": "main", "message": "VitaPulse AI v1.0.0 started"}
{"asctime": "2026-03-23 06:33:20,525", "level": "INFO", "logger": "main", "message": "API docs: http://localhost:8000/docs"}
{"asctime": "2026-03-23 06:36:13,170", "level": "WARNING", "logger": "main", "message": "AppException [RATE_LIMIT_EXCEEDED] POST /api/v1/auth/send-otp: Too many OTP requests. Try again in 412 seconds."}
{"asctime": "2026-03-23 06:36:13,172", "level": "WARNING", "logger": "vitapulse.http", "message": "HTTP POST /api/v1/auth/send-otp \u2192 429 (9.3 ms)", "method": "POST", "path": "/api/v1/auth/send-otp", "status_code": 429, "duration_ms": 9.3, "user_id": null}
{"asctime": "2026-03-23 06:36:24,027", "level": "WARNING", "logger": "main", "message": "AppException [RATE_LIMIT_EXCEEDED] POST /api/v1/auth/send-otp: Too many OTP requests. Try again in 401 seconds."}
{"asctime": "2026-03-23 06:36:24,034", "level": "WARNING", "logger": "vitapulse.http", "message": "HTTP POST /api/v1/auth/send-otp \u2192 429 (11.9 ms)", "method": "POST", "path": "/api/v1/auth/send-otp", "status_code": 429, "duration_ms": 11.9, "user_id": null}
{"asctime": "2026-03-23 06:37:10,545", "level": "INFO", "logger": "app.services.reminder_worker", "message": "[ReminderWorker] Scheduler stopped."}
{"asctime": "2026-03-23 06:37:10,546", "level": "INFO", "logger": "main", "message": "VitaPulse AI shut down"}
{"asctime": "2026-03-23 06:57:26,176", "level": "DEBUG", "logger": "passlib.utils.compat", "message": "loaded lazy attr 'SafeConfigParser': <class 'configparser.ConfigParser'>"}
{"asctime": "2026-03-23 06:57:26,177", "level": "DEBUG", "logger": "passlib.utils.compat", "message": "loaded lazy attr 'NativeStringIO': <class '_io.StringIO'>"}
{"asctime": "2026-03-23 06:57:26,177", "level": "DEBUG", "logger": "passlib.utils.compat", "message": "loaded lazy attr 'BytesIO': <class '_io.BytesIO'>"}
{"asctime": "2026-03-23 06:57:26,181", "level": "DEBUG", "logger": "passlib.registry", "message": "registered 'bcrypt' handler: <class 'passlib.handlers.bcrypt.bcrypt'>"}
{"asctime": "2026-03-23 06:57:26,733", "level": "INFO", "logger": "sqlalchemy.engine.Engine", "message": "select pg_catalog.version()"}
{"asctime": "2026-03-23 06:57:26,733", "level": "INFO", "logger": "sqlalchemy.engine.Engine", "message": "[raw sql] ()"}
{"asctime": "2026-03-23 06:57:26,737", "level": "INFO", "logger": "sqlalchemy.engine.Engine", "message": "select current_schema()"}
{"asctime": "2026-03-23 06:57:26,738", "level": "INFO", "logger": "sqlalchemy.engine.Engine", "message": "[raw sql] ()"}
{"asctime": "2026-03-23 06:57:26,739", "level": "INFO", "logger": "sqlalchemy.engine.Engine", "message": "show standard_conforming_strings"}
{"asctime": "2026-03-23 06:57:26,740", "level": "INFO", "logger": "sqlalchemy.engine.Engine", "message": "[raw sql] ()"}
{"asctime": "2026-03-23 06:57:26,741", "level": "INFO", "logger": "sqlalchemy.engine.Engine", "message": "BEGIN (implicit)"}
{"asctime": "2026-03-23 06:57:26,744", "level": "INFO", "logger": "sqlalchemy.engine.Engine", "message": "SELECT pg_catalog.pg_class.relname \nFROM pg_catalog.pg_class JOIN pg_catalog.pg_namespace ON pg_catalog.pg_namespace.oid = pg_catalog.pg_class.relnamespace \nWHERE pg_catalog.pg_class.relname = $1::VARCHAR AND pg_catalog.pg_class.relkind = ANY (ARRAY[$2::VARCHAR, $3::VARCHAR, $4::VARCHAR, $5::VARCHAR, $6::VARCHAR]) AND pg_catalog.pg_table_is_visible(pg_catalog.pg_class.oid) AND pg_catalog.pg_namespace.nspname != $7::VARCHAR"}
{"asctime": "2026-03-23 06:57:26,744", "level": "INFO", "logger": "sqlalchemy.engine.Engine", "message": "[generated in 0.00056s] ('users', 'r', 'p', 'f', 'v', 'm', 'pg_catalog')"}
{"asctime": "2026-03-23 06:57:26,753", "level": "INFO", "logger": "sqlalchemy.engine.Engine", "message": "SELECT pg_catalog.pg_class.relname \nFROM pg_catalog.pg_class JOIN pg_catalog.pg_namespace ON pg_catalog.pg_namespace.oid = pg_catalog.pg_class.relnamespace \nWHERE pg_catalog.pg_class.relname = $1::VARCHAR AND pg_catalog.pg_class.relkind = ANY (ARRAY[$2::VARCHAR, $3::VARCHAR, $4::VARCHAR, $5::VARCHAR, $6::VARCHAR]) AND pg_catalog.pg_table_is_visible(pg_catalog.pg_class.oid) AND pg_catalog.pg_namespace.nspname != $7::VARCHAR"}
{"asctime": "2026-03-23 06:57:26,753", "level": "INFO", "logger": "sqlalchemy.engine.Engine", "message": "[cached since 0.009442s ago] ('otps', 'r', 'p', 'f', 'v', 'm', 'pg_catalog')"}
{"asctime": "2026-03-23 06:57:26,754", "level": "INFO", "logger": "sqlalchemy.engine.Engine", "message": "SELECT pg_catalog.pg_class.relname \nFROM pg_catalog.pg_class JOIN pg_catalog.pg_namespace ON pg_catalog.pg_namespace.oid = pg_catalog.pg_class.relnamespace \nWHERE pg_catalog.pg_class.relname = $1::VARCHAR AND pg_catalog.pg_class.relkind = ANY (ARRAY[$2::VARCHAR, $3::VARCHAR, $4::VARCHAR, $5::VARCHAR, $6::VARCHAR]) AND pg_catalog.pg_table_is_visible(pg_catalog.pg_class.oid) AND pg_catalog.pg_namespace.nspname != $7::VARCHAR"}
{"asctime": "2026-03-23 06:57:26,754", "level": "INFO", "logger": "sqlalchemy.engine.Engine", "message": "[cached since 0.01079s ago] ('family_members', 'r', 'p', 'f', 'v', 'm', 'pg_catalog')"}
{"asctime": "2026-03-23 06:57:26,755", "level": "INFO", "logger": "sqlalchemy.engine.Engine", "message": "SELECT pg_catalog.pg_class.relname \nFROM pg_catalog.pg_class JOIN pg_catalog.pg_namespace ON pg_catalog.pg_namespace.oid = pg_catalog.pg_class.relnamespace \nWHERE pg_catalog.pg_class.relname = $1::VARCHAR AND pg_catalog.pg_class.relkind = ANY (ARRAY[$2::VARCHAR, $3::VARCHAR, $4::VARCHAR, $5::VARCHAR, $6::VARCHAR]) AND pg_catalog.pg_table_is_visible(pg_catalog.pg_class.oid) AND pg_catalog.pg_namespace.nspname != $7::VARCHAR"}
{"asctime": "2026-03-23 06:57:26,755", "level": "INFO", "logger": "sqlalchemy.engine.Engine", "message": "[cached since 0.01187s ago] ('medical_records', 'r', 'p', 'f', 'v', 'm', 'pg_catalog')"}
{"asctime": "2026-03-23 06:57:26,757", "level": "INFO", "logger": "sqlalchemy.engine.Engine", "message": "SELECT pg_catalog.pg_class.relname \nFROM pg_catalog.pg_class JOIN pg_catalog.pg_namespace ON pg_catalog.pg_namespace.oid = pg_catalog.pg_class.relnamespace \nWHERE pg_catalog.pg_class.relname = $1::VARCHAR AND pg_catalog.pg_class.relkind = ANY (ARRAY[$2::VARCHAR, $3::VARCHAR, $4::VARCHAR, $5::VARCHAR, $6::VARCHAR]) AND pg_catalog.pg_table_is_visible(pg_catalog.pg_class.oid) AND pg_catalog.pg_namespace.nspname != $7::VARCHAR"}
{"asctime": "2026-03-23 06:57:26,757", "level": "INFO", "logger": "sqlalchemy.engine.Engine", "message": "[cached since 0.01295s ago] ('prescriptions', 'r', 'p', 'f', 'v', 'm', 'pg_catalog')"}
{"asctime": "2026-03-23 06:57:26,758", "level": "INFO", "logger": "sqlalchemy.engine.Engine", "message": "SELECT pg_catalog.pg_class.relname \nFROM pg_catalog.pg_class JOIN pg_catalog.pg_namespace ON pg_catalog.pg_namespace.oid = pg_catalog.pg_class.relnamespace \nWHERE pg_catalog.pg_class.relname = $1::VARCHAR AND pg_catalog.pg_class.relkind = ANY (ARRAY[$2::VARCHAR, $3::VARCHAR, $4::VARCHAR, $5::VARCHAR, $6::VARCHAR]) AND pg_catalog.pg_table_is_visible(pg_catalog.pg_class.oid) AND pg_catalog.pg_namespace.nspname != $7::VARCHAR"}
{"asctime": "2026-03-23 06:57:26,758", "level": "INFO", "logger": "sqlalchemy.engine.Engine", "message": "[cached since 0.01404s ago] ('medicines', 'r', 'p', 'f', 'v', 'm', 'pg_catalog')"}
{"asctime": "2026-03-23 06:57:26,759", "level": "INFO", "logger": "sqlalchemy.engine.Engine", "message": "SELECT pg_catalog.pg_class.relname \nFROM pg_catalog.pg_class JOIN pg_catalog.pg_namespace ON pg_catalog.pg_namespace.oid = pg_catalog.pg_class.relnamespace \nWHERE pg_catalog.pg_class.relname = $1::VARCHAR AND pg_catalog.pg_class.relkind = ANY (ARRAY[$2::VARCHAR, $3::VARCHAR, $4::VARCHAR, $5::VARCHAR, $6::VARCHAR]) AND pg_catalog.pg_table_is_visible(pg_catalog.pg_class.oid) AND pg_catalog.pg_namespace.nspname != $7::VARCHAR"}
{"asctime": "2026-03-23 06:57:26,759", "level": "INFO", "logger": "sqlalchemy.engine.Engine", "message": "[cached since 0.01505s ago] ('medication_schedules', 'r', 'p', 'f', 'v', 'm', 'pg_catalog')"}
{"asctime": "2026-03-23 06:57:26,760", "level": "INFO", "logger": "sqlalchemy.engine.Engine", "message": "SELECT pg_catalog.pg_class.relname \nFROM pg_catalog.pg_class JOIN pg_catalog.pg_namespace ON pg_catalog.pg_namespace.oid = pg_catalog.pg_class.relnamespace \nWHERE pg_catalog.pg_class.relname = $1::VARCHAR AND pg_catalog.pg_class.relkind = ANY (ARRAY[$2::VARCHAR, $3::VARCHAR, $4::VARCHAR, $5::VARCHAR, $6::VARCHAR]) AND pg_catalog.pg_table_is_visible(pg_catalog.pg_class.oid) AND pg_catalog.pg_namespace.nspname != $7::VARCHAR"}
{"asctime": "2026-03-23 06:57:26,760", "level": "INFO", "logger": "sqlalchemy.engine.Engine", "message": "[cached since 0.01589s ago] ('health_metrics', 'r', 'p', 'f', 'v', 'm', 'pg_catalog')"}
{"asctime": "2026-03-23 06:57:26,761", "level": "INFO", "logger": "sqlalchemy.engine.Engine", "message": "SELECT pg_catalog.pg_class.relname \nFROM pg_catalog.pg_class JOIN pg_catalog.pg_namespace ON pg_catalog.pg_namespace.oid = pg_catalog.pg_class.relnamespace \nWHERE pg_catalog.pg_class.relname = $1::VARCHAR AND pg_catalog.pg_class.relkind = ANY (ARRAY[$2::VARCHAR, $3::VARCHAR, $4::VARCHAR, $5::VARCHAR, $6::VARCHAR]) AND pg_catalog.pg_table_is_visible(pg_catalog.pg_class.oid) AND pg_catalog.pg_namespace.nspname != $7::VARCHAR"}
{"asctime": "2026-03-23 06:57:26,761", "level": "INFO", "logger": "sqlalchemy.engine.Engine", "message": "[cached since 0.01717s ago] ('emergency_contacts', 'r', 'p', 'f', 'v', 'm', 'pg_catalog')"}
{"asctime": "2026-03-23 06:57:26,761", "level": "INFO", "logger": "sqlalchemy.engine.Engine", "message": "SELECT pg_catalog.pg_class.relname \nFROM pg_catalog.pg_class JOIN pg_catalog.pg_namespace ON pg_catalog.pg_namespace.oid = pg_catalog.pg_class.relnamespace \nWHERE pg_catalog.pg_class.relname = $1::VARCHAR AND pg_catalog.pg_class.relkind = ANY (ARRAY[$2::VARCHAR, $3::VARCHAR, $4::VARCHAR, $5::VARCHAR, $6::VARCHAR]) AND pg_catalog.pg_table_is_visible(pg_catalog.pg_class.oid) AND pg_catalog.pg_namespace.nspname != $7::VARCHAR"}
{"asctime": "2026-03-23 06:57:26,762", "level": "INFO", "logger": "sqlalchemy.engine.Engine", "message": "[cached since 0.01811s ago] ('ai_conversations', 'r', 'p', 'f', 'v', 'm', 'pg_catalog')"}
{"asctime": "2026-03-23 06:57:26,763", "level": "INFO", "logger": "sqlalchemy.engine.Engine", "message": "COMMIT"}
{"asctime": "2026-03-23 06:57:26,858", "level": "DEBUG", "logger": "tzlocal", "message": "Looking up time zone info from registry"}
{"asctime": "2026-03-23 06:57:26,863", "level": "INFO", "logger": "app.services.reminder_worker", "message": "[ReminderWorker] APScheduler started (5-min reminders + 08:00 refill alerts)"}
{"asctime": "2026-03-23 06:57:26,863", "level": "WARNING", "logger": "app.services.notification_service", "message": "FIREBASE_CREDENTIALS_PATH not set \u2014 push notifications disabled."}
{"asctime": "2026-03-23 06:57:26,864", "level": "WARNING", "logger": "app.services.notification_service", "message": "ENCRYPTION_KEY not set \u2014 using derived key. Set ENCRYPTION_KEY in .env for production security."}
{"asctime": "2026-03-23 06:57:26,906", "level": "INFO", "logger": "app.services.cache_service", "message": "Redis connected: redis://localhost:6379/0"}
{"asctime": "2026-03-23 06:57:26,906", "level": "INFO", "logger": "main", "message": "VitaPulse AI v1.0.0 started"}
{"asctime": "2026-03-23 06:57:26,907", "level": "INFO", "logger": "main", "message": "API docs: http://localhost:8000/docs"}
{"asctime": "2026-03-23 06:57:35,797", "level": "INFO", "logger": "sqlalchemy.engine.Engine", "message": "BEGIN (implicit)"}
{"asctime": "2026-03-23 06:57:35,802", "level": "INFO", "logger": "sqlalchemy.engine.Engine", "message": "INSERT INTO otps (identifier, otp_code, purpose, is_used, expires_at) VALUES ($1::VARCHAR, $2::VARCHAR, $3::VARCHAR, $4::BOOLEAN, $5::TIMESTAMP WITH TIME ZONE) RETURNING otps.id, otps.created_at"}
{"asctime": "2026-03-23 06:57:35,803", "level": "INFO", "logger": "sqlalchemy.engine.Engine", "message": "[generated in 0.00190s] ('ravishori@gmail.com', '3d1c5213bffb0eab5eb4b40c464e399ae8850cc09afeb955f2a90d42043c45f8', 'register', False, datetime.datetime(2026, 3, 23, 1, 37, 35, 773175, tzinfo=datetime.timezone.utc))"}
{"asctime": "2026-03-23 06:57:35,817", "level": "INFO", "logger": "sqlalchemy.engine.Engine", "message": "ROLLBACK"}
{"asctime": "2026-03-23 06:57:35,819", "level": "ERROR", "logger": "main", "message": "Database error on POST /api/v1/auth/send-otp: (sqlalchemy.dialects.postgresql.asyncpg.Error) <class 'asyncpg.exceptions.StringDataRightTruncationError'>: value too long for type character varying(10)\n[SQL: INSERT INTO otps (identifier, otp_code, purpose, is_used, expires_at) VALUES ($1::VARCHAR, $2::VARCHAR, $3::VARCHAR, $4::BOOLEAN, $5::TIMESTAMP WITH TIME ZONE) RETURNING otps.id, otps.created_at]\n[parameters: ('ravishori@gmail.com', '3d1c5213bffb0eab5eb4b40c464e399ae8850cc09afeb955f2a90d42043c45f8', 'register', False, datetime.datetime(2026, 3, 23, 1, 37, 35, 773175, tzinfo=datetime.timezone.utc))]\n(Background on this error at: https://sqlalche.me/e/20/dbapi)", "exc_info": "Traceback (most recent call last):\n  File \"C:\\Users\\ravin\\AppData\\Local\\Programs\\Python\\Python311\\Lib\\site-packages\\sqlalchemy\\dialects\\postgresql\\asyncpg.py\", line 534, in _prepare_and_execute\n    self._rows = deque(await prepared_stmt.fetch(*parameters))\n                       ^^^^^^^^^^^^^^^^^^^^^^^^^^^^^^^^^^^^^^\n  File \"C:\\Users\\ravin\\AppData\\Local\\Programs\\Python\\Python311\\Lib\\site-packages\\asyncpg\\prepared_stmt.py\", line 176, in fetch\n    data = await self.__bind_execute(args, 0, timeout)\n           ^^^^^^^^^^^^^^^^^^^^^^^^^^^^^^^^^^^^^^^^^^^\n  File \"C:\\Users\\ravin\\AppData\\Local\\Programs\\Python\\Python311\\Lib\\site-packages\\asyncpg\\prepared_stmt.py\", line 267, in __bind_execute\n    data, status, _ = await self.__do_execute(\n                      ^^^^^^^^^^^^^^^^^^^^^^^^\n  File \"C:\\Users\\ravin\\AppData\\Local\\Programs\\Python\\Python311\\Lib\\site-packages\\asyncpg\\prepared_stmt.py\", line 256, in __do_execute\n    return await executor(protocol)\n           ^^^^^^^^^^^^^^^^^^^^^^^^\n  File \"asyncpg\\\\protocol\\\\protocol.pyx\", line 206, in bind_execute\nasyncpg.exceptions.StringDataRightTruncationError: value too long for type character varying(10)\n\nThe above exception was the direct cause of the following exception:\n\nTraceback (most recent call last):\n  File \"C:\\Users\\ravin\\AppData\\Local\\Programs\\Python\\Python311\\Lib\\site-packages\\sqlalchemy\\engine\\base.py\", line 1967, in _exec_single_context\n    self.dialect.do_execute(\n  File \"C:\\Users\\ravin\\AppData\\Local\\Programs\\Python\\Python311\\Lib\\site-packages\\sqlalchemy\\engine\\default.py\", line 941, in do_execute\n    cursor.execute(statement, parameters)\n  File \"C:\\Users\\ravin\\AppData\\Local\\Programs\\Python\\Python311\\Lib\\site-packages\\sqlalchemy\\dialects\\postgresql\\asyncpg.py\", line 568, in execute\n    self._adapt_connection.await_(\n  File \"C:\\Users\\ravin\\AppData\\Local\\Programs\\Python\\Python311\\Lib\\site-packages\\sqlalchemy\\util\\_concurrency_py3k.py\", line 132, in await_only\n    return current.parent.switch(awaitable)  # type: ignore[no-any-return,attr-defined] # noqa: E501\n           ^^^^^^^^^^^^^^^^^^^^^^^^^^^^^^^^\n  File \"C:\\Users\\ravin\\AppData\\Local\\Programs\\Python\\Python311\\Lib\\site-packages\\sqlalchemy\\util\\_concurrency_py3k.py\", line 196, in greenlet_spawn\n    value = await result\n            ^^^^^^^^^^^^\n  File \"C:\\Users\\ravin\\AppData\\Local\\Programs\\Python\\Python311\\Lib\\site-packages\\sqlalchemy\\dialects\\postgresql\\asyncpg.py\", line 546, in _prepare_and_execute\n    self._handle_exception(error)\n  File \"C:\\Users\\ravin\\AppData\\Local\\Programs\\Python\\Python311\\Lib\\site-packages\\sqlalchemy\\dialects\\postgresql\\asyncpg.py\", line 497, in _handle_exception\n    self._adapt_connection._handle_exception(error)\n  File \"C:\\Users\\ravin\\AppData\\Local\\Programs\\Python\\Python311\\Lib\\site-packages\\sqlalchemy\\dialects\\postgresql\\asyncpg.py\", line 780, in _handle_exception\n    raise translated_error from error\nsqlalchemy.dialects.postgresql.asyncpg.AsyncAdapt_asyncpg_dbapi.Error: <class 'asyncpg.exceptions.StringDataRightTruncationError'>: value too long for type character varying(10)\n\nThe above exception was the direct cause of the following exception:\n\nTraceback (most recent call last):\n  File \"C:\\Users\\ravin\\AppData\\Local\\Programs\\Python\\Python311\\Lib\\site-packages\\starlette\\_exception_handler.py\", line 42, in wrapped_app\n    await app(scope, receive, sender)\n  File \"C:\\Users\\ravin\\AppData\\Local\\Programs\\Python\\Python311\\Lib\\site-packages\\starlette\\routing.py\", line 73, in app\n    response = await f(request)\n               ^^^^^^^^^^^^^^^^\n  File \"C:\\Users\\ravin\\AppData\\Local\\Programs\\Python\\Python311\\Lib\\site-packages\\fastapi\\routing.py\", line 301, in app\n    raw_response = await run_endpoint_function(\n                   ^^^^^^^^^^^^^^^^^^^^^^^^^^^^\n  File \"C:\\Users\\ravin\\AppData\\Local\\Programs\\Python\\Python311\\Lib\\site-packages\\fastapi\\routing.py\", line 212, in run_endpoint_function\n    return await dependant.call(**values)\n           ^^^^^^^^^^^^^^^^^^^^^^^^^^^^^^\n  File \"D:\\ravishori\\OzHealth-AI\\backend\\app\\api\\routes\\auth.py\", line 198, in send_otp\n    await db.commit()\n  File \"C:\\Users\\ravin\\AppData\\Local\\Programs\\Python\\Python311\\Lib\\site-packages\\sqlalchemy\\ext\\asyncio\\session.py\", line 1009, in commit\n    await greenlet_spawn(self.sync_session.commit)\n  File \"C:\\Users\\ravin\\AppData\\Local\\Programs\\Python\\Python311\\Lib\\site-packages\\sqlalchemy\\util\\_concurrency_py3k.py\", line 203, in greenlet_spawn\n    result = context.switch(value)\n             ^^^^^^^^^^^^^^^^^^^^^\n  File \"C:\\Users\\ravin\\AppData\\Local\\Programs\\Python\\Python311\\Lib\\site-packages\\sqlalchemy\\orm\\session.py\", line 2028, in commit\n    trans.commit(_to_root=True)\n  File \"<string>\", line 2, in commit\n  File \"C:\\Users\\ravin\\AppData\\Local\\Programs\\Python\\Python311\\Lib\\site-packages\\sqlalchemy\\orm\\state_changes.py\", line 139, in _go\n    ret_value = fn(self, *arg, **kw)\n                ^^^^^^^^^^^^^^^^^^^^\n  File \"C:\\Users\\ravin\\AppData\\Local\\Programs\\Python\\Python311\\Lib\\site-packages\\sqlalchemy\\orm\\session.py\", line 1313, in commit\n    self._prepare_impl()\n  File \"<string>\", line 2, in _prepare_impl\n  File \"C:\\Users\\ravin\\AppData\\Local\\Programs\\Python\\Python311\\Lib\\site-packages\\sqlalchemy\\orm\\state_changes.py\", line 139, in _go\n    ret_value = fn(self, *arg, **kw)\n                ^^^^^^^^^^^^^^^^^^^^\n  File \"C:\\Users\\ravin\\AppData\\Local\\Programs\\Python\\Python311\\Lib\\site-packages\\sqlalchemy\\orm\\session.py\", line 1288, in _prepare_impl\n    self.session.flush()\n  File \"C:\\Users\\ravin\\AppData\\Local\\Programs\\Python\\Python311\\Lib\\site-packages\\sqlalchemy\\orm\\session.py\", line 4352, in flush\n    self._flush(objects)\n  File \"C:\\Users\\ravin\\AppData\\Local\\Programs\\Python\\Python311\\Lib\\site-packages\\sqlalchemy\\orm\\session.py\", line 4487, in _flush\n    with util.safe_reraise():\n  File \"C:\\Users\\ravin\\AppData\\Local\\Programs\\Python\\Python311\\Lib\\site-packages\\sqlalchemy\\util\\langhelpers.py\", line 146, in __exit__\n    raise exc_value.with_traceback(exc_tb)\n  File \"C:\\Users\\ravin\\AppData\\Local\\Programs\\Python\\Python311\\Lib\\site-packages\\sqlalchemy\\orm\\session.py\", line 4448, in _flush\n    flush_context.execute()\n  File \"C:\\Users\\ravin\\AppData\\Local\\Programs\\Python\\Python311\\Lib\\site-packages\\sqlalchemy\\orm\\unitofwork.py\", line 466, in execute\n    rec.execute(self)\n  File \"C:\\Users\\ravin\\AppData\\Local\\Programs\\Python\\Python311\\Lib\\site-packages\\sqlalchemy\\orm\\unitofwork.py\", line 642, in execute\n    util.preloaded.orm_persistence.save_obj(\n  File \"C:\\Users\\ravin\\AppData\\Local\\Programs\\Python\\Python311\\Lib\\site-packages\\sqlalchemy\\orm\\persistence.py\", line 93, in save_obj\n    _emit_insert_statements(\n  File \"C:\\Users\\ravin\\AppData\\Local\\Programs\\Python\\Python311\\Lib\\site-packages\\sqlalchemy\\orm\\persistence.py\", line 1233, in _emit_insert_statements\n    result = connection.execute(\n             ^^^^^^^^^^^^^^^^^^^\n  File \"C:\\Users\\ravin\\AppData\\Local\\Programs\\Python\\Python311\\Lib\\site-packages\\sqlalchemy\\engine\\base.py\", line 1418, in execute\n    return meth(\n           ^^^^^\n  File \"C:\\Users\\ravin\\AppData\\Local\\Programs\\Python\\Python311\\Lib\\site-packages\\sqlalchemy\\sql\\elements.py\", line 515, in _execute_on_connection\n    return connection._execute_clauseelement(\n           ^^^^^^^^^^^^^^^^^^^^^^^^^^^^^^^^^^\n  File \"C:\\Users\\ravin\\AppData\\Local\\Programs\\Python\\Python311\\Lib\\site-packages\\sqlalchemy\\engine\\base.py\", line 1640, in _execute_clauseelement\n    ret = self._execute_context(\n          ^^^^^^^^^^^^^^^^^^^^^^\n  File \"C:\\Users\\ravin\\AppData\\Local\\Programs\\Python\\Python311\\Lib\\site-packages\\sqlalchemy\\engine\\base.py\", line 1846, in _execute_context\n    return self._exec_single_context(\n           ^^^^^^^^^^^^^^^^^^^^^^^^^^\n  File \"C:\\Users\\ravin\\AppData\\Local\\Programs\\Python\\Python311\\Lib\\site-packages\\sqlalchemy\\engine\\base.py\", line 1986, in _exec_single_context\n    self._handle_dbapi_exception(\n  File \"C:\\Users\\ravin\\AppData\\Local\\Programs\\Python\\Python311\\Lib\\site-packages\\sqlalchemy\\engine\\base.py\", line 2355, in _handle_dbapi_exception\n    raise sqlalchemy_exception.with_traceback(exc_info[2]) from e\n  File \"C:\\Users\\ravin\\AppData\\Local\\Programs\\Python\\Python311\\Lib\\site-packages\\sqlalchemy\\engine\\base.py\", line 1967, in _exec_single_context\n    self.dialect.do_execute(\n  File \"C:\\Users\\ravin\\AppData\\Local\\Programs\\Python\\Python311\\Lib\\site-packages\\sqlalchemy\\engine\\default.py\", line 941, in do_execute\n    cursor.execute(statement, parameters)\n  File \"C:\\Users\\ravin\\AppData\\Local\\Programs\\Python\\Python311\\Lib\\site-packages\\sqlalchemy\\dialects\\postgresql\\asyncpg.py\", line 568, in execute\n    self._adapt_connection.await_(\n  File \"C:\\Users\\ravin\\AppData\\Local\\Programs\\Python\\Python311\\Lib\\site-packages\\sqlalchemy\\util\\_concurrency_py3k.py\", line 132, in await_only\n    return current.parent.switch(awaitable)  # type: ignore[no-any-return,attr-defined] # noqa: E501\n           ^^^^^^^^^^^^^^^^^^^^^^^^^^^^^^^^\n  File \"C:\\Users\\ravin\\AppData\\Local\\Programs\\Python\\Python311\\Lib\\site-packages\\sqlalchemy\\util\\_concurrency_py3k.py\", line 196, in greenlet_spawn\n    value = await result\n            ^^^^^^^^^^^^\n  File \"C:\\Users\\ravin\\AppData\\Local\\Programs\\Python\\Python311\\Lib\\site-packages\\sqlalchemy\\dialects\\postgresql\\asyncpg.py\", line 546, in _prepare_and_execute\n    self._handle_exception(error)\n  File \"C:\\Users\\ravin\\AppData\\Local\\Programs\\Python\\Python311\\Lib\\site-packages\\sqlalchemy\\dialects\\postgresql\\asyncpg.py\", line 497, in _handle_exception\n    self._adapt_connection._handle_exception(error)\n  File \"C:\\Users\\ravin\\AppData\\Local\\Programs\\Python\\Python311\\Lib\\site-packages\\sqlalchemy\\dialects\\postgresql\\asyncpg.py\", line 780, in _handle_exception\n    raise translated_error from error\nsqlalchemy.exc.DBAPIError: (sqlalchemy.dialects.postgresql.asyncpg.Error) <class 'asyncpg.exceptions.StringDataRightTruncationError'>: value too long for type character varying(10)\n[SQL: INSERT INTO otps (identifier, otp_code, purpose, is_used, expires_at) VALUES ($1::VARCHAR, $2::VARCHAR, $3::VARCHAR, $4::BOOLEAN, $5::TIMESTAMP WITH TIME ZONE) RETURNING otps.id, otps.created_at]\n[parameters: ('ravishori@gmail.com', '3d1c5213bffb0eab5eb4b40c464e399ae8850cc09afeb955f2a90d42043c45f8', 'register', False, datetime.datetime(2026, 3, 23, 1, 37, 35, 773175, tzinfo=datetime.timezone.utc))]\n(Background on this error at: https://sqlalche.me/e/20/dbapi)"}
{"asctime": "2026-03-23 06:57:40,500", "level": "INFO", "logger": "main", "message": "Alert email sent: \ud83d\udd34 Database Error"}
{"asctime": "2026-03-23 06:57:40,501", "level": "WARNING", "logger": "vitapulse.http", "message": "HTTP POST /api/v1/auth/send-otp \u2192 503 (4737.4 ms)", "method": "POST", "path": "/api/v1/auth/send-otp", "status_code": 503, "duration_ms": 4737.4, "user_id": null}
{"asctime": "2026-03-23 06:58:19,088", "level": "INFO", "logger": "sqlalchemy.engine.Engine", "message": "BEGIN (implicit)"}
{"asctime": "2026-03-23 06:58:19,092", "level": "INFO", "logger": "sqlalchemy.engine.Engine", "message": "INSERT INTO otps (identifier, otp_code, purpose, is_used, expires_at) VALUES ($1::VARCHAR, $2::VARCHAR, $3::VARCHAR, $4::BOOLEAN, $5::TIMESTAMP WITH TIME ZONE) RETURNING otps.id, otps.created_at"}
{"asctime": "2026-03-23 06:58:19,093", "level": "INFO", "logger": "sqlalchemy.engine.Engine", "message": "[cached since 43.29s ago] ('ravishori@gmail.com', 'cf5533ce8f5016e9f8bf95f43d035af4ed7729dd4995a66d7be5ccb39fb88482', 'register', False, datetime.datetime(2026, 3, 23, 1, 38, 19, 85959, tzinfo=datetime.timezone.utc))"}
{"asctime": "2026-03-23 06:58:19,096", "level": "INFO", "logger": "sqlalchemy.engine.Engine", "message": "ROLLBACK"}
{"asctime": "2026-03-23 06:58:19,099", "level": "ERROR", "logger": "main", "message": "Database error on POST /api/v1/auth/send-otp: (sqlalchemy.dialects.postgresql.asyncpg.Error) <class 'asyncpg.exceptions.StringDataRightTruncationError'>: value too long for type character varying(10)\n[SQL: INSERT INTO otps (identifier, otp_code, purpose, is_used, expires_at) VALUES ($1::VARCHAR, $2::VARCHAR, $3::VARCHAR, $4::BOOLEAN, $5::TIMESTAMP WITH TIME ZONE) RETURNING otps.id, otps.created_at]\n[parameters: ('ravishori@gmail.com', 'cf5533ce8f5016e9f8bf95f43d035af4ed7729dd4995a66d7be5ccb39fb88482', 'register', False, datetime.datetime(2026, 3, 23, 1, 38, 19, 85959, tzinfo=datetime.timezone.utc))]\n(Background on this error at: https://sqlalche.me/e/20/dbapi)", "exc_info": "Traceback (most recent call last):\n  File \"C:\\Users\\ravin\\AppData\\Local\\Programs\\Python\\Python311\\Lib\\site-packages\\sqlalchemy\\dialects\\postgresql\\asyncpg.py\", line 534, in _prepare_and_execute\n    self._rows = deque(await prepared_stmt.fetch(*parameters))\n                       ^^^^^^^^^^^^^^^^^^^^^^^^^^^^^^^^^^^^^^\n  File \"C:\\Users\\ravin\\AppData\\Local\\Programs\\Python\\Python311\\Lib\\site-packages\\asyncpg\\prepared_stmt.py\", line 176, in fetch\n    data = await self.__bind_execute(args, 0, timeout)\n           ^^^^^^^^^^^^^^^^^^^^^^^^^^^^^^^^^^^^^^^^^^^\n  File \"C:\\Users\\ravin\\AppData\\Local\\Programs\\Python\\Python311\\Lib\\site-packages\\asyncpg\\prepared_stmt.py\", line 267, in __bind_execute\n    data, status, _ = await self.__do_execute(\n                      ^^^^^^^^^^^^^^^^^^^^^^^^\n  File \"C:\\Users\\ravin\\AppData\\Local\\Programs\\Python\\Python311\\Lib\\site-packages\\asyncpg\\prepared_stmt.py\", line 256, in __do_execute\n    return await executor(protocol)\n           ^^^^^^^^^^^^^^^^^^^^^^^^\n  File \"asyncpg\\\\protocol\\\\protocol.pyx\", line 206, in bind_execute\nasyncpg.exceptions.StringDataRightTruncationError: value too long for type character varying(10)\n\nThe above exception was the direct cause of the following exception:\n\nTraceback (most recent call last):\n  File \"C:\\Users\\ravin\\AppData\\Local\\Programs\\Python\\Python311\\Lib\\site-packages\\sqlalchemy\\engine\\base.py\", line 1967, in _exec_single_context\n    self.dialect.do_execute(\n  File \"C:\\Users\\ravin\\AppData\\Local\\Programs\\Python\\Python311\\Lib\\site-packages\\sqlalchemy\\engine\\default.py\", line 941, in do_execute\n    cursor.execute(statement, parameters)\n  File \"C:\\Users\\ravin\\AppData\\Local\\Programs\\Python\\Python311\\Lib\\site-packages\\sqlalchemy\\dialects\\postgresql\\asyncpg.py\", line 568, in execute\n    self._adapt_connection.await_(\n  File \"C:\\Users\\ravin\\AppData\\Local\\Programs\\Python\\Python311\\Lib\\site-packages\\sqlalchemy\\util\\_concurrency_py3k.py\", line 132, in await_only\n    return current.parent.switch(awaitable)  # type: ignore[no-any-return,attr-defined] # noqa: E501\n           ^^^^^^^^^^^^^^^^^^^^^^^^^^^^^^^^\n  File \"C:\\Users\\ravin\\AppData\\Local\\Programs\\Python\\Python311\\Lib\\site-packages\\sqlalchemy\\util\\_concurrency_py3k.py\", line 196, in greenlet_spawn\n    value = await result\n            ^^^^^^^^^^^^\n  File \"C:\\Users\\ravin\\AppData\\Local\\Programs\\Python\\Python311\\Lib\\site-packages\\sqlalchemy\\dialects\\postgresql\\asyncpg.py\", line 546, in _prepare_and_execute\n    self._handle_exception(error)\n  File \"C:\\Users\\ravin\\AppData\\Local\\Programs\\Python\\Python311\\Lib\\site-packages\\sqlalchemy\\dialects\\postgresql\\asyncpg.py\", line 497, in _handle_exception\n    self._adapt_connection._handle_exception(error)\n  File \"C:\\Users\\ravin\\AppData\\Local\\Programs\\Python\\Python311\\Lib\\site-packages\\sqlalchemy\\dialects\\postgresql\\asyncpg.py\", line 780, in _handle_exception\n    raise translated_error from error\nsqlalchemy.dialects.postgresql.asyncpg.AsyncAdapt_asyncpg_dbapi.Error: <class 'asyncpg.exceptions.StringDataRightTruncationError'>: value too long for type character varying(10)\n\nThe above exception was the direct cause of the following exception:\n\nTraceback (most recent call last):\n  File \"C:\\Users\\ravin\\AppData\\Local\\Programs\\Python\\Python311\\Lib\\site-packages\\starlette\\_exception_handler.py\", line 42, in wrapped_app\n    await app(scope, receive, sender)\n  File \"C:\\Users\\ravin\\AppData\\Local\\Programs\\Python\\Python311\\Lib\\site-packages\\starlette\\routing.py\", line 73, in app\n    response = await f(request)\n               ^^^^^^^^^^^^^^^^\n  File \"C:\\Users\\ravin\\AppData\\Local\\Programs\\Python\\Python311\\Lib\\site-packages\\fastapi\\routing.py\", line 301, in app\n    raw_response = await run_endpoint_function(\n                   ^^^^^^^^^^^^^^^^^^^^^^^^^^^^\n  File \"C:\\Users\\ravin\\AppData\\Local\\Programs\\Python\\Python311\\Lib\\site-packages\\fastapi\\routing.py\", line 212, in run_endpoint_function\n    return await dependant.call(**values)\n           ^^^^^^^^^^^^^^^^^^^^^^^^^^^^^^\n  File \"D:\\ravishori\\OzHealth-AI\\backend\\app\\api\\routes\\auth.py\", line 198, in send_otp\n    await db.commit()\n  File \"C:\\Users\\ravin\\AppData\\Local\\Programs\\Python\\Python311\\Lib\\site-packages\\sqlalchemy\\ext\\asyncio\\session.py\", line 1009, in commit\n    await greenlet_spawn(self.sync_session.commit)\n  File \"C:\\Users\\ravin\\AppData\\Local\\Programs\\Python\\Python311\\Lib\\site-packages\\sqlalchemy\\util\\_concurrency_py3k.py\", line 203, in greenlet_spawn\n    result = context.switch(value)\n             ^^^^^^^^^^^^^^^^^^^^^\n  File \"C:\\Users\\ravin\\AppData\\Local\\Programs\\Python\\Python311\\Lib\\site-packages\\sqlalchemy\\orm\\session.py\", line 2028, in commit\n    trans.commit(_to_root=True)\n  File \"<string>\", line 2, in commit\n  File \"C:\\Users\\ravin\\AppData\\Local\\Programs\\Python\\Python311\\Lib\\site-packages\\sqlalchemy\\orm\\state_changes.py\", line 139, in _go\n    ret_value = fn(self, *arg, **kw)\n                ^^^^^^^^^^^^^^^^^^^^\n  File \"C:\\Users\\ravin\\AppData\\Local\\Programs\\Python\\Python311\\Lib\\site-packages\\sqlalchemy\\orm\\session.py\", line 1313, in commit\n    self._prepare_impl()\n  File \"<string>\", line 2, in _prepare_impl\n  File \"C:\\Users\\ravin\\AppData\\Local\\Programs\\Python\\Python311\\Lib\\site-packages\\sqlalchemy\\orm\\state_changes.py\", line 139, in _go\n    ret_value = fn(self, *arg, **kw)\n                ^^^^^^^^^^^^^^^^^^^^\n  File \"C:\\Users\\ravin\\AppData\\Local\\Programs\\Python\\Python311\\Lib\\site-packages\\sqlalchemy\\orm\\session.py\", line 1288, in _prepare_impl\n    self.session.flush()\n  File \"C:\\Users\\ravin\\AppData\\Local\\Programs\\Python\\Python311\\Lib\\site-packages\\sqlalchemy\\orm\\session.py\", line 4352, in flush\n    self._flush(objects)\n  File \"C:\\Users\\ravin\\AppData\\Local\\Programs\\Python\\Python311\\Lib\\site-packages\\sqlalchemy\\orm\\session.py\", line 4487, in _flush\n    with util.safe_reraise():\n  File \"C:\\Users\\ravin\\AppData\\Local\\Programs\\Python\\Python311\\Lib\\site-packages\\sqlalchemy\\util\\langhelpers.py\", line 146, in __exit__\n    raise exc_value.with_traceback(exc_tb)\n  File \"C:\\Users\\ravin\\AppData\\Local\\Programs\\Python\\Python311\\Lib\\site-packages\\sqlalchemy\\orm\\session.py\", line 4448, in _flush\n    flush_context.execute()\n  File \"C:\\Users\\ravin\\AppData\\Local\\Programs\\Python\\Python311\\Lib\\site-packages\\sqlalchemy\\orm\\unitofwork.py\", line 466, in execute\n    rec.execute(self)\n  File \"C:\\Users\\ravin\\AppData\\Local\\Programs\\Python\\Python311\\Lib\\site-packages\\sqlalchemy\\orm\\unitofwork.py\", line 642, in execute\n    util.preloaded.orm_persistence.save_obj(\n  File \"C:\\Users\\ravin\\AppData\\Local\\Programs\\Python\\Python311\\Lib\\site-packages\\sqlalchemy\\orm\\persistence.py\", line 93, in save_obj\n    _emit_insert_statements(\n  File \"C:\\Users\\ravin\\AppData\\Local\\Programs\\Python\\Python311\\Lib\\site-packages\\sqlalchemy\\orm\\persistence.py\", line 1233, in _emit_insert_statements\n    result = connection.execute(\n             ^^^^^^^^^^^^^^^^^^^\n  File \"C:\\Users\\ravin\\AppData\\Local\\Programs\\Python\\Python311\\Lib\\site-packages\\sqlalchemy\\engine\\base.py\", line 1418, in execute\n    return meth(\n           ^^^^^\n  File \"C:\\Users\\ravin\\AppData\\Local\\Programs\\Python\\Python311\\Lib\\site-packages\\sqlalchemy\\sql\\elements.py\", line 515, in _execute_on_connection\n    return connection._execute_clauseelement(\n           ^^^^^^^^^^^^^^^^^^^^^^^^^^^^^^^^^^\n  File \"C:\\Users\\ravin\\AppData\\Local\\Programs\\Python\\Python311\\Lib\\site-packages\\sqlalchemy\\engine\\base.py\", line 1640, in _execute_clauseelement\n    ret = self._execute_context(\n          ^^^^^^^^^^^^^^^^^^^^^^\n  File \"C:\\Users\\ravin\\AppData\\Local\\Programs\\Python\\Python311\\Lib\\site-packages\\sqlalchemy\\engine\\base.py\", line 1846, in _execute_context\n    return self._exec_single_context(\n           ^^^^^^^^^^^^^^^^^^^^^^^^^^\n  File \"C:\\Users\\ravin\\AppData\\Local\\Programs\\Python\\Python311\\Lib\\site-packages\\sqlalchemy\\engine\\base.py\", line 1986, in _exec_single_context\n    self._handle_dbapi_exception(\n  File \"C:\\Users\\ravin\\AppData\\Local\\Programs\\Python\\Python311\\Lib\\site-packages\\sqlalchemy\\engine\\base.py\", line 2355, in _handle_dbapi_exception\n    raise sqlalchemy_exception.with_traceback(exc_info[2]) from e\n  File \"C:\\Users\\ravin\\AppData\\Local\\Programs\\Python\\Python311\\Lib\\site-packages\\sqlalchemy\\engine\\base.py\", line 1967, in _exec_single_context\n    self.dialect.do_execute(\n  File \"C:\\Users\\ravin\\AppData\\Local\\Programs\\Python\\Python311\\Lib\\site-packages\\sqlalchemy\\engine\\default.py\", line 941, in do_execute\n    cursor.execute(statement, parameters)\n  File \"C:\\Users\\ravin\\AppData\\Local\\Programs\\Python\\Python311\\Lib\\site-packages\\sqlalchemy\\dialects\\postgresql\\asyncpg.py\", line 568, in execute\n    self._adapt_connection.await_(\n  File \"C:\\Users\\ravin\\AppData\\Local\\Programs\\Python\\Python311\\Lib\\site-packages\\sqlalchemy\\util\\_concurrency_py3k.py\", line 132, in await_only\n    return current.parent.switch(awaitable)  # type: ignore[no-any-return,attr-defined] # noqa: E501\n           ^^^^^^^^^^^^^^^^^^^^^^^^^^^^^^^^\n  File \"C:\\Users\\ravin\\AppData\\Local\\Programs\\Python\\Python311\\Lib\\site-packages\\sqlalchemy\\util\\_concurrency_py3k.py\", line 196, in greenlet_spawn\n    value = await result\n            ^^^^^^^^^^^^\n  File \"C:\\Users\\ravin\\AppData\\Local\\Programs\\Python\\Python311\\Lib\\site-packages\\sqlalchemy\\dialects\\postgresql\\asyncpg.py\", line 546, in _prepare_and_execute\n    self._handle_exception(error)\n  File \"C:\\Users\\ravin\\AppData\\Local\\Programs\\Python\\Python311\\Lib\\site-packages\\sqlalchemy\\dialects\\postgresql\\asyncpg.py\", line 497, in _handle_exception\n    self._adapt_connection._handle_exception(error)\n  File \"C:\\Users\\ravin\\AppData\\Local\\Programs\\Python\\Python311\\Lib\\site-packages\\sqlalchemy\\dialects\\postgresql\\asyncpg.py\", line 780, in _handle_exception\n    raise translated_error from error\nsqlalchemy.exc.DBAPIError: (sqlalchemy.dialects.postgresql.asyncpg.Error) <class 'asyncpg.exceptions.StringDataRightTruncationError'>: value too long for type character varying(10)\n[SQL: INSERT INTO otps (identifier, otp_code, purpose, is_used, expires_at) VALUES ($1::VARCHAR, $2::VARCHAR, $3::VARCHAR, $4::BOOLEAN, $5::TIMESTAMP WITH TIME ZONE) RETURNING otps.id, otps.created_at]\n[parameters: ('ravishori@gmail.com', 'cf5533ce8f5016e9f8bf95f43d035af4ed7729dd4995a66d7be5ccb39fb88482', 'register', False, datetime.datetime(2026, 3, 23, 1, 38, 19, 85959, tzinfo=datetime.timezone.utc))]\n(Background on this error at: https://sqlalche.me/e/20/dbapi)"}
{"asctime": "2026-03-23 06:58:23,383", "level": "INFO", "logger": "main", "message": "Alert email sent: \ud83d\udd34 Database Error"}
{"asctime": "2026-03-23 06:58:23,388", "level": "WARNING", "logger": "vitapulse.http", "message": "HTTP POST /api/v1/auth/send-otp \u2192 503 (4306.1 ms)", "method": "POST", "path": "/api/v1/auth/send-otp", "status_code": 503, "duration_ms": 4306.1, "user_id": null}
{"asctime": "2026-03-23 07:02:26,872", "level": "INFO", "logger": "sqlalchemy.engine.Engine", "message": "BEGIN (implicit)"}
{"asctime": "2026-03-23 07:02:26,875", "level": "INFO", "logger": "sqlalchemy.engine.Engine", "message": "SELECT * FROM fn_get_due_reminders($1)"}
{"asctime": "2026-03-23 07:02:26,878", "level": "INFO", "logger": "sqlalchemy.engine.Engine", "message": "[generated in 0.00221s] (5,)"}
{"asctime": "2026-03-23 07:02:26,909", "level": "INFO", "logger": "sqlalchemy.engine.Engine", "message": "ROLLBACK"}
{"asctime": "2026-03-23 07:02:26,912", "level": "INFO", "logger": "app.services.reminder_worker", "message": "[ReminderWorker] Checking reminders at 01:32 \u2014 0 due"}
{"asctime": "2026-03-23 07:07:26,885", "level": "INFO", "logger": "sqlalchemy.engine.Engine", "message": "BEGIN (implicit)"}
{"asctime": "2026-03-23 07:07:26,902", "level": "INFO", "logger": "sqlalchemy.engine.Engine", "message": "SELECT * FROM fn_get_due_reminders($1)"}
{"asctime": "2026-03-23 07:07:26,904", "level": "INFO", "logger": "sqlalchemy.engine.Engine", "message": "[cached since 300s ago] (5,)"}
{"asctime": "2026-03-23 07:07:26,909", "level": "INFO", "logger": "sqlalchemy.engine.Engine", "message": "ROLLBACK"}
{"asctime": "2026-03-23 07:07:26,912", "level": "INFO", "logger": "app.services.reminder_worker", "message": "[ReminderWorker] Checking reminders at 01:37 \u2014 0 due"}
{"asctime": "2026-03-23 07:12:26,876", "level": "INFO", "logger": "sqlalchemy.engine.Engine", "message": "BEGIN (implicit)"}
{"asctime": "2026-03-23 07:12:26,877", "level": "INFO", "logger": "sqlalchemy.engine.Engine", "message": "SELECT * FROM fn_get_due_reminders($1)"}
{"asctime": "2026-03-23 07:12:26,879", "level": "INFO", "logger": "sqlalchemy.engine.Engine", "message": "[cached since 600s ago] (5,)"}
{"asctime": "2026-03-23 07:12:26,882", "level": "INFO", "logger": "sqlalchemy.engine.Engine", "message": "ROLLBACK"}
{"asctime": "2026-03-23 07:12:26,887", "level": "INFO", "logger": "app.services.reminder_worker", "message": "[ReminderWorker] Checking reminders at 01:42 \u2014 0 due"}
{"asctime": "2026-03-23 07:14:42,700", "level": "INFO", "logger": "app.services.reminder_worker", "message": "[ReminderWorker] Scheduler stopped."}
{"asctime": "2026-03-23 07:14:42,701", "level": "INFO", "logger": "main", "message": "VitaPulse AI shut down"}
{"asctime": "2026-03-23 07:14:43,896", "level": "DEBUG", "logger": "passlib.utils.compat", "message": "loaded lazy attr 'SafeConfigParser': <class 'configparser.ConfigParser'>"}
{"asctime": "2026-03-23 07:14:43,896", "level": "DEBUG", "logger": "passlib.utils.compat", "message": "loaded lazy attr 'NativeStringIO': <class '_io.StringIO'>"}
{"asctime": "2026-03-23 07:14:43,896", "level": "DEBUG", "logger": "passlib.utils.compat", "message": "loaded lazy attr 'BytesIO': <class '_io.BytesIO'>"}
{"asctime": "2026-03-23 07:14:43,900", "level": "DEBUG", "logger": "passlib.registry", "message": "registered 'bcrypt' handler: <class 'passlib.handlers.bcrypt.bcrypt'>"}
{"asctime": "2026-03-23 07:14:44,312", "level": "INFO", "logger": "sqlalchemy.engine.Engine", "message": "select pg_catalog.version()"}
{"asctime": "2026-03-23 07:14:44,315", "level": "INFO", "logger": "sqlalchemy.engine.Engine", "message": "[raw sql] ()"}
{"asctime": "2026-03-23 07:14:44,316", "level": "INFO", "logger": "sqlalchemy.engine.Engine", "message": "select current_schema()"}
{"asctime": "2026-03-23 07:14:44,317", "level": "INFO", "logger": "sqlalchemy.engine.Engine", "message": "[raw sql] ()"}
{"asctime": "2026-03-23 07:14:44,318", "level": "INFO", "logger": "sqlalchemy.engine.Engine", "message": "show standard_conforming_strings"}
{"asctime": "2026-03-23 07:14:44,318", "level": "INFO", "logger": "sqlalchemy.engine.Engine", "message": "[raw sql] ()"}
{"asctime": "2026-03-23 07:14:44,319", "level": "INFO", "logger": "sqlalchemy.engine.Engine", "message": "BEGIN (implicit)"}
{"asctime": "2026-03-23 07:14:44,322", "level": "INFO", "logger": "sqlalchemy.engine.Engine", "message": "SELECT pg_catalog.pg_class.relname \nFROM pg_catalog.pg_class JOIN pg_catalog.pg_namespace ON pg_catalog.pg_namespace.oid = pg_catalog.pg_class.relnamespace \nWHERE pg_catalog.pg_class.relname = $1::VARCHAR AND pg_catalog.pg_class.relkind = ANY (ARRAY[$2::VARCHAR, $3::VARCHAR, $4::VARCHAR, $5::VARCHAR, $6::VARCHAR]) AND pg_catalog.pg_table_is_visible(pg_catalog.pg_class.oid) AND pg_catalog.pg_namespace.nspname != $7::VARCHAR"}
{"asctime": "2026-03-23 07:14:44,322", "level": "INFO", "logger": "sqlalchemy.engine.Engine", "message": "[generated in 0.00054s] ('users', 'r', 'p', 'f', 'v', 'm', 'pg_catalog')"}
{"asctime": "2026-03-23 07:14:44,326", "level": "INFO", "logger": "sqlalchemy.engine.Engine", "message": "SELECT pg_catalog.pg_class.relname \nFROM pg_catalog.pg_class JOIN pg_catalog.pg_namespace ON pg_catalog.pg_namespace.oid = pg_catalog.pg_class.relnamespace \nWHERE pg_catalog.pg_class.relname = $1::VARCHAR AND pg_catalog.pg_class.relkind = ANY (ARRAY[$2::VARCHAR, $3::VARCHAR, $4::VARCHAR, $5::VARCHAR, $6::VARCHAR]) AND pg_catalog.pg_table_is_visible(pg_catalog.pg_class.oid) AND pg_catalog.pg_namespace.nspname != $7::VARCHAR"}
{"asctime": "2026-03-23 07:14:44,326", "level": "INFO", "logger": "sqlalchemy.engine.Engine", "message": "[cached since 0.005131s ago] ('otps', 'r', 'p', 'f', 'v', 'm', 'pg_catalog')"}
{"asctime": "2026-03-23 07:14:44,328", "level": "INFO", "logger": "sqlalchemy.engine.Engine", "message": "SELECT pg_catalog.pg_class.relname \nFROM pg_catalog.pg_class JOIN pg_catalog.pg_namespace ON pg_catalog.pg_namespace.oid = pg_catalog.pg_class.relnamespace \nWHERE pg_catalog.pg_class.relname = $1::VARCHAR AND pg_catalog.pg_class.relkind = ANY (ARRAY[$2::VARCHAR, $3::VARCHAR, $4::VARCHAR, $5::VARCHAR, $6::VARCHAR]) AND pg_catalog.pg_table_is_visible(pg_catalog.pg_class.oid) AND pg_catalog.pg_namespace.nspname != $7::VARCHAR"}
{"asctime": "2026-03-23 07:14:44,328", "level": "INFO", "logger": "sqlalchemy.engine.Engine", "message": "[cached since 0.006208s ago] ('family_members', 'r', 'p', 'f', 'v', 'm', 'pg_catalog')"}
{"asctime": "2026-03-23 07:14:44,329", "level": "INFO", "logger": "sqlalchemy.engine.Engine", "message": "SELECT pg_catalog.pg_class.relname \nFROM pg_catalog.pg_class JOIN pg_catalog.pg_namespace ON pg_catalog.pg_namespace.oid = pg_catalog.pg_class.relnamespace \nWHERE pg_catalog.pg_class.relname = $1::VARCHAR AND pg_catalog.pg_class.relkind = ANY (ARRAY[$2::VARCHAR, $3::VARCHAR, $4::VARCHAR, $5::VARCHAR, $6::VARCHAR]) AND pg_catalog.pg_table_is_visible(pg_catalog.pg_class.oid) AND pg_catalog.pg_namespace.nspname != $7::VARCHAR"}
{"asctime": "2026-03-23 07:14:44,329", "level": "INFO", "logger": "sqlalchemy.engine.Engine", "message": "[cached since 0.007193s ago] ('medical_records', 'r', 'p', 'f', 'v', 'm', 'pg_catalog')"}
{"asctime": "2026-03-23 07:14:44,329", "level": "INFO", "logger": "sqlalchemy.engine.Engine", "message": "SELECT pg_catalog.pg_class.relname \nFROM pg_catalog.pg_class JOIN pg_catalog.pg_namespace ON pg_catalog.pg_namespace.oid = pg_catalog.pg_class.relnamespace \nWHERE pg_catalog.pg_class.relname = $1::VARCHAR AND pg_catalog.pg_class.relkind = ANY (ARRAY[$2::VARCHAR, $3::VARCHAR, $4::VARCHAR, $5::VARCHAR, $6::VARCHAR]) AND pg_catalog.pg_table_is_visible(pg_catalog.pg_class.oid) AND pg_catalog.pg_namespace.nspname != $7::VARCHAR"}
{"asctime": "2026-03-23 07:14:44,330", "level": "INFO", "logger": "sqlalchemy.engine.Engine", "message": "[cached since 0.008624s ago] ('prescriptions', 'r', 'p', 'f', 'v', 'm', 'pg_catalog')"}
{"asctime": "2026-03-23 07:14:44,332", "level": "INFO", "logger": "sqlalchemy.engine.Engine", "message": "SELECT pg_catalog.pg_class.relname \nFROM pg_catalog.pg_class JOIN pg_catalog.pg_namespace ON pg_catalog.pg_namespace.oid = pg_catalog.pg_class.relnamespace \nWHERE pg_catalog.pg_class.relname = $1::VARCHAR AND pg_catalog.pg_class.relkind = ANY (ARRAY[$2::VARCHAR, $3::VARCHAR, $4::VARCHAR, $5::VARCHAR, $6::VARCHAR]) AND pg_catalog.pg_table_is_visible(pg_catalog.pg_class.oid) AND pg_catalog.pg_namespace.nspname != $7::VARCHAR"}
{"asctime": "2026-03-23 07:14:44,332", "level": "INFO", "logger": "sqlalchemy.engine.Engine", "message": "[cached since 0.01174s ago] ('medicines', 'r', 'p', 'f', 'v', 'm', 'pg_catalog')"}
{"asctime": "2026-03-23 07:14:44,335", "level": "INFO", "logger": "sqlalchemy.engine.Engine", "message": "SELECT pg_catalog.pg_class.relname \nFROM pg_catalog.pg_class JOIN pg_catalog.pg_namespace ON pg_catalog.pg_namespace.oid = pg_catalog.pg_class.relnamespace \nWHERE pg_catalog.pg_class.relname = $1::VARCHAR AND pg_catalog.pg_class.relkind = ANY (ARRAY[$2::VARCHAR, $3::VARCHAR, $4::VARCHAR, $5::VARCHAR, $6::VARCHAR]) AND pg_catalog.pg_table_is_visible(pg_catalog.pg_class.oid) AND pg_catalog.pg_namespace.nspname != $7::VARCHAR"}
{"asctime": "2026-03-23 07:14:44,335", "level": "INFO", "logger": "sqlalchemy.engine.Engine", "message": "[cached since 0.01337s ago] ('medication_schedules', 'r', 'p', 'f', 'v', 'm', 'pg_catalog')"}
{"asctime": "2026-03-23 07:14:44,336", "level": "INFO", "logger": "sqlalchemy.engine.Engine", "message": "SELECT pg_catalog.pg_class.relname \nFROM pg_catalog.pg_class JOIN pg_catalog.pg_namespace ON pg_catalog.pg_namespace.oid = pg_catalog.pg_class.relnamespace \nWHERE pg_catalog.pg_class.relname = $1::VARCHAR AND pg_catalog.pg_class.relkind = ANY (ARRAY[$2::VARCHAR, $3::VARCHAR, $4::VARCHAR, $5::VARCHAR, $6::VARCHAR]) AND pg_catalog.pg_table_is_visible(pg_catalog.pg_class.oid) AND pg_catalog.pg_namespace.nspname != $7::VARCHAR"}
{"asctime": "2026-03-23 07:14:44,336", "level": "INFO", "logger": "sqlalchemy.engine.Engine", "message": "[cached since 0.01446s ago] ('health_metrics', 'r', 'p', 'f', 'v', 'm', 'pg_catalog')"}
{"asctime": "2026-03-23 07:14:44,337", "level": "INFO", "logger": "sqlalchemy.engine.Engine", "message": "SELECT pg_catalog.pg_class.relname \nFROM pg_catalog.pg_class JOIN pg_catalog.pg_namespace ON pg_catalog.pg_namespace.oid = pg_catalog.pg_class.relnamespace \nWHERE pg_catalog.pg_class.relname = $1::VARCHAR AND pg_catalog.pg_class.relkind = ANY (ARRAY[$2::VARCHAR, $3::VARCHAR, $4::VARCHAR, $5::VARCHAR, $6::VARCHAR]) AND pg_catalog.pg_table_is_visible(pg_catalog.pg_class.oid) AND pg_catalog.pg_namespace.nspname != $7::VARCHAR"}
{"asctime": "2026-03-23 07:14:44,337", "level": "INFO", "logger": "sqlalchemy.engine.Engine", "message": "[cached since 0.01566s ago] ('emergency_contacts', 'r', 'p', 'f', 'v', 'm', 'pg_catalog')"}
{"asctime": "2026-03-23 07:14:44,338", "level": "INFO", "logger": "sqlalchemy.engine.Engine", "message": "SELECT pg_catalog.pg_class.relname \nFROM pg_catalog.pg_class JOIN pg_catalog.pg_namespace ON pg_catalog.pg_namespace.oid = pg_catalog.pg_class.relnamespace \nWHERE pg_catalog.pg_class.relname = $1::VARCHAR AND pg_catalog.pg_class.relkind = ANY (ARRAY[$2::VARCHAR, $3::VARCHAR, $4::VARCHAR, $5::VARCHAR, $6::VARCHAR]) AND pg_catalog.pg_table_is_visible(pg_catalog.pg_class.oid) AND pg_catalog.pg_namespace.nspname != $7::VARCHAR"}
{"asctime": "2026-03-23 07:14:44,338", "level": "INFO", "logger": "sqlalchemy.engine.Engine", "message": "[cached since 0.0165s ago] ('ai_conversations', 'r', 'p', 'f', 'v', 'm', 'pg_catalog')"}
{"asctime": "2026-03-23 07:14:44,339", "level": "INFO", "logger": "sqlalchemy.engine.Engine", "message": "COMMIT"}
{"asctime": "2026-03-23 07:14:44,408", "level": "DEBUG", "logger": "tzlocal", "message": "Looking up time zone info from registry"}
{"asctime": "2026-03-23 07:14:44,411", "level": "INFO", "logger": "app.services.reminder_worker", "message": "[ReminderWorker] APScheduler started (5-min reminders + 08:00 refill alerts)"}
{"asctime": "2026-03-23 07:14:44,411", "level": "WARNING", "logger": "app.services.notification_service", "message": "FIREBASE_CREDENTIALS_PATH not set \u2014 push notifications disabled."}
{"asctime": "2026-03-23 07:14:44,412", "level": "WARNING", "logger": "app.services.notification_service", "message": "ENCRYPTION_KEY not set \u2014 using derived key. Set ENCRYPTION_KEY in .env for production security."}
{"asctime": "2026-03-23 07:14:44,443", "level": "INFO", "logger": "app.services.cache_service", "message": "Redis connected: redis://localhost:6379/0"}
{"asctime": "2026-03-23 07:14:44,444", "level": "INFO", "logger": "main", "message": "VitaPulse AI v1.0.0 started"}
{"asctime": "2026-03-23 07:14:44,444", "level": "INFO", "logger": "main", "message": "API docs: http://localhost:8000/docs"}
{"asctime": "2026-03-23 07:14:54,176", "level": "INFO", "logger": "app.services.reminder_worker", "message": "[ReminderWorker] Scheduler stopped."}
{"asctime": "2026-03-23 07:14:54,177", "level": "INFO", "logger": "main", "message": "VitaPulse AI shut down"}
{"asctime": "2026-03-23 07:14:55,617", "level": "DEBUG", "logger": "passlib.utils.compat", "message": "loaded lazy attr 'SafeConfigParser': <class 'configparser.ConfigParser'>"}
{"asctime": "2026-03-23 07:14:55,618", "level": "DEBUG", "logger": "passlib.utils.compat", "message": "loaded lazy attr 'NativeStringIO': <class '_io.StringIO'>"}
{"asctime": "2026-03-23 07:14:55,618", "level": "DEBUG", "logger": "passlib.utils.compat", "message": "loaded lazy attr 'BytesIO': <class '_io.BytesIO'>"}
{"asctime": "2026-03-23 07:14:55,620", "level": "DEBUG", "logger": "passlib.registry", "message": "registered 'bcrypt' handler: <class 'passlib.handlers.bcrypt.bcrypt'>"}
{"asctime": "2026-03-23 07:14:56,037", "level": "INFO", "logger": "sqlalchemy.engine.Engine", "message": "select pg_catalog.version()"}
{"asctime": "2026-03-23 07:14:56,043", "level": "INFO", "logger": "sqlalchemy.engine.Engine", "message": "[raw sql] ()"}
{"asctime": "2026-03-23 07:14:56,048", "level": "INFO", "logger": "sqlalchemy.engine.Engine", "message": "select current_schema()"}
{"asctime": "2026-03-23 07:14:56,049", "level": "INFO", "logger": "sqlalchemy.engine.Engine", "message": "[raw sql] ()"}
{"asctime": "2026-03-23 07:14:56,050", "level": "INFO", "logger": "sqlalchemy.engine.Engine", "message": "show standard_conforming_strings"}
{"asctime": "2026-03-23 07:14:56,052", "level": "INFO", "logger": "sqlalchemy.engine.Engine", "message": "[raw sql] ()"}
{"asctime": "2026-03-23 07:14:56,053", "level": "INFO", "logger": "sqlalchemy.engine.Engine", "message": "BEGIN (implicit)"}
{"asctime": "2026-03-23 07:14:56,056", "level": "INFO", "logger": "sqlalchemy.engine.Engine", "message": "SELECT pg_catalog.pg_class.relname \nFROM pg_catalog.pg_class JOIN pg_catalog.pg_namespace ON pg_catalog.pg_namespace.oid = pg_catalog.pg_class.relnamespace \nWHERE pg_catalog.pg_class.relname = $1::VARCHAR AND pg_catalog.pg_class.relkind = ANY (ARRAY[$2::VARCHAR, $3::VARCHAR, $4::VARCHAR, $5::VARCHAR, $6::VARCHAR]) AND pg_catalog.pg_table_is_visible(pg_catalog.pg_class.oid) AND pg_catalog.pg_namespace.nspname != $7::VARCHAR"}
{"asctime": "2026-03-23 07:14:56,057", "level": "INFO", "logger": "sqlalchemy.engine.Engine", "message": "[generated in 0.00067s] ('users', 'r', 'p', 'f', 'v', 'm', 'pg_catalog')"}
{"asctime": "2026-03-23 07:14:56,060", "level": "INFO", "logger": "sqlalchemy.engine.Engine", "message": "SELECT pg_catalog.pg_class.relname \nFROM pg_catalog.pg_class JOIN pg_catalog.pg_namespace ON pg_catalog.pg_namespace.oid = pg_catalog.pg_class.relnamespace \nWHERE pg_catalog.pg_class.relname = $1::VARCHAR AND pg_catalog.pg_class.relkind = ANY (ARRAY[$2::VARCHAR, $3::VARCHAR, $4::VARCHAR, $5::VARCHAR, $6::VARCHAR]) AND pg_catalog.pg_table_is_visible(pg_catalog.pg_class.oid) AND pg_catalog.pg_namespace.nspname != $7::VARCHAR"}
{"asctime": "2026-03-23 07:14:56,061", "level": "INFO", "logger": "sqlalchemy.engine.Engine", "message": "[cached since 0.004618s ago] ('otps', 'r', 'p', 'f', 'v', 'm', 'pg_catalog')"}
{"asctime": "2026-03-23 07:14:56,062", "level": "INFO", "logger": "sqlalchemy.engine.Engine", "message": "SELECT pg_catalog.pg_class.relname \nFROM pg_catalog.pg_class JOIN pg_catalog.pg_namespace ON pg_catalog.pg_namespace.oid = pg_catalog.pg_class.relnamespace \nWHERE pg_catalog.pg_class.relname = $1::VARCHAR AND pg_catalog.pg_class.relkind = ANY (ARRAY[$2::VARCHAR, $3::VARCHAR, $4::VARCHAR, $5::VARCHAR, $6::VARCHAR]) AND pg_catalog.pg_table_is_visible(pg_catalog.pg_class.oid) AND pg_catalog.pg_namespace.nspname != $7::VARCHAR"}
{"asctime": "2026-03-23 07:14:56,062", "level": "INFO", "logger": "sqlalchemy.engine.Engine", "message": "[cached since 0.005857s ago] ('family_members', 'r', 'p', 'f', 'v', 'm', 'pg_catalog')"}
{"asctime": "2026-03-23 07:14:56,063", "level": "INFO", "logger": "sqlalchemy.engine.Engine", "message": "SELECT pg_catalog.pg_class.relname \nFROM pg_catalog.pg_class JOIN pg_catalog.pg_namespace ON pg_catalog.pg_namespace.oid = pg_catalog.pg_class.relnamespace \nWHERE pg_catalog.pg_class.relname = $1::VARCHAR AND pg_catalog.pg_class.relkind = ANY (ARRAY[$2::VARCHAR, $3::VARCHAR, $4::VARCHAR, $5::VARCHAR, $6::VARCHAR]) AND pg_catalog.pg_table_is_visible(pg_catalog.pg_class.oid) AND pg_catalog.pg_namespace.nspname != $7::VARCHAR"}
{"asctime": "2026-03-23 07:14:56,064", "level": "INFO", "logger": "sqlalchemy.engine.Engine", "message": "[cached since 0.00771s ago] ('medical_records', 'r', 'p', 'f', 'v', 'm', 'pg_catalog')"}
{"asctime": "2026-03-23 07:14:56,065", "level": "INFO", "logger": "sqlalchemy.engine.Engine", "message": "SELECT pg_catalog.pg_class.relname \nFROM pg_catalog.pg_class JOIN pg_catalog.pg_namespace ON pg_catalog.pg_namespace.oid = pg_catalog.pg_class.relnamespace \nWHERE pg_catalog.pg_class.relname = $1::VARCHAR AND pg_catalog.pg_class.relkind = ANY (ARRAY[$2::VARCHAR, $3::VARCHAR, $4::VARCHAR, $5::VARCHAR, $6::VARCHAR]) AND pg_catalog.pg_table_is_visible(pg_catalog.pg_class.oid) AND pg_catalog.pg_namespace.nspname != $7::VARCHAR"}
{"asctime": "2026-03-23 07:14:56,065", "level": "INFO", "logger": "sqlalchemy.engine.Engine", "message": "[cached since 0.009211s ago] ('prescriptions', 'r', 'p', 'f', 'v', 'm', 'pg_catalog')"}
{"asctime": "2026-03-23 07:14:56,066", "level": "INFO", "logger": "sqlalchemy.engine.Engine", "message": "SELECT pg_catalog.pg_class.relname \nFROM pg_catalog.pg_class JOIN pg_catalog.pg_namespace ON pg_catalog.pg_namespace.oid = pg_catalog.pg_class.relnamespace \nWHERE pg_catalog.pg_class.relname = $1::VARCHAR AND pg_catalog.pg_class.relkind = ANY (ARRAY[$2::VARCHAR, $3::VARCHAR, $4::VARCHAR, $5::VARCHAR, $6::VARCHAR]) AND pg_catalog.pg_table_is_visible(pg_catalog.pg_class.oid) AND pg_catalog.pg_namespace.nspname != $7::VARCHAR"}
{"asctime": "2026-03-23 07:14:56,067", "level": "INFO", "logger": "sqlalchemy.engine.Engine", "message": "[cached since 0.01046s ago] ('medicines', 'r', 'p', 'f', 'v', 'm', 'pg_catalog')"}
{"asctime": "2026-03-23 07:14:56,067", "level": "INFO", "logger": "sqlalchemy.engine.Engine", "message": "SELECT pg_catalog.pg_class.relname \nFROM pg_catalog.pg_class JOIN pg_catalog.pg_namespace ON pg_catalog.pg_namespace.oid = pg_catalog.pg_class.relnamespace \nWHERE pg_catalog.pg_class.relname = $1::VARCHAR AND pg_catalog.pg_class.relkind = ANY (ARRAY[$2::VARCHAR, $3::VARCHAR, $4::VARCHAR, $5::VARCHAR, $6::VARCHAR]) AND pg_catalog.pg_table_is_visible(pg_catalog.pg_class.oid) AND pg_catalog.pg_namespace.nspname != $7::VARCHAR"}
{"asctime": "2026-03-23 07:14:56,068", "level": "INFO", "logger": "sqlalchemy.engine.Engine", "message": "[cached since 0.01159s ago] ('medication_schedules', 'r', 'p', 'f', 'v', 'm', 'pg_catalog')"}
{"asctime": "2026-03-23 07:14:56,068", "level": "INFO", "logger": "sqlalchemy.engine.Engine", "message": "SELECT pg_catalog.pg_class.relname \nFROM pg_catalog.pg_class JOIN pg_catalog.pg_namespace ON pg_catalog.pg_namespace.oid = pg_catalog.pg_class.relnamespace \nWHERE pg_catalog.pg_class.relname = $1::VARCHAR AND pg_catalog.pg_class.relkind = ANY (ARRAY[$2::VARCHAR, $3::VARCHAR, $4::VARCHAR, $5::VARCHAR, $6::VARCHAR]) AND pg_catalog.pg_table_is_visible(pg_catalog.pg_class.oid) AND pg_catalog.pg_namespace.nspname != $7::VARCHAR"}
{"asctime": "2026-03-23 07:14:56,069", "level": "INFO", "logger": "sqlalchemy.engine.Engine", "message": "[cached since 0.01265s ago] ('health_metrics', 'r', 'p', 'f', 'v', 'm', 'pg_catalog')"}
{"asctime": "2026-03-23 07:14:56,069", "level": "INFO", "logger": "sqlalchemy.engine.Engine", "message": "SELECT pg_catalog.pg_class.relname \nFROM pg_catalog.pg_class JOIN pg_catalog.pg_namespace ON pg_catalog.pg_namespace.oid = pg_catalog.pg_class.relnamespace \nWHERE pg_catalog.pg_class.relname = $1::VARCHAR AND pg_catalog.pg_class.relkind = ANY (ARRAY[$2::VARCHAR, $3::VARCHAR, $4::VARCHAR, $5::VARCHAR, $6::VARCHAR]) AND pg_catalog.pg_table_is_visible(pg_catalog.pg_class.oid) AND pg_catalog.pg_namespace.nspname != $7::VARCHAR"}
{"asctime": "2026-03-23 07:14:56,070", "level": "INFO", "logger": "sqlalchemy.engine.Engine", "message": "[cached since 0.01364s ago] ('emergency_contacts', 'r', 'p', 'f', 'v', 'm', 'pg_catalog')"}
{"asctime": "2026-03-23 07:14:56,070", "level": "INFO", "logger": "sqlalchemy.engine.Engine", "message": "SELECT pg_catalog.pg_class.relname \nFROM pg_catalog.pg_class JOIN pg_catalog.pg_namespace ON pg_catalog.pg_namespace.oid = pg_catalog.pg_class.relnamespace \nWHERE pg_catalog.pg_class.relname = $1::VARCHAR AND pg_catalog.pg_class.relkind = ANY (ARRAY[$2::VARCHAR, $3::VARCHAR, $4::VARCHAR, $5::VARCHAR, $6::VARCHAR]) AND pg_catalog.pg_table_is_visible(pg_catalog.pg_class.oid) AND pg_catalog.pg_namespace.nspname != $7::VARCHAR"}
{"asctime": "2026-03-23 07:14:56,071", "level": "INFO", "logger": "sqlalchemy.engine.Engine", "message": "[cached since 0.01456s ago] ('ai_conversations', 'r', 'p', 'f', 'v', 'm', 'pg_catalog')"}
{"asctime": "2026-03-23 07:14:56,071", "level": "INFO", "logger": "sqlalchemy.engine.Engine", "message": "COMMIT"}
{"asctime": "2026-03-23 07:14:56,136", "level": "DEBUG", "logger": "tzlocal", "message": "Looking up time zone info from registry"}
{"asctime": "2026-03-23 07:14:56,139", "level": "INFO", "logger": "app.services.reminder_worker", "message": "[ReminderWorker] APScheduler started (5-min reminders + 08:00 refill alerts)"}
{"asctime": "2026-03-23 07:14:56,141", "level": "WARNING", "logger": "app.services.notification_service", "message": "FIREBASE_CREDENTIALS_PATH not set \u2014 push notifications disabled."}
{"asctime": "2026-03-23 07:14:56,142", "level": "WARNING", "logger": "app.services.notification_service", "message": "ENCRYPTION_KEY not set \u2014 using derived key. Set ENCRYPTION_KEY in .env for production security."}
{"asctime": "2026-03-23 07:14:56,173", "level": "INFO", "logger": "app.services.cache_service", "message": "Redis connected: redis://localhost:6379/0"}
{"asctime": "2026-03-23 07:14:56,173", "level": "INFO", "logger": "main", "message": "VitaPulse AI v1.0.0 started"}
{"asctime": "2026-03-23 07:14:56,173", "level": "INFO", "logger": "main", "message": "API docs: http://localhost:8000/docs"}
{"asctime": "2026-03-23 07:15:00,769", "level": "INFO", "logger": "app.services.reminder_worker", "message": "[ReminderWorker] Scheduler stopped."}
{"asctime": "2026-03-23 07:15:00,770", "level": "INFO", "logger": "main", "message": "VitaPulse AI shut down"}
{"asctime": "2026-03-23 07:15:02,016", "level": "DEBUG", "logger": "passlib.utils.compat", "message": "loaded lazy attr 'SafeConfigParser': <class 'configparser.ConfigParser'>"}
{"asctime": "2026-03-23 07:15:02,016", "level": "DEBUG", "logger": "passlib.utils.compat", "message": "loaded lazy attr 'NativeStringIO': <class '_io.StringIO'>"}
{"asctime": "2026-03-23 07:15:02,017", "level": "DEBUG", "logger": "passlib.utils.compat", "message": "loaded lazy attr 'BytesIO': <class '_io.BytesIO'>"}
{"asctime": "2026-03-23 07:15:02,019", "level": "DEBUG", "logger": "passlib.registry", "message": "registered 'bcrypt' handler: <class 'passlib.handlers.bcrypt.bcrypt'>"}
{"asctime": "2026-03-23 07:15:02,410", "level": "INFO", "logger": "sqlalchemy.engine.Engine", "message": "select pg_catalog.version()"}
{"asctime": "2026-03-23 07:15:02,411", "level": "INFO", "logger": "sqlalchemy.engine.Engine", "message": "[raw sql] ()"}
{"asctime": "2026-03-23 07:15:02,412", "level": "INFO", "logger": "sqlalchemy.engine.Engine", "message": "select current_schema()"}
{"asctime": "2026-03-23 07:15:02,414", "level": "INFO", "logger": "sqlalchemy.engine.Engine", "message": "[raw sql] ()"}
{"asctime": "2026-03-23 07:15:02,415", "level": "INFO", "logger": "sqlalchemy.engine.Engine", "message": "show standard_conforming_strings"}
{"asctime": "2026-03-23 07:15:02,416", "level": "INFO", "logger": "sqlalchemy.engine.Engine", "message": "[raw sql] ()"}
{"asctime": "2026-03-23 07:15:02,417", "level": "INFO", "logger": "sqlalchemy.engine.Engine", "message": "BEGIN (implicit)"}
{"asctime": "2026-03-23 07:15:02,419", "level": "INFO", "logger": "sqlalchemy.engine.Engine", "message": "SELECT pg_catalog.pg_class.relname \nFROM pg_catalog.pg_class JOIN pg_catalog.pg_namespace ON pg_catalog.pg_namespace.oid = pg_catalog.pg_class.relnamespace \nWHERE pg_catalog.pg_class.relname = $1::VARCHAR AND pg_catalog.pg_class.relkind = ANY (ARRAY[$2::VARCHAR, $3::VARCHAR, $4::VARCHAR, $5::VARCHAR, $6::VARCHAR]) AND pg_catalog.pg_table_is_visible(pg_catalog.pg_class.oid) AND pg_catalog.pg_namespace.nspname != $7::VARCHAR"}
{"asctime": "2026-03-23 07:15:02,420", "level": "INFO", "logger": "sqlalchemy.engine.Engine", "message": "[generated in 0.00071s] ('users', 'r', 'p', 'f', 'v', 'm', 'pg_catalog')"}
{"asctime": "2026-03-23 07:15:02,424", "level": "INFO", "logger": "sqlalchemy.engine.Engine", "message": "SELECT pg_catalog.pg_class.relname \nFROM pg_catalog.pg_class JOIN pg_catalog.pg_namespace ON pg_catalog.pg_namespace.oid = pg_catalog.pg_class.relnamespace \nWHERE pg_catalog.pg_class.relname = $1::VARCHAR AND pg_catalog.pg_class.relkind = ANY (ARRAY[$2::VARCHAR, $3::VARCHAR, $4::VARCHAR, $5::VARCHAR, $6::VARCHAR]) AND pg_catalog.pg_table_is_visible(pg_catalog.pg_class.oid) AND pg_catalog.pg_namespace.nspname != $7::VARCHAR"}
{"asctime": "2026-03-23 07:15:02,425", "level": "INFO", "logger": "sqlalchemy.engine.Engine", "message": "[cached since 0.005414s ago] ('otps', 'r', 'p', 'f', 'v', 'm', 'pg_catalog')"}
{"asctime": "2026-03-23 07:15:02,426", "level": "INFO", "logger": "sqlalchemy.engine.Engine", "message": "SELECT pg_catalog.pg_class.relname \nFROM pg_catalog.pg_class JOIN pg_catalog.pg_namespace ON pg_catalog.pg_namespace.oid = pg_catalog.pg_class.relnamespace \nWHERE pg_catalog.pg_class.relname = $1::VARCHAR AND pg_catalog.pg_class.relkind = ANY (ARRAY[$2::VARCHAR, $3::VARCHAR, $4::VARCHAR, $5::VARCHAR, $6::VARCHAR]) AND pg_catalog.pg_table_is_visible(pg_catalog.pg_class.oid) AND pg_catalog.pg_namespace.nspname != $7::VARCHAR"}
{"asctime": "2026-03-23 07:15:02,427", "level": "INFO", "logger": "sqlalchemy.engine.Engine", "message": "[cached since 0.006898s ago] ('family_members', 'r', 'p', 'f', 'v', 'm', 'pg_catalog')"}
{"asctime": "2026-03-23 07:15:02,427", "level": "INFO", "logger": "sqlalchemy.engine.Engine", "message": "SELECT pg_catalog.pg_class.relname \nFROM pg_catalog.pg_class JOIN pg_catalog.pg_namespace ON pg_catalog.pg_namespace.oid = pg_catalog.pg_class.relnamespace \nWHERE pg_catalog.pg_class.relname = $1::VARCHAR AND pg_catalog.pg_class.relkind = ANY (ARRAY[$2::VARCHAR, $3::VARCHAR, $4::VARCHAR, $5::VARCHAR, $6::VARCHAR]) AND pg_catalog.pg_table_is_visible(pg_catalog.pg_class.oid) AND pg_catalog.pg_namespace.nspname != $7::VARCHAR"}
{"asctime": "2026-03-23 07:15:02,428", "level": "INFO", "logger": "sqlalchemy.engine.Engine", "message": "[cached since 0.008315s ago] ('medical_records', 'r', 'p', 'f', 'v', 'm', 'pg_catalog')"}
{"asctime": "2026-03-23 07:15:02,429", "level": "INFO", "logger": "sqlalchemy.engine.Engine", "message": "SELECT pg_catalog.pg_class.relname \nFROM pg_catalog.pg_class JOIN pg_catalog.pg_namespace ON pg_catalog.pg_namespace.oid = pg_catalog.pg_class.relnamespace \nWHERE pg_catalog.pg_class.relname = $1::VARCHAR AND pg_catalog.pg_class.relkind = ANY (ARRAY[$2::VARCHAR, $3::VARCHAR, $4::VARCHAR, $5::VARCHAR, $6::VARCHAR]) AND pg_catalog.pg_table_is_visible(pg_catalog.pg_class.oid) AND pg_catalog.pg_namespace.nspname != $7::VARCHAR"}
{"asctime": "2026-03-23 07:15:02,429", "level": "INFO", "logger": "sqlalchemy.engine.Engine", "message": "[cached since 0.009475s ago] ('prescriptions', 'r', 'p', 'f', 'v', 'm', 'pg_catalog')"}
{"asctime": "2026-03-23 07:15:02,430", "level": "INFO", "logger": "sqlalchemy.engine.Engine", "message": "SELECT pg_catalog.pg_class.relname \nFROM pg_catalog.pg_class JOIN pg_catalog.pg_namespace ON pg_catalog.pg_namespace.oid = pg_catalog.pg_class.relnamespace \nWHERE pg_catalog.pg_class.relname = $1::VARCHAR AND pg_catalog.pg_class.relkind = ANY (ARRAY[$2::VARCHAR, $3::VARCHAR, $4::VARCHAR, $5::VARCHAR, $6::VARCHAR]) AND pg_catalog.pg_table_is_visible(pg_catalog.pg_class.oid) AND pg_catalog.pg_namespace.nspname != $7::VARCHAR"}
{"asctime": "2026-03-23 07:15:02,430", "level": "INFO", "logger": "sqlalchemy.engine.Engine", "message": "[cached since 0.01097s ago] ('medicines', 'r', 'p', 'f', 'v', 'm', 'pg_catalog')"}
{"asctime": "2026-03-23 07:15:02,431", "level": "INFO", "logger": "sqlalchemy.engine.Engine", "message": "SELECT pg_catalog.pg_class.relname \nFROM pg_catalog.pg_class JOIN pg_catalog.pg_namespace ON pg_catalog.pg_namespace.oid = pg_catalog.pg_class.relnamespace \nWHERE pg_catalog.pg_class.relname = $1::VARCHAR AND pg_catalog.pg_class.relkind = ANY (ARRAY[$2::VARCHAR, $3::VARCHAR, $4::VARCHAR, $5::VARCHAR, $6::VARCHAR]) AND pg_catalog.pg_table_is_visible(pg_catalog.pg_class.oid) AND pg_catalog.pg_namespace.nspname != $7::VARCHAR"}
{"asctime": "2026-03-23 07:15:02,432", "level": "INFO", "logger": "sqlalchemy.engine.Engine", "message": "[cached since 0.01262s ago] ('medication_schedules', 'r', 'p', 'f', 'v', 'm', 'pg_catalog')"}
{"asctime": "2026-03-23 07:15:02,432", "level": "INFO", "logger": "sqlalchemy.engine.Engine", "message": "SELECT pg_catalog.pg_class.relname \nFROM pg_catalog.pg_class JOIN pg_catalog.pg_namespace ON pg_catalog.pg_namespace.oid = pg_catalog.pg_class.relnamespace \nWHERE pg_catalog.pg_class.relname = $1::VARCHAR AND pg_catalog.pg_class.relkind = ANY (ARRAY[$2::VARCHAR, $3::VARCHAR, $4::VARCHAR, $5::VARCHAR, $6::VARCHAR]) AND pg_catalog.pg_table_is_visible(pg_catalog.pg_class.oid) AND pg_catalog.pg_namespace.nspname != $7::VARCHAR"}
{"asctime": "2026-03-23 07:15:02,432", "level": "INFO", "logger": "sqlalchemy.engine.Engine", "message": "[cached since 0.01384s ago] ('health_metrics', 'r', 'p', 'f', 'v', 'm', 'pg_catalog')"}
{"asctime": "2026-03-23 07:15:02,434", "level": "INFO", "logger": "sqlalchemy.engine.Engine", "message": "SELECT pg_catalog.pg_class.relname \nFROM pg_catalog.pg_class JOIN pg_catalog.pg_namespace ON pg_catalog.pg_namespace.oid = pg_catalog.pg_class.relnamespace \nWHERE pg_catalog.pg_class.relname = $1::VARCHAR AND pg_catalog.pg_class.relkind = ANY (ARRAY[$2::VARCHAR, $3::VARCHAR, $4::VARCHAR, $5::VARCHAR, $6::VARCHAR]) AND pg_catalog.pg_table_is_visible(pg_catalog.pg_class.oid) AND pg_catalog.pg_namespace.nspname != $7::VARCHAR"}
{"asctime": "2026-03-23 07:15:02,435", "level": "INFO", "logger": "sqlalchemy.engine.Engine", "message": "[cached since 0.01507s ago] ('emergency_contacts', 'r', 'p', 'f', 'v', 'm', 'pg_catalog')"}
{"asctime": "2026-03-23 07:15:02,435", "level": "INFO", "logger": "sqlalchemy.engine.Engine", "message": "SELECT pg_catalog.pg_class.relname \nFROM pg_catalog.pg_class JOIN pg_catalog.pg_namespace ON pg_catalog.pg_namespace.oid = pg_catalog.pg_class.relnamespace \nWHERE pg_catalog.pg_class.relname = $1::VARCHAR AND pg_catalog.pg_class.relkind = ANY (ARRAY[$2::VARCHAR, $3::VARCHAR, $4::VARCHAR, $5::VARCHAR, $6::VARCHAR]) AND pg_catalog.pg_table_is_visible(pg_catalog.pg_class.oid) AND pg_catalog.pg_namespace.nspname != $7::VARCHAR"}
{"asctime": "2026-03-23 07:15:02,436", "level": "INFO", "logger": "sqlalchemy.engine.Engine", "message": "[cached since 0.01633s ago] ('ai_conversations', 'r', 'p', 'f', 'v', 'm', 'pg_catalog')"}
{"asctime": "2026-03-23 07:15:02,437", "level": "INFO", "logger": "sqlalchemy.engine.Engine", "message": "COMMIT"}
{"asctime": "2026-03-23 07:15:02,503", "level": "DEBUG", "logger": "tzlocal", "message": "Looking up time zone info from registry"}
{"asctime": "2026-03-23 07:15:02,506", "level": "INFO", "logger": "app.services.reminder_worker", "message": "[ReminderWorker] APScheduler started (5-min reminders + 08:00 refill alerts)"}
{"asctime": "2026-03-23 07:15:02,507", "level": "WARNING", "logger": "app.services.notification_service", "message": "FIREBASE_CREDENTIALS_PATH not set \u2014 push notifications disabled."}
{"asctime": "2026-03-23 07:15:02,507", "level": "WARNING", "logger": "app.services.notification_service", "message": "ENCRYPTION_KEY not set \u2014 using derived key. Set ENCRYPTION_KEY in .env for production security."}
{"asctime": "2026-03-23 07:15:02,536", "level": "INFO", "logger": "app.services.cache_service", "message": "Redis connected: redis://localhost:6379/0"}
{"asctime": "2026-03-23 07:15:02,537", "level": "INFO", "logger": "main", "message": "VitaPulse AI v1.0.0 started"}
{"asctime": "2026-03-23 07:15:02,537", "level": "INFO", "logger": "main", "message": "API docs: http://localhost:8000/docs"}
{"asctime": "2026-03-23 07:15:15,925", "level": "INFO", "logger": "app.services.reminder_worker", "message": "[ReminderWorker] Scheduler stopped."}
{"asctime": "2026-03-23 07:15:15,927", "level": "INFO", "logger": "main", "message": "VitaPulse AI shut down"}
{"asctime": "2026-03-23 07:15:17,268", "level": "DEBUG", "logger": "passlib.utils.compat", "message": "loaded lazy attr 'SafeConfigParser': <class 'configparser.ConfigParser'>"}
{"asctime": "2026-03-23 07:15:17,268", "level": "DEBUG", "logger": "passlib.utils.compat", "message": "loaded lazy attr 'NativeStringIO': <class '_io.StringIO'>"}
{"asctime": "2026-03-23 07:15:17,268", "level": "DEBUG", "logger": "passlib.utils.compat", "message": "loaded lazy attr 'BytesIO': <class '_io.BytesIO'>"}
{"asctime": "2026-03-23 07:15:17,271", "level": "DEBUG", "logger": "passlib.registry", "message": "registered 'bcrypt' handler: <class 'passlib.handlers.bcrypt.bcrypt'>"}
{"asctime": "2026-03-23 07:15:17,702", "level": "INFO", "logger": "sqlalchemy.engine.Engine", "message": "select pg_catalog.version()"}
{"asctime": "2026-03-23 07:15:17,702", "level": "INFO", "logger": "sqlalchemy.engine.Engine", "message": "[raw sql] ()"}
{"asctime": "2026-03-23 07:15:17,704", "level": "INFO", "logger": "sqlalchemy.engine.Engine", "message": "select current_schema()"}
{"asctime": "2026-03-23 07:15:17,704", "level": "INFO", "logger": "sqlalchemy.engine.Engine", "message": "[raw sql] ()"}
{"asctime": "2026-03-23 07:15:17,705", "level": "INFO", "logger": "sqlalchemy.engine.Engine", "message": "show standard_conforming_strings"}
{"asctime": "2026-03-23 07:15:17,705", "level": "INFO", "logger": "sqlalchemy.engine.Engine", "message": "[raw sql] ()"}
{"asctime": "2026-03-23 07:15:17,706", "level": "INFO", "logger": "sqlalchemy.engine.Engine", "message": "BEGIN (implicit)"}
{"asctime": "2026-03-23 07:15:17,709", "level": "INFO", "logger": "sqlalchemy.engine.Engine", "message": "SELECT pg_catalog.pg_class.relname \nFROM pg_catalog.pg_class JOIN pg_catalog.pg_namespace ON pg_catalog.pg_namespace.oid = pg_catalog.pg_class.relnamespace \nWHERE pg_catalog.pg_class.relname = $1::VARCHAR AND pg_catalog.pg_class.relkind = ANY (ARRAY[$2::VARCHAR, $3::VARCHAR, $4::VARCHAR, $5::VARCHAR, $6::VARCHAR]) AND pg_catalog.pg_table_is_visible(pg_catalog.pg_class.oid) AND pg_catalog.pg_namespace.nspname != $7::VARCHAR"}
{"asctime": "2026-03-23 07:15:17,710", "level": "INFO", "logger": "sqlalchemy.engine.Engine", "message": "[generated in 0.00064s] ('users', 'r', 'p', 'f', 'v', 'm', 'pg_catalog')"}
{"asctime": "2026-03-23 07:15:17,715", "level": "INFO", "logger": "sqlalchemy.engine.Engine", "message": "SELECT pg_catalog.pg_class.relname \nFROM pg_catalog.pg_class JOIN pg_catalog.pg_namespace ON pg_catalog.pg_namespace.oid = pg_catalog.pg_class.relnamespace \nWHERE pg_catalog.pg_class.relname = $1::VARCHAR AND pg_catalog.pg_class.relkind = ANY (ARRAY[$2::VARCHAR, $3::VARCHAR, $4::VARCHAR, $5::VARCHAR, $6::VARCHAR]) AND pg_catalog.pg_table_is_visible(pg_catalog.pg_class.oid) AND pg_catalog.pg_namespace.nspname != $7::VARCHAR"}
{"asctime": "2026-03-23 07:15:17,715", "level": "INFO", "logger": "sqlalchemy.engine.Engine", "message": "[cached since 0.005856s ago] ('otps', 'r', 'p', 'f', 'v', 'm', 'pg_catalog')"}
{"asctime": "2026-03-23 07:15:17,716", "level": "INFO", "logger": "sqlalchemy.engine.Engine", "message": "SELECT pg_catalog.pg_class.relname \nFROM pg_catalog.pg_class JOIN pg_catalog.pg_namespace ON pg_catalog.pg_namespace.oid = pg_catalog.pg_class.relnamespace \nWHERE pg_catalog.pg_class.relname = $1::VARCHAR AND pg_catalog.pg_class.relkind = ANY (ARRAY[$2::VARCHAR, $3::VARCHAR, $4::VARCHAR, $5::VARCHAR, $6::VARCHAR]) AND pg_catalog.pg_table_is_visible(pg_catalog.pg_class.oid) AND pg_catalog.pg_namespace.nspname != $7::VARCHAR"}
{"asctime": "2026-03-23 07:15:17,717", "level": "INFO", "logger": "sqlalchemy.engine.Engine", "message": "[cached since 0.007394s ago] ('family_members', 'r', 'p', 'f', 'v', 'm', 'pg_catalog')"}
{"asctime": "2026-03-23 07:15:17,718", "level": "INFO", "logger": "sqlalchemy.engine.Engine", "message": "SELECT pg_catalog.pg_class.relname \nFROM pg_catalog.pg_class JOIN pg_catalog.pg_namespace ON pg_catalog.pg_namespace.oid = pg_catalog.pg_class.relnamespace \nWHERE pg_catalog.pg_class.relname = $1::VARCHAR AND pg_catalog.pg_class.relkind = ANY (ARRAY[$2::VARCHAR, $3::VARCHAR, $4::VARCHAR, $5::VARCHAR, $6::VARCHAR]) AND pg_catalog.pg_table_is_visible(pg_catalog.pg_class.oid) AND pg_catalog.pg_namespace.nspname != $7::VARCHAR"}
{"asctime": "2026-03-23 07:15:17,718", "level": "INFO", "logger": "sqlalchemy.engine.Engine", "message": "[cached since 0.008779s ago] ('medical_records', 'r', 'p', 'f', 'v', 'm', 'pg_catalog')"}
{"asctime": "2026-03-23 07:15:17,719", "level": "INFO", "logger": "sqlalchemy.engine.Engine", "message": "SELECT pg_catalog.pg_class.relname \nFROM pg_catalog.pg_class JOIN pg_catalog.pg_namespace ON pg_catalog.pg_namespace.oid = pg_catalog.pg_class.relnamespace \nWHERE pg_catalog.pg_class.relname = $1::VARCHAR AND pg_catalog.pg_class.relkind = ANY (ARRAY[$2::VARCHAR, $3::VARCHAR, $4::VARCHAR, $5::VARCHAR, $6::VARCHAR]) AND pg_catalog.pg_table_is_visible(pg_catalog.pg_class.oid) AND pg_catalog.pg_namespace.nspname != $7::VARCHAR"}
{"asctime": "2026-03-23 07:15:17,720", "level": "INFO", "logger": "sqlalchemy.engine.Engine", "message": "[cached since 0.01004s ago] ('prescriptions', 'r', 'p', 'f', 'v', 'm', 'pg_catalog')"}
{"asctime": "2026-03-23 07:15:17,721", "level": "INFO", "logger": "sqlalchemy.engine.Engine", "message": "SELECT pg_catalog.pg_class.relname \nFROM pg_catalog.pg_class JOIN pg_catalog.pg_namespace ON pg_catalog.pg_namespace.oid = pg_catalog.pg_class.relnamespace \nWHERE pg_catalog.pg_class.relname = $1::VARCHAR AND pg_catalog.pg_class.relkind = ANY (ARRAY[$2::VARCHAR, $3::VARCHAR, $4::VARCHAR, $5::VARCHAR, $6::VARCHAR]) AND pg_catalog.pg_table_is_visible(pg_catalog.pg_class.oid) AND pg_catalog.pg_namespace.nspname != $7::VARCHAR"}
{"asctime": "2026-03-23 07:15:17,721", "level": "INFO", "logger": "sqlalchemy.engine.Engine", "message": "[cached since 0.01148s ago] ('medicines', 'r', 'p', 'f', 'v', 'm', 'pg_catalog')"}
{"asctime": "2026-03-23 07:15:17,722", "level": "INFO", "logger": "sqlalchemy.engine.Engine", "message": "SELECT pg_catalog.pg_class.relname \nFROM pg_catalog.pg_class JOIN pg_catalog.pg_namespace ON pg_catalog.pg_namespace.oid = pg_catalog.pg_class.relnamespace \nWHERE pg_catalog.pg_class.relname = $1::VARCHAR AND pg_catalog.pg_class.relkind = ANY (ARRAY[$2::VARCHAR, $3::VARCHAR, $4::VARCHAR, $5::VARCHAR, $6::VARCHAR]) AND pg_catalog.pg_table_is_visible(pg_catalog.pg_class.oid) AND pg_catalog.pg_namespace.nspname != $7::VARCHAR"}
{"asctime": "2026-03-23 07:15:17,722", "level": "INFO", "logger": "sqlalchemy.engine.Engine", "message": "[cached since 0.0129s ago] ('medication_schedules', 'r', 'p', 'f', 'v', 'm', 'pg_catalog')"}
{"asctime": "2026-03-23 07:15:17,723", "level": "INFO", "logger": "sqlalchemy.engine.Engine", "message": "SELECT pg_catalog.pg_class.relname \nFROM pg_catalog.pg_class JOIN pg_catalog.pg_namespace ON pg_catalog.pg_namespace.oid = pg_catalog.pg_class.relnamespace \nWHERE pg_catalog.pg_class.relname = $1::VARCHAR AND pg_catalog.pg_class.relkind = ANY (ARRAY[$2::VARCHAR, $3::VARCHAR, $4::VARCHAR, $5::VARCHAR, $6::VARCHAR]) AND pg_catalog.pg_table_is_visible(pg_catalog.pg_class.oid) AND pg_catalog.pg_namespace.nspname != $7::VARCHAR"}
{"asctime": "2026-03-23 07:15:17,723", "level": "INFO", "logger": "sqlalchemy.engine.Engine", "message": "[cached since 0.01401s ago] ('health_metrics', 'r', 'p', 'f', 'v', 'm', 'pg_catalog')"}
{"asctime": "2026-03-23 07:15:17,725", "level": "INFO", "logger": "sqlalchemy.engine.Engine", "message": "SELECT pg_catalog.pg_class.relname \nFROM pg_catalog.pg_class JOIN pg_catalog.pg_namespace ON pg_catalog.pg_namespace.oid = pg_catalog.pg_class.relnamespace \nWHERE pg_catalog.pg_class.relname = $1::VARCHAR AND pg_catalog.pg_class.relkind = ANY (ARRAY[$2::VARCHAR, $3::VARCHAR, $4::VARCHAR, $5::VARCHAR, $6::VARCHAR]) AND pg_catalog.pg_table_is_visible(pg_catalog.pg_class.oid) AND pg_catalog.pg_namespace.nspname != $7::VARCHAR"}
{"asctime": "2026-03-23 07:15:17,726", "level": "INFO", "logger": "sqlalchemy.engine.Engine", "message": "[cached since 0.0155s ago] ('emergency_contacts', 'r', 'p', 'f', 'v', 'm', 'pg_catalog')"}
{"asctime": "2026-03-23 07:15:17,726", "level": "INFO", "logger": "sqlalchemy.engine.Engine", "message": "SELECT pg_catalog.pg_class.relname \nFROM pg_catalog.pg_class JOIN pg_catalog.pg_namespace ON pg_catalog.pg_namespace.oid = pg_catalog.pg_class.relnamespace \nWHERE pg_catalog.pg_class.relname = $1::VARCHAR AND pg_catalog.pg_class.relkind = ANY (ARRAY[$2::VARCHAR, $3::VARCHAR, $4::VARCHAR, $5::VARCHAR, $6::VARCHAR]) AND pg_catalog.pg_table_is_visible(pg_catalog.pg_class.oid) AND pg_catalog.pg_namespace.nspname != $7::VARCHAR"}
{"asctime": "2026-03-23 07:15:17,726", "level": "INFO", "logger": "sqlalchemy.engine.Engine", "message": "[cached since 0.01672s ago] ('ai_conversations', 'r', 'p', 'f', 'v', 'm', 'pg_catalog')"}
{"asctime": "2026-03-23 07:15:17,728", "level": "INFO", "logger": "sqlalchemy.engine.Engine", "message": "COMMIT"}
{"asctime": "2026-03-23 07:15:17,798", "level": "DEBUG", "logger": "tzlocal", "message": "Looking up time zone info from registry"}
{"asctime": "2026-03-23 07:15:17,801", "level": "INFO", "logger": "app.services.reminder_worker", "message": "[ReminderWorker] APScheduler started (5-min reminders + 08:00 refill alerts)"}
{"asctime": "2026-03-23 07:15:17,802", "level": "WARNING", "logger": "app.services.notification_service", "message": "FIREBASE_CREDENTIALS_PATH not set \u2014 push notifications disabled."}
{"asctime": "2026-03-23 07:15:17,802", "level": "WARNING", "logger": "app.services.notification_service", "message": "ENCRYPTION_KEY not set \u2014 using derived key. Set ENCRYPTION_KEY in .env for production security."}
{"asctime": "2026-03-23 07:15:17,838", "level": "INFO", "logger": "app.services.cache_service", "message": "Redis connected: redis://localhost:6379/0"}
{"asctime": "2026-03-23 07:15:17,838", "level": "INFO", "logger": "main", "message": "VitaPulse AI v1.0.0 started"}
{"asctime": "2026-03-23 07:15:17,838", "level": "INFO", "logger": "main", "message": "API docs: http://localhost:8000/docs"}
{"asctime": "2026-03-23 07:15:21,671", "level": "INFO", "logger": "app.services.reminder_worker", "message": "[ReminderWorker] Scheduler stopped."}
{"asctime": "2026-03-23 07:15:21,673", "level": "INFO", "logger": "main", "message": "VitaPulse AI shut down"}
{"asctime": "2026-03-23 07:15:22,961", "level": "DEBUG", "logger": "passlib.utils.compat", "message": "loaded lazy attr 'SafeConfigParser': <class 'configparser.ConfigParser'>"}
{"asctime": "2026-03-23 07:15:22,961", "level": "DEBUG", "logger": "passlib.utils.compat", "message": "loaded lazy attr 'NativeStringIO': <class '_io.StringIO'>"}
{"asctime": "2026-03-23 07:15:22,961", "level": "DEBUG", "logger": "passlib.utils.compat", "message": "loaded lazy attr 'BytesIO': <class '_io.BytesIO'>"}
{"asctime": "2026-03-23 07:15:22,965", "level": "DEBUG", "logger": "passlib.registry", "message": "registered 'bcrypt' handler: <class 'passlib.handlers.bcrypt.bcrypt'>"}
{"asctime": "2026-03-23 07:15:23,370", "level": "INFO", "logger": "sqlalchemy.engine.Engine", "message": "select pg_catalog.version()"}
{"asctime": "2026-03-23 07:15:23,371", "level": "INFO", "logger": "sqlalchemy.engine.Engine", "message": "[raw sql] ()"}
{"asctime": "2026-03-23 07:15:23,372", "level": "INFO", "logger": "sqlalchemy.engine.Engine", "message": "select current_schema()"}
{"asctime": "2026-03-23 07:15:23,373", "level": "INFO", "logger": "sqlalchemy.engine.Engine", "message": "[raw sql] ()"}
{"asctime": "2026-03-23 07:15:23,374", "level": "INFO", "logger": "sqlalchemy.engine.Engine", "message": "show standard_conforming_strings"}
{"asctime": "2026-03-23 07:15:23,375", "level": "INFO", "logger": "sqlalchemy.engine.Engine", "message": "[raw sql] ()"}
{"asctime": "2026-03-23 07:15:23,376", "level": "INFO", "logger": "sqlalchemy.engine.Engine", "message": "BEGIN (implicit)"}
{"asctime": "2026-03-23 07:15:23,379", "level": "INFO", "logger": "sqlalchemy.engine.Engine", "message": "SELECT pg_catalog.pg_class.relname \nFROM pg_catalog.pg_class JOIN pg_catalog.pg_namespace ON pg_catalog.pg_namespace.oid = pg_catalog.pg_class.relnamespace \nWHERE pg_catalog.pg_class.relname = $1::VARCHAR AND pg_catalog.pg_class.relkind = ANY (ARRAY[$2::VARCHAR, $3::VARCHAR, $4::VARCHAR, $5::VARCHAR, $6::VARCHAR]) AND pg_catalog.pg_table_is_visible(pg_catalog.pg_class.oid) AND pg_catalog.pg_namespace.nspname != $7::VARCHAR"}
{"asctime": "2026-03-23 07:15:23,379", "level": "INFO", "logger": "sqlalchemy.engine.Engine", "message": "[generated in 0.00105s] ('users', 'r', 'p', 'f', 'v', 'm', 'pg_catalog')"}
{"asctime": "2026-03-23 07:15:23,383", "level": "INFO", "logger": "sqlalchemy.engine.Engine", "message": "SELECT pg_catalog.pg_class.relname \nFROM pg_catalog.pg_class JOIN pg_catalog.pg_namespace ON pg_catalog.pg_namespace.oid = pg_catalog.pg_class.relnamespace \nWHERE pg_catalog.pg_class.relname = $1::VARCHAR AND pg_catalog.pg_class.relkind = ANY (ARRAY[$2::VARCHAR, $3::VARCHAR, $4::VARCHAR, $5::VARCHAR, $6::VARCHAR]) AND pg_catalog.pg_table_is_visible(pg_catalog.pg_class.oid) AND pg_catalog.pg_namespace.nspname != $7::VARCHAR"}
{"asctime": "2026-03-23 07:15:23,383", "level": "INFO", "logger": "sqlalchemy.engine.Engine", "message": "[cached since 0.004902s ago] ('otps', 'r', 'p', 'f', 'v', 'm', 'pg_catalog')"}
{"asctime": "2026-03-23 07:15:23,385", "level": "INFO", "logger": "sqlalchemy.engine.Engine", "message": "SELECT pg_catalog.pg_class.relname \nFROM pg_catalog.pg_class JOIN pg_catalog.pg_namespace ON pg_catalog.pg_namespace.oid = pg_catalog.pg_class.relnamespace \nWHERE pg_catalog.pg_class.relname = $1::VARCHAR AND pg_catalog.pg_class.relkind = ANY (ARRAY[$2::VARCHAR, $3::VARCHAR, $4::VARCHAR, $5::VARCHAR, $6::VARCHAR]) AND pg_catalog.pg_table_is_visible(pg_catalog.pg_class.oid) AND pg_catalog.pg_namespace.nspname != $7::VARCHAR"}
{"asctime": "2026-03-23 07:15:23,385", "level": "INFO", "logger": "sqlalchemy.engine.Engine", "message": "[cached since 0.006343s ago] ('family_members', 'r', 'p', 'f', 'v', 'm', 'pg_catalog')"}
{"asctime": "2026-03-23 07:15:23,386", "level": "INFO", "logger": "sqlalchemy.engine.Engine", "message": "SELECT pg_catalog.pg_class.relname \nFROM pg_catalog.pg_class JOIN pg_catalog.pg_namespace ON pg_catalog.pg_namespace.oid = pg_catalog.pg_class.relnamespace \nWHERE pg_catalog.pg_class.relname = $1::VARCHAR AND pg_catalog.pg_class.relkind = ANY (ARRAY[$2::VARCHAR, $3::VARCHAR, $4::VARCHAR, $5::VARCHAR, $6::VARCHAR]) AND pg_catalog.pg_table_is_visible(pg_catalog.pg_class.oid) AND pg_catalog.pg_namespace.nspname != $7::VARCHAR"}
{"asctime": "2026-03-23 07:15:23,387", "level": "INFO", "logger": "sqlalchemy.engine.Engine", "message": "[cached since 0.007609s ago] ('medical_records', 'r', 'p', 'f', 'v', 'm', 'pg_catalog')"}
{"asctime": "2026-03-23 07:15:23,387", "level": "INFO", "logger": "sqlalchemy.engine.Engine", "message": "SELECT pg_catalog.pg_class.relname \nFROM pg_catalog.pg_class JOIN pg_catalog.pg_namespace ON pg_catalog.pg_namespace.oid = pg_catalog.pg_class.relnamespace \nWHERE pg_catalog.pg_class.relname = $1::VARCHAR AND pg_catalog.pg_class.relkind = ANY (ARRAY[$2::VARCHAR, $3::VARCHAR, $4::VARCHAR, $5::VARCHAR, $6::VARCHAR]) AND pg_catalog.pg_table_is_visible(pg_catalog.pg_class.oid) AND pg_catalog.pg_namespace.nspname != $7::VARCHAR"}
{"asctime": "2026-03-23 07:15:23,388", "level": "INFO", "logger": "sqlalchemy.engine.Engine", "message": "[cached since 0.008846s ago] ('prescriptions', 'r', 'p', 'f', 'v', 'm', 'pg_catalog')"}
{"asctime": "2026-03-23 07:15:23,389", "level": "INFO", "logger": "sqlalchemy.engine.Engine", "message": "SELECT pg_catalog.pg_class.relname \nFROM pg_catalog.pg_class JOIN pg_catalog.pg_namespace ON pg_catalog.pg_namespace.oid = pg_catalog.pg_class.relnamespace \nWHERE pg_catalog.pg_class.relname = $1::VARCHAR AND pg_catalog.pg_class.relkind = ANY (ARRAY[$2::VARCHAR, $3::VARCHAR, $4::VARCHAR, $5::VARCHAR, $6::VARCHAR]) AND pg_catalog.pg_table_is_visible(pg_catalog.pg_class.oid) AND pg_catalog.pg_namespace.nspname != $7::VARCHAR"}
{"asctime": "2026-03-23 07:15:23,389", "level": "INFO", "logger": "sqlalchemy.engine.Engine", "message": "[cached since 0.01017s ago] ('medicines', 'r', 'p', 'f', 'v', 'm', 'pg_catalog')"}
{"asctime": "2026-03-23 07:15:23,390", "level": "INFO", "logger": "sqlalchemy.engine.Engine", "message": "SELECT pg_catalog.pg_class.relname \nFROM pg_catalog.pg_class JOIN pg_catalog.pg_namespace ON pg_catalog.pg_namespace.oid = pg_catalog.pg_class.relnamespace \nWHERE pg_catalog.pg_class.relname = $1::VARCHAR AND pg_catalog.pg_class.relkind = ANY (ARRAY[$2::VARCHAR, $3::VARCHAR, $4::VARCHAR, $5::VARCHAR, $6::VARCHAR]) AND pg_catalog.pg_table_is_visible(pg_catalog.pg_class.oid) AND pg_catalog.pg_namespace.nspname != $7::VARCHAR"}
{"asctime": "2026-03-23 07:15:23,391", "level": "INFO", "logger": "sqlalchemy.engine.Engine", "message": "[cached since 0.01151s ago] ('medication_schedules', 'r', 'p', 'f', 'v', 'm', 'pg_catalog')"}
{"asctime": "2026-03-23 07:15:23,391", "level": "INFO", "logger": "sqlalchemy.engine.Engine", "message": "SELECT pg_catalog.pg_class.relname \nFROM pg_catalog.pg_class JOIN pg_catalog.pg_namespace ON pg_catalog.pg_namespace.oid = pg_catalog.pg_class.relnamespace \nWHERE pg_catalog.pg_class.relname = $1::VARCHAR AND pg_catalog.pg_class.relkind = ANY (ARRAY[$2::VARCHAR, $3::VARCHAR, $4::VARCHAR, $5::VARCHAR, $6::VARCHAR]) AND pg_catalog.pg_table_is_visible(pg_catalog.pg_class.oid) AND pg_catalog.pg_namespace.nspname != $7::VARCHAR"}
{"asctime": "2026-03-23 07:15:23,392", "level": "INFO", "logger": "sqlalchemy.engine.Engine", "message": "[cached since 0.01277s ago] ('health_metrics', 'r', 'p', 'f', 'v', 'm', 'pg_catalog')"}
{"asctime": "2026-03-23 07:15:23,392", "level": "INFO", "logger": "sqlalchemy.engine.Engine", "message": "SELECT pg_catalog.pg_class.relname \nFROM pg_catalog.pg_class JOIN pg_catalog.pg_namespace ON pg_catalog.pg_namespace.oid = pg_catalog.pg_class.relnamespace \nWHERE pg_catalog.pg_class.relname = $1::VARCHAR AND pg_catalog.pg_class.relkind = ANY (ARRAY[$2::VARCHAR, $3::VARCHAR, $4::VARCHAR, $5::VARCHAR, $6::VARCHAR]) AND pg_catalog.pg_table_is_visible(pg_catalog.pg_class.oid) AND pg_catalog.pg_namespace.nspname != $7::VARCHAR"}
{"asctime": "2026-03-23 07:15:23,393", "level": "INFO", "logger": "sqlalchemy.engine.Engine", "message": "[cached since 0.01391s ago] ('emergency_contacts', 'r', 'p', 'f', 'v', 'm', 'pg_catalog')"}
{"asctime": "2026-03-23 07:15:23,394", "level": "INFO", "logger": "sqlalchemy.engine.Engine", "message": "SELECT pg_catalog.pg_class.relname \nFROM pg_catalog.pg_class JOIN pg_catalog.pg_namespace ON pg_catalog.pg_namespace.oid = pg_catalog.pg_class.relnamespace \nWHERE pg_catalog.pg_class.relname = $1::VARCHAR AND pg_catalog.pg_class.relkind = ANY (ARRAY[$2::VARCHAR, $3::VARCHAR, $4::VARCHAR, $5::VARCHAR, $6::VARCHAR]) AND pg_catalog.pg_table_is_visible(pg_catalog.pg_class.oid) AND pg_catalog.pg_namespace.nspname != $7::VARCHAR"}
{"asctime": "2026-03-23 07:15:23,394", "level": "INFO", "logger": "sqlalchemy.engine.Engine", "message": "[cached since 0.01508s ago] ('ai_conversations', 'r', 'p', 'f', 'v', 'm', 'pg_catalog')"}
{"asctime": "2026-03-23 07:15:23,395", "level": "INFO", "logger": "sqlalchemy.engine.Engine", "message": "COMMIT"}
{"asctime": "2026-03-23 07:15:23,461", "level": "DEBUG", "logger": "tzlocal", "message": "Looking up time zone info from registry"}
{"asctime": "2026-03-23 07:15:23,465", "level": "INFO", "logger": "app.services.reminder_worker", "message": "[ReminderWorker] APScheduler started (5-min reminders + 08:00 refill alerts)"}
{"asctime": "2026-03-23 07:15:23,465", "level": "WARNING", "logger": "app.services.notification_service", "message": "FIREBASE_CREDENTIALS_PATH not set \u2014 push notifications disabled."}
{"asctime": "2026-03-23 07:15:23,465", "level": "WARNING", "logger": "app.services.notification_service", "message": "ENCRYPTION_KEY not set \u2014 using derived key. Set ENCRYPTION_KEY in .env for production security."}
{"asctime": "2026-03-23 07:15:23,495", "level": "INFO", "logger": "app.services.cache_service", "message": "Redis connected: redis://localhost:6379/0"}
{"asctime": "2026-03-23 07:15:23,496", "level": "INFO", "logger": "main", "message": "VitaPulse AI v1.0.0 started"}
{"asctime": "2026-03-23 07:15:23,496", "level": "INFO", "logger": "main", "message": "API docs: http://localhost:8000/docs"}
{"asctime": "2026-03-23 07:15:36,939", "level": "INFO", "logger": "app.services.reminder_worker", "message": "[ReminderWorker] Scheduler stopped."}
{"asctime": "2026-03-23 07:15:36,940", "level": "INFO", "logger": "main", "message": "VitaPulse AI shut down"}
{"asctime": "2026-03-23 07:15:38,181", "level": "DEBUG", "logger": "passlib.utils.compat", "message": "loaded lazy attr 'SafeConfigParser': <class 'configparser.ConfigParser'>"}
{"asctime": "2026-03-23 07:15:38,181", "level": "DEBUG", "logger": "passlib.utils.compat", "message": "loaded lazy attr 'NativeStringIO': <class '_io.StringIO'>"}
{"asctime": "2026-03-23 07:15:38,182", "level": "DEBUG", "logger": "passlib.utils.compat", "message": "loaded lazy attr 'BytesIO': <class '_io.BytesIO'>"}
{"asctime": "2026-03-23 07:15:38,185", "level": "DEBUG", "logger": "passlib.registry", "message": "registered 'bcrypt' handler: <class 'passlib.handlers.bcrypt.bcrypt'>"}
{"asctime": "2026-03-23 07:15:38,599", "level": "INFO", "logger": "sqlalchemy.engine.Engine", "message": "select pg_catalog.version()"}
{"asctime": "2026-03-23 07:15:38,599", "level": "INFO", "logger": "sqlalchemy.engine.Engine", "message": "[raw sql] ()"}
{"asctime": "2026-03-23 07:15:38,601", "level": "INFO", "logger": "sqlalchemy.engine.Engine", "message": "select current_schema()"}
{"asctime": "2026-03-23 07:15:38,601", "level": "INFO", "logger": "sqlalchemy.engine.Engine", "message": "[raw sql] ()"}
{"asctime": "2026-03-23 07:15:38,602", "level": "INFO", "logger": "sqlalchemy.engine.Engine", "message": "show standard_conforming_strings"}
{"asctime": "2026-03-23 07:15:38,604", "level": "INFO", "logger": "sqlalchemy.engine.Engine", "message": "[raw sql] ()"}
{"asctime": "2026-03-23 07:15:38,604", "level": "INFO", "logger": "sqlalchemy.engine.Engine", "message": "BEGIN (implicit)"}
{"asctime": "2026-03-23 07:15:38,607", "level": "INFO", "logger": "sqlalchemy.engine.Engine", "message": "SELECT pg_catalog.pg_class.relname \nFROM pg_catalog.pg_class JOIN pg_catalog.pg_namespace ON pg_catalog.pg_namespace.oid = pg_catalog.pg_class.relnamespace \nWHERE pg_catalog.pg_class.relname = $1::VARCHAR AND pg_catalog.pg_class.relkind = ANY (ARRAY[$2::VARCHAR, $3::VARCHAR, $4::VARCHAR, $5::VARCHAR, $6::VARCHAR]) AND pg_catalog.pg_table_is_visible(pg_catalog.pg_class.oid) AND pg_catalog.pg_namespace.nspname != $7::VARCHAR"}
{"asctime": "2026-03-23 07:15:38,607", "level": "INFO", "logger": "sqlalchemy.engine.Engine", "message": "[generated in 0.00069s] ('users', 'r', 'p', 'f', 'v', 'm', 'pg_catalog')"}
{"asctime": "2026-03-23 07:15:38,612", "level": "INFO", "logger": "sqlalchemy.engine.Engine", "message": "SELECT pg_catalog.pg_class.relname \nFROM pg_catalog.pg_class JOIN pg_catalog.pg_namespace ON pg_catalog.pg_namespace.oid = pg_catalog.pg_class.relnamespace \nWHERE pg_catalog.pg_class.relname = $1::VARCHAR AND pg_catalog.pg_class.relkind = ANY (ARRAY[$2::VARCHAR, $3::VARCHAR, $4::VARCHAR, $5::VARCHAR, $6::VARCHAR]) AND pg_catalog.pg_table_is_visible(pg_catalog.pg_class.oid) AND pg_catalog.pg_namespace.nspname != $7::VARCHAR"}
{"asctime": "2026-03-23 07:15:38,612", "level": "INFO", "logger": "sqlalchemy.engine.Engine", "message": "[cached since 0.005516s ago] ('otps', 'r', 'p', 'f', 'v', 'm', 'pg_catalog')"}
{"asctime": "2026-03-23 07:15:38,613", "level": "INFO", "logger": "sqlalchemy.engine.Engine", "message": "SELECT pg_catalog.pg_class.relname \nFROM pg_catalog.pg_class JOIN pg_catalog.pg_namespace ON pg_catalog.pg_namespace.oid = pg_catalog.pg_class.relnamespace \nWHERE pg_catalog.pg_class.relname = $1::VARCHAR AND pg_catalog.pg_class.relkind = ANY (ARRAY[$2::VARCHAR, $3::VARCHAR, $4::VARCHAR, $5::VARCHAR, $6::VARCHAR]) AND pg_catalog.pg_table_is_visible(pg_catalog.pg_class.oid) AND pg_catalog.pg_namespace.nspname != $7::VARCHAR"}
{"asctime": "2026-03-23 07:15:38,613", "level": "INFO", "logger": "sqlalchemy.engine.Engine", "message": "[cached since 0.007172s ago] ('family_members', 'r', 'p', 'f', 'v', 'm', 'pg_catalog')"}
{"asctime": "2026-03-23 07:15:38,615", "level": "INFO", "logger": "sqlalchemy.engine.Engine", "message": "SELECT pg_catalog.pg_class.relname \nFROM pg_catalog.pg_class JOIN pg_catalog.pg_namespace ON pg_catalog.pg_namespace.oid = pg_catalog.pg_class.relnamespace \nWHERE pg_catalog.pg_class.relname = $1::VARCHAR AND pg_catalog.pg_class.relkind = ANY (ARRAY[$2::VARCHAR, $3::VARCHAR, $4::VARCHAR, $5::VARCHAR, $6::VARCHAR]) AND pg_catalog.pg_table_is_visible(pg_catalog.pg_class.oid) AND pg_catalog.pg_namespace.nspname != $7::VARCHAR"}
{"asctime": "2026-03-23 07:15:38,616", "level": "INFO", "logger": "sqlalchemy.engine.Engine", "message": "[cached since 0.008569s ago] ('medical_records', 'r', 'p', 'f', 'v', 'm', 'pg_catalog')"}
{"asctime": "2026-03-23 07:15:38,617", "level": "INFO", "logger": "sqlalchemy.engine.Engine", "message": "SELECT pg_catalog.pg_class.relname \nFROM pg_catalog.pg_class JOIN pg_catalog.pg_namespace ON pg_catalog.pg_namespace.oid = pg_catalog.pg_class.relnamespace \nWHERE pg_catalog.pg_class.relname = $1::VARCHAR AND pg_catalog.pg_class.relkind = ANY (ARRAY[$2::VARCHAR, $3::VARCHAR, $4::VARCHAR, $5::VARCHAR, $6::VARCHAR]) AND pg_catalog.pg_table_is_visible(pg_catalog.pg_class.oid) AND pg_catalog.pg_namespace.nspname != $7::VARCHAR"}
{"asctime": "2026-03-23 07:15:38,617", "level": "INFO", "logger": "sqlalchemy.engine.Engine", "message": "[cached since 0.009686s ago] ('prescriptions', 'r', 'p', 'f', 'v', 'm', 'pg_catalog')"}
{"asctime": "2026-03-23 07:15:38,618", "level": "INFO", "logger": "sqlalchemy.engine.Engine", "message": "SELECT pg_catalog.pg_class.relname \nFROM pg_catalog.pg_class JOIN pg_catalog.pg_namespace ON pg_catalog.pg_namespace.oid = pg_catalog.pg_class.relnamespace \nWHERE pg_catalog.pg_class.relname = $1::VARCHAR AND pg_catalog.pg_class.relkind = ANY (ARRAY[$2::VARCHAR, $3::VARCHAR, $4::VARCHAR, $5::VARCHAR, $6::VARCHAR]) AND pg_catalog.pg_table_is_visible(pg_catalog.pg_class.oid) AND pg_catalog.pg_namespace.nspname != $7::VARCHAR"}
{"asctime": "2026-03-23 07:15:38,618", "level": "INFO", "logger": "sqlalchemy.engine.Engine", "message": "[cached since 0.01078s ago] ('medicines', 'r', 'p', 'f', 'v', 'm', 'pg_catalog')"}
{"asctime": "2026-03-23 07:15:38,619", "level": "INFO", "logger": "sqlalchemy.engine.Engine", "message": "SELECT pg_catalog.pg_class.relname \nFROM pg_catalog.pg_class JOIN pg_catalog.pg_namespace ON pg_catalog.pg_namespace.oid = pg_catalog.pg_class.relnamespace \nWHERE pg_catalog.pg_class.relname = $1::VARCHAR AND pg_catalog.pg_class.relkind = ANY (ARRAY[$2::VARCHAR, $3::VARCHAR, $4::VARCHAR, $5::VARCHAR, $6::VARCHAR]) AND pg_catalog.pg_table_is_visible(pg_catalog.pg_class.oid) AND pg_catalog.pg_namespace.nspname != $7::VARCHAR"}
{"asctime": "2026-03-23 07:15:38,619", "level": "INFO", "logger": "sqlalchemy.engine.Engine", "message": "[cached since 0.01198s ago] ('medication_schedules', 'r', 'p', 'f', 'v', 'm', 'pg_catalog')"}
{"asctime": "2026-03-23 07:15:38,620", "level": "INFO", "logger": "sqlalchemy.engine.Engine", "message": "SELECT pg_catalog.pg_class.relname \nFROM pg_catalog.pg_class JOIN pg_catalog.pg_namespace ON pg_catalog.pg_namespace.oid = pg_catalog.pg_class.relnamespace \nWHERE pg_catalog.pg_class.relname = $1::VARCHAR AND pg_catalog.pg_class.relkind = ANY (ARRAY[$2::VARCHAR, $3::VARCHAR, $4::VARCHAR, $5::VARCHAR, $6::VARCHAR]) AND pg_catalog.pg_table_is_visible(pg_catalog.pg_class.oid) AND pg_catalog.pg_namespace.nspname != $7::VARCHAR"}
{"asctime": "2026-03-23 07:15:38,620", "level": "INFO", "logger": "sqlalchemy.engine.Engine", "message": "[cached since 0.01296s ago] ('health_metrics', 'r', 'p', 'f', 'v', 'm', 'pg_catalog')"}
{"asctime": "2026-03-23 07:15:38,621", "level": "INFO", "logger": "sqlalchemy.engine.Engine", "message": "SELECT pg_catalog.pg_class.relname \nFROM pg_catalog.pg_class JOIN pg_catalog.pg_namespace ON pg_catalog.pg_namespace.oid = pg_catalog.pg_class.relnamespace \nWHERE pg_catalog.pg_class.relname = $1::VARCHAR AND pg_catalog.pg_class.relkind = ANY (ARRAY[$2::VARCHAR, $3::VARCHAR, $4::VARCHAR, $5::VARCHAR, $6::VARCHAR]) AND pg_catalog.pg_table_is_visible(pg_catalog.pg_class.oid) AND pg_catalog.pg_namespace.nspname != $7::VARCHAR"}
{"asctime": "2026-03-23 07:15:38,621", "level": "INFO", "logger": "sqlalchemy.engine.Engine", "message": "[cached since 0.0139s ago] ('emergency_contacts', 'r', 'p', 'f', 'v', 'm', 'pg_catalog')"}
{"asctime": "2026-03-23 07:15:38,622", "level": "INFO", "logger": "sqlalchemy.engine.Engine", "message": "SELECT pg_catalog.pg_class.relname \nFROM pg_catalog.pg_class JOIN pg_catalog.pg_namespace ON pg_catalog.pg_namespace.oid = pg_catalog.pg_class.relnamespace \nWHERE pg_catalog.pg_class.relname = $1::VARCHAR AND pg_catalog.pg_class.relkind = ANY (ARRAY[$2::VARCHAR, $3::VARCHAR, $4::VARCHAR, $5::VARCHAR, $6::VARCHAR]) AND pg_catalog.pg_table_is_visible(pg_catalog.pg_class.oid) AND pg_catalog.pg_namespace.nspname != $7::VARCHAR"}
{"asctime": "2026-03-23 07:15:38,622", "level": "INFO", "logger": "sqlalchemy.engine.Engine", "message": "[cached since 0.01484s ago] ('ai_conversations', 'r', 'p', 'f', 'v', 'm', 'pg_catalog')"}
{"asctime": "2026-03-23 07:15:38,623", "level": "INFO", "logger": "sqlalchemy.engine.Engine", "message": "COMMIT"}
{"asctime": "2026-03-23 07:15:38,688", "level": "DEBUG", "logger": "tzlocal", "message": "Looking up time zone info from registry"}
{"asctime": "2026-03-23 07:15:38,694", "level": "INFO", "logger": "app.services.reminder_worker", "message": "[ReminderWorker] APScheduler started (5-min reminders + 08:00 refill alerts)"}
{"asctime": "2026-03-23 07:15:38,694", "level": "WARNING", "logger": "app.services.notification_service", "message": "FIREBASE_CREDENTIALS_PATH not set \u2014 push notifications disabled."}
{"asctime": "2026-03-23 07:15:38,695", "level": "WARNING", "logger": "app.services.notification_service", "message": "ENCRYPTION_KEY not set \u2014 using derived key. Set ENCRYPTION_KEY in .env for production security."}
{"asctime": "2026-03-23 07:15:38,728", "level": "INFO", "logger": "app.services.cache_service", "message": "Redis connected: redis://localhost:6379/0"}
{"asctime": "2026-03-23 07:15:38,728", "level": "INFO", "logger": "main", "message": "VitaPulse AI v1.0.0 started"}
{"asctime": "2026-03-23 07:15:38,729", "level": "INFO", "logger": "main", "message": "API docs: http://localhost:8000/docs"}
{"asctime": "2026-03-23 07:15:45,513", "level": "INFO", "logger": "app.services.reminder_worker", "message": "[ReminderWorker] Scheduler stopped."}
{"asctime": "2026-03-23 07:15:45,515", "level": "INFO", "logger": "main", "message": "VitaPulse AI shut down"}
{"asctime": "2026-03-23 07:15:46,603", "level": "DEBUG", "logger": "passlib.utils.compat", "message": "loaded lazy attr 'SafeConfigParser': <class 'configparser.ConfigParser'>"}
{"asctime": "2026-03-23 07:15:46,604", "level": "DEBUG", "logger": "passlib.utils.compat", "message": "loaded lazy attr 'NativeStringIO': <class '_io.StringIO'>"}
{"asctime": "2026-03-23 07:15:46,604", "level": "DEBUG", "logger": "passlib.utils.compat", "message": "loaded lazy attr 'BytesIO': <class '_io.BytesIO'>"}
{"asctime": "2026-03-23 07:15:46,608", "level": "DEBUG", "logger": "passlib.registry", "message": "registered 'bcrypt' handler: <class 'passlib.handlers.bcrypt.bcrypt'>"}
{"asctime": "2026-03-23 07:15:47,028", "level": "INFO", "logger": "sqlalchemy.engine.Engine", "message": "select pg_catalog.version()"}
{"asctime": "2026-03-23 07:15:47,029", "level": "INFO", "logger": "sqlalchemy.engine.Engine", "message": "[raw sql] ()"}
{"asctime": "2026-03-23 07:15:47,030", "level": "INFO", "logger": "sqlalchemy.engine.Engine", "message": "select current_schema()"}
{"asctime": "2026-03-23 07:15:47,031", "level": "INFO", "logger": "sqlalchemy.engine.Engine", "message": "[raw sql] ()"}
{"asctime": "2026-03-23 07:15:47,032", "level": "INFO", "logger": "sqlalchemy.engine.Engine", "message": "show standard_conforming_strings"}
{"asctime": "2026-03-23 07:15:47,032", "level": "INFO", "logger": "sqlalchemy.engine.Engine", "message": "[raw sql] ()"}
{"asctime": "2026-03-23 07:15:47,033", "level": "INFO", "logger": "sqlalchemy.engine.Engine", "message": "BEGIN (implicit)"}
{"asctime": "2026-03-23 07:15:47,036", "level": "INFO", "logger": "sqlalchemy.engine.Engine", "message": "SELECT pg_catalog.pg_class.relname \nFROM pg_catalog.pg_class JOIN pg_catalog.pg_namespace ON pg_catalog.pg_namespace.oid = pg_catalog.pg_class.relnamespace \nWHERE pg_catalog.pg_class.relname = $1::VARCHAR AND pg_catalog.pg_class.relkind = ANY (ARRAY[$2::VARCHAR, $3::VARCHAR, $4::VARCHAR, $5::VARCHAR, $6::VARCHAR]) AND pg_catalog.pg_table_is_visible(pg_catalog.pg_class.oid) AND pg_catalog.pg_namespace.nspname != $7::VARCHAR"}
{"asctime": "2026-03-23 07:15:47,036", "level": "INFO", "logger": "sqlalchemy.engine.Engine", "message": "[generated in 0.00055s] ('users', 'r', 'p', 'f', 'v', 'm', 'pg_catalog')"}
{"asctime": "2026-03-23 07:15:47,040", "level": "INFO", "logger": "sqlalchemy.engine.Engine", "message": "SELECT pg_catalog.pg_class.relname \nFROM pg_catalog.pg_class JOIN pg_catalog.pg_namespace ON pg_catalog.pg_namespace.oid = pg_catalog.pg_class.relnamespace \nWHERE pg_catalog.pg_class.relname = $1::VARCHAR AND pg_catalog.pg_class.relkind = ANY (ARRAY[$2::VARCHAR, $3::VARCHAR, $4::VARCHAR, $5::VARCHAR, $6::VARCHAR]) AND pg_catalog.pg_table_is_visible(pg_catalog.pg_class.oid) AND pg_catalog.pg_namespace.nspname != $7::VARCHAR"}
{"asctime": "2026-03-23 07:15:47,041", "level": "INFO", "logger": "sqlalchemy.engine.Engine", "message": "[cached since 0.004681s ago] ('otps', 'r', 'p', 'f', 'v', 'm', 'pg_catalog')"}
{"asctime": "2026-03-23 07:15:47,042", "level": "INFO", "logger": "sqlalchemy.engine.Engine", "message": "SELECT pg_catalog.pg_class.relname \nFROM pg_catalog.pg_class JOIN pg_catalog.pg_namespace ON pg_catalog.pg_namespace.oid = pg_catalog.pg_class.relnamespace \nWHERE pg_catalog.pg_class.relname = $1::VARCHAR AND pg_catalog.pg_class.relkind = ANY (ARRAY[$2::VARCHAR, $3::VARCHAR, $4::VARCHAR, $5::VARCHAR, $6::VARCHAR]) AND pg_catalog.pg_table_is_visible(pg_catalog.pg_class.oid) AND pg_catalog.pg_namespace.nspname != $7::VARCHAR"}
{"asctime": "2026-03-23 07:15:47,042", "level": "INFO", "logger": "sqlalchemy.engine.Engine", "message": "[cached since 0.005882s ago] ('family_members', 'r', 'p', 'f', 'v', 'm', 'pg_catalog')"}
{"asctime": "2026-03-23 07:15:47,043", "level": "INFO", "logger": "sqlalchemy.engine.Engine", "message": "SELECT pg_catalog.pg_class.relname \nFROM pg_catalog.pg_class JOIN pg_catalog.pg_namespace ON pg_catalog.pg_namespace.oid = pg_catalog.pg_class.relnamespace \nWHERE pg_catalog.pg_class.relname = $1::VARCHAR AND pg_catalog.pg_class.relkind = ANY (ARRAY[$2::VARCHAR, $3::VARCHAR, $4::VARCHAR, $5::VARCHAR, $6::VARCHAR]) AND pg_catalog.pg_table_is_visible(pg_catalog.pg_class.oid) AND pg_catalog.pg_namespace.nspname != $7::VARCHAR"}
{"asctime": "2026-03-23 07:15:47,043", "level": "INFO", "logger": "sqlalchemy.engine.Engine", "message": "[cached since 0.007196s ago] ('medical_records', 'r', 'p', 'f', 'v', 'm', 'pg_catalog')"}
{"asctime": "2026-03-23 07:15:47,044", "level": "INFO", "logger": "sqlalchemy.engine.Engine", "message": "SELECT pg_catalog.pg_class.relname \nFROM pg_catalog.pg_class JOIN pg_catalog.pg_namespace ON pg_catalog.pg_namespace.oid = pg_catalog.pg_class.relnamespace \nWHERE pg_catalog.pg_class.relname = $1::VARCHAR AND pg_catalog.pg_class.relkind = ANY (ARRAY[$2::VARCHAR, $3::VARCHAR, $4::VARCHAR, $5::VARCHAR, $6::VARCHAR]) AND pg_catalog.pg_table_is_visible(pg_catalog.pg_class.oid) AND pg_catalog.pg_namespace.nspname != $7::VARCHAR"}
{"asctime": "2026-03-23 07:15:47,044", "level": "INFO", "logger": "sqlalchemy.engine.Engine", "message": "[cached since 0.008435s ago] ('prescriptions', 'r', 'p', 'f', 'v', 'm', 'pg_catalog')"}
{"asctime": "2026-03-23 07:15:47,046", "level": "INFO", "logger": "sqlalchemy.engine.Engine", "message": "SELECT pg_catalog.pg_class.relname \nFROM pg_catalog.pg_class JOIN pg_catalog.pg_namespace ON pg_catalog.pg_namespace.oid = pg_catalog.pg_class.relnamespace \nWHERE pg_catalog.pg_class.relname = $1::VARCHAR AND pg_catalog.pg_class.relkind = ANY (ARRAY[$2::VARCHAR, $3::VARCHAR, $4::VARCHAR, $5::VARCHAR, $6::VARCHAR]) AND pg_catalog.pg_table_is_visible(pg_catalog.pg_class.oid) AND pg_catalog.pg_namespace.nspname != $7::VARCHAR"}
{"asctime": "2026-03-23 07:15:47,046", "level": "INFO", "logger": "sqlalchemy.engine.Engine", "message": "[cached since 0.009584s ago] ('medicines', 'r', 'p', 'f', 'v', 'm', 'pg_catalog')"}
{"asctime": "2026-03-23 07:15:47,047", "level": "INFO", "logger": "sqlalchemy.engine.Engine", "message": "SELECT pg_catalog.pg_class.relname \nFROM pg_catalog.pg_class JOIN pg_catalog.pg_namespace ON pg_catalog.pg_namespace.oid = pg_catalog.pg_class.relnamespace \nWHERE pg_catalog.pg_class.relname = $1::VARCHAR AND pg_catalog.pg_class.relkind = ANY (ARRAY[$2::VARCHAR, $3::VARCHAR, $4::VARCHAR, $5::VARCHAR, $6::VARCHAR]) AND pg_catalog.pg_table_is_visible(pg_catalog.pg_class.oid) AND pg_catalog.pg_namespace.nspname != $7::VARCHAR"}
{"asctime": "2026-03-23 07:15:47,047", "level": "INFO", "logger": "sqlalchemy.engine.Engine", "message": "[cached since 0.01063s ago] ('medication_schedules', 'r', 'p', 'f', 'v', 'm', 'pg_catalog')"}
{"asctime": "2026-03-23 07:15:47,048", "level": "INFO", "logger": "sqlalchemy.engine.Engine", "message": "SELECT pg_catalog.pg_class.relname \nFROM pg_catalog.pg_class JOIN pg_catalog.pg_namespace ON pg_catalog.pg_namespace.oid = pg_catalog.pg_class.relnamespace \nWHERE pg_catalog.pg_class.relname = $1::VARCHAR AND pg_catalog.pg_class.relkind = ANY (ARRAY[$2::VARCHAR, $3::VARCHAR, $4::VARCHAR, $5::VARCHAR, $6::VARCHAR]) AND pg_catalog.pg_table_is_visible(pg_catalog.pg_class.oid) AND pg_catalog.pg_namespace.nspname != $7::VARCHAR"}
{"asctime": "2026-03-23 07:15:47,048", "level": "INFO", "logger": "sqlalchemy.engine.Engine", "message": "[cached since 0.01145s ago] ('health_metrics', 'r', 'p', 'f', 'v', 'm', 'pg_catalog')"}
{"asctime": "2026-03-23 07:15:47,048", "level": "INFO", "logger": "sqlalchemy.engine.Engine", "message": "SELECT pg_catalog.pg_class.relname \nFROM pg_catalog.pg_class JOIN pg_catalog.pg_namespace ON pg_catalog.pg_namespace.oid = pg_catalog.pg_class.relnamespace \nWHERE pg_catalog.pg_class.relname = $1::VARCHAR AND pg_catalog.pg_class.relkind = ANY (ARRAY[$2::VARCHAR, $3::VARCHAR, $4::VARCHAR, $5::VARCHAR, $6::VARCHAR]) AND pg_catalog.pg_table_is_visible(pg_catalog.pg_class.oid) AND pg_catalog.pg_namespace.nspname != $7::VARCHAR"}
{"asctime": "2026-03-23 07:15:47,049", "level": "INFO", "logger": "sqlalchemy.engine.Engine", "message": "[cached since 0.01226s ago] ('emergency_contacts', 'r', 'p', 'f', 'v', 'm', 'pg_catalog')"}
{"asctime": "2026-03-23 07:15:47,049", "level": "INFO", "logger": "sqlalchemy.engine.Engine", "message": "SELECT pg_catalog.pg_class.relname \nFROM pg_catalog.pg_class JOIN pg_catalog.pg_namespace ON pg_catalog.pg_namespace.oid = pg_catalog.pg_class.relnamespace \nWHERE pg_catalog.pg_class.relname = $1::VARCHAR AND pg_catalog.pg_class.relkind = ANY (ARRAY[$2::VARCHAR, $3::VARCHAR, $4::VARCHAR, $5::VARCHAR, $6::VARCHAR]) AND pg_catalog.pg_table_is_visible(pg_catalog.pg_class.oid) AND pg_catalog.pg_namespace.nspname != $7::VARCHAR"}
{"asctime": "2026-03-23 07:15:47,050", "level": "INFO", "logger": "sqlalchemy.engine.Engine", "message": "[cached since 0.01306s ago] ('ai_conversations', 'r', 'p', 'f', 'v', 'm', 'pg_catalog')"}
{"asctime": "2026-03-23 07:15:47,050", "level": "INFO", "logger": "sqlalchemy.engine.Engine", "message": "COMMIT"}
{"asctime": "2026-03-23 07:15:47,115", "level": "DEBUG", "logger": "tzlocal", "message": "Looking up time zone info from registry"}
{"asctime": "2026-03-23 07:15:47,119", "level": "INFO", "logger": "app.services.reminder_worker", "message": "[ReminderWorker] APScheduler started (5-min reminders + 08:00 refill alerts)"}
{"asctime": "2026-03-23 07:15:47,120", "level": "WARNING", "logger": "app.services.notification_service", "message": "FIREBASE_CREDENTIALS_PATH not set \u2014 push notifications disabled."}
{"asctime": "2026-03-23 07:15:47,120", "level": "WARNING", "logger": "app.services.notification_service", "message": "ENCRYPTION_KEY not set \u2014 using derived key. Set ENCRYPTION_KEY in .env for production security."}
{"asctime": "2026-03-23 07:15:47,151", "level": "INFO", "logger": "app.services.cache_service", "message": "Redis connected: redis://localhost:6379/0"}
{"asctime": "2026-03-23 07:15:47,151", "level": "INFO", "logger": "main", "message": "VitaPulse AI v1.0.0 started"}
{"asctime": "2026-03-23 07:15:47,151", "level": "INFO", "logger": "main", "message": "API docs: http://localhost:8000/docs"}
{"asctime": "2026-03-23 07:20:47,136", "level": "INFO", "logger": "sqlalchemy.engine.Engine", "message": "BEGIN (implicit)"}
{"asctime": "2026-03-23 07:20:47,141", "level": "INFO", "logger": "sqlalchemy.engine.Engine", "message": "SELECT * FROM fn_get_due_reminders($1)"}
{"asctime": "2026-03-23 07:20:47,144", "level": "INFO", "logger": "sqlalchemy.engine.Engine", "message": "[generated in 0.00218s] (5,)"}
{"asctime": "2026-03-23 07:20:47,158", "level": "INFO", "logger": "sqlalchemy.engine.Engine", "message": "ROLLBACK"}
{"asctime": "2026-03-23 07:20:47,160", "level": "INFO", "logger": "app.services.reminder_worker", "message": "[ReminderWorker] Checking reminders at 01:50 \u2014 0 due"}
{"asctime": "2026-03-23 07:24:33,386", "level": "INFO", "logger": "app.services.reminder_worker", "message": "[ReminderWorker] Scheduler stopped."}
{"asctime": "2026-03-23 07:24:33,388", "level": "INFO", "logger": "main", "message": "VitaPulse AI shut down"}
{"asctime": "2026-03-23 07:24:34,715", "level": "DEBUG", "logger": "passlib.utils.compat", "message": "loaded lazy attr 'SafeConfigParser': <class 'configparser.ConfigParser'>"}
{"asctime": "2026-03-23 07:24:34,716", "level": "DEBUG", "logger": "passlib.utils.compat", "message": "loaded lazy attr 'NativeStringIO': <class '_io.StringIO'>"}
{"asctime": "2026-03-23 07:24:34,716", "level": "DEBUG", "logger": "passlib.utils.compat", "message": "loaded lazy attr 'BytesIO': <class '_io.BytesIO'>"}
{"asctime": "2026-03-23 07:24:34,720", "level": "DEBUG", "logger": "passlib.registry", "message": "registered 'bcrypt' handler: <class 'passlib.handlers.bcrypt.bcrypt'>"}
{"asctime": "2026-03-23 07:24:35,249", "level": "INFO", "logger": "sqlalchemy.engine.Engine", "message": "select pg_catalog.version()"}
{"asctime": "2026-03-23 07:24:35,250", "level": "INFO", "logger": "sqlalchemy.engine.Engine", "message": "[raw sql] ()"}
{"asctime": "2026-03-23 07:24:35,252", "level": "INFO", "logger": "sqlalchemy.engine.Engine", "message": "select current_schema()"}
{"asctime": "2026-03-23 07:24:35,252", "level": "INFO", "logger": "sqlalchemy.engine.Engine", "message": "[raw sql] ()"}
{"asctime": "2026-03-23 07:24:35,253", "level": "INFO", "logger": "sqlalchemy.engine.Engine", "message": "show standard_conforming_strings"}
{"asctime": "2026-03-23 07:24:35,254", "level": "INFO", "logger": "sqlalchemy.engine.Engine", "message": "[raw sql] ()"}
{"asctime": "2026-03-23 07:24:35,255", "level": "INFO", "logger": "sqlalchemy.engine.Engine", "message": "BEGIN (implicit)"}
{"asctime": "2026-03-23 07:24:35,257", "level": "INFO", "logger": "sqlalchemy.engine.Engine", "message": "SELECT pg_catalog.pg_class.relname \nFROM pg_catalog.pg_class JOIN pg_catalog.pg_namespace ON pg_catalog.pg_namespace.oid = pg_catalog.pg_class.relnamespace \nWHERE pg_catalog.pg_class.relname = $1::VARCHAR AND pg_catalog.pg_class.relkind = ANY (ARRAY[$2::VARCHAR, $3::VARCHAR, $4::VARCHAR, $5::VARCHAR, $6::VARCHAR]) AND pg_catalog.pg_table_is_visible(pg_catalog.pg_class.oid) AND pg_catalog.pg_namespace.nspname != $7::VARCHAR"}
{"asctime": "2026-03-23 07:24:35,258", "level": "INFO", "logger": "sqlalchemy.engine.Engine", "message": "[generated in 0.00051s] ('users', 'r', 'p', 'f', 'v', 'm', 'pg_catalog')"}
{"asctime": "2026-03-23 07:24:35,261", "level": "INFO", "logger": "sqlalchemy.engine.Engine", "message": "SELECT pg_catalog.pg_class.relname \nFROM pg_catalog.pg_class JOIN pg_catalog.pg_namespace ON pg_catalog.pg_namespace.oid = pg_catalog.pg_class.relnamespace \nWHERE pg_catalog.pg_class.relname = $1::VARCHAR AND pg_catalog.pg_class.relkind = ANY (ARRAY[$2::VARCHAR, $3::VARCHAR, $4::VARCHAR, $5::VARCHAR, $6::VARCHAR]) AND pg_catalog.pg_table_is_visible(pg_catalog.pg_class.oid) AND pg_catalog.pg_namespace.nspname != $7::VARCHAR"}
{"asctime": "2026-03-23 07:24:35,262", "level": "INFO", "logger": "sqlalchemy.engine.Engine", "message": "[cached since 0.004652s ago] ('otps', 'r', 'p', 'f', 'v', 'm', 'pg_catalog')"}
{"asctime": "2026-03-23 07:24:35,263", "level": "INFO", "logger": "sqlalchemy.engine.Engine", "message": "SELECT pg_catalog.pg_class.relname \nFROM pg_catalog.pg_class JOIN pg_catalog.pg_namespace ON pg_catalog.pg_namespace.oid = pg_catalog.pg_class.relnamespace \nWHERE pg_catalog.pg_class.relname = $1::VARCHAR AND pg_catalog.pg_class.relkind = ANY (ARRAY[$2::VARCHAR, $3::VARCHAR, $4::VARCHAR, $5::VARCHAR, $6::VARCHAR]) AND pg_catalog.pg_table_is_visible(pg_catalog.pg_class.oid) AND pg_catalog.pg_namespace.nspname != $7::VARCHAR"}
{"asctime": "2026-03-23 07:24:35,263", "level": "INFO", "logger": "sqlalchemy.engine.Engine", "message": "[cached since 0.006528s ago] ('family_members', 'r', 'p', 'f', 'v', 'm', 'pg_catalog')"}
{"asctime": "2026-03-23 07:24:35,265", "level": "INFO", "logger": "sqlalchemy.engine.Engine", "message": "SELECT pg_catalog.pg_class.relname \nFROM pg_catalog.pg_class JOIN pg_catalog.pg_namespace ON pg_catalog.pg_namespace.oid = pg_catalog.pg_class.relnamespace \nWHERE pg_catalog.pg_class.relname = $1::VARCHAR AND pg_catalog.pg_class.relkind = ANY (ARRAY[$2::VARCHAR, $3::VARCHAR, $4::VARCHAR, $5::VARCHAR, $6::VARCHAR]) AND pg_catalog.pg_table_is_visible(pg_catalog.pg_class.oid) AND pg_catalog.pg_namespace.nspname != $7::VARCHAR"}
{"asctime": "2026-03-23 07:24:35,265", "level": "INFO", "logger": "sqlalchemy.engine.Engine", "message": "[cached since 0.007798s ago] ('medical_records', 'r', 'p', 'f', 'v', 'm', 'pg_catalog')"}
{"asctime": "2026-03-23 07:24:35,266", "level": "INFO", "logger": "sqlalchemy.engine.Engine", "message": "SELECT pg_catalog.pg_class.relname \nFROM pg_catalog.pg_class JOIN pg_catalog.pg_namespace ON pg_catalog.pg_namespace.oid = pg_catalog.pg_class.relnamespace \nWHERE pg_catalog.pg_class.relname = $1::VARCHAR AND pg_catalog.pg_class.relkind = ANY (ARRAY[$2::VARCHAR, $3::VARCHAR, $4::VARCHAR, $5::VARCHAR, $6::VARCHAR]) AND pg_catalog.pg_table_is_visible(pg_catalog.pg_class.oid) AND pg_catalog.pg_namespace.nspname != $7::VARCHAR"}
{"asctime": "2026-03-23 07:24:35,266", "level": "INFO", "logger": "sqlalchemy.engine.Engine", "message": "[cached since 0.00891s ago] ('prescriptions', 'r', 'p', 'f', 'v', 'm', 'pg_catalog')"}
{"asctime": "2026-03-23 07:24:35,267", "level": "INFO", "logger": "sqlalchemy.engine.Engine", "message": "SELECT pg_catalog.pg_class.relname \nFROM pg_catalog.pg_class JOIN pg_catalog.pg_namespace ON pg_catalog.pg_namespace.oid = pg_catalog.pg_class.relnamespace \nWHERE pg_catalog.pg_class.relname = $1::VARCHAR AND pg_catalog.pg_class.relkind = ANY (ARRAY[$2::VARCHAR, $3::VARCHAR, $4::VARCHAR, $5::VARCHAR, $6::VARCHAR]) AND pg_catalog.pg_table_is_visible(pg_catalog.pg_class.oid) AND pg_catalog.pg_namespace.nspname != $7::VARCHAR"}
{"asctime": "2026-03-23 07:24:35,269", "level": "INFO", "logger": "sqlalchemy.engine.Engine", "message": "[cached since 0.009868s ago] ('medicines', 'r', 'p', 'f', 'v', 'm', 'pg_catalog')"}
{"asctime": "2026-03-23 07:24:35,270", "level": "INFO", "logger": "sqlalchemy.engine.Engine", "message": "SELECT pg_catalog.pg_class.relname \nFROM pg_catalog.pg_class JOIN pg_catalog.pg_namespace ON pg_catalog.pg_namespace.oid = pg_catalog.pg_class.relnamespace \nWHERE pg_catalog.pg_class.relname = $1::VARCHAR AND pg_catalog.pg_class.relkind = ANY (ARRAY[$2::VARCHAR, $3::VARCHAR, $4::VARCHAR, $5::VARCHAR, $6::VARCHAR]) AND pg_catalog.pg_table_is_visible(pg_catalog.pg_class.oid) AND pg_catalog.pg_namespace.nspname != $7::VARCHAR"}
{"asctime": "2026-03-23 07:24:35,270", "level": "INFO", "logger": "sqlalchemy.engine.Engine", "message": "[cached since 0.01253s ago] ('medication_schedules', 'r', 'p', 'f', 'v', 'm', 'pg_catalog')"}
{"asctime": "2026-03-23 07:24:35,271", "level": "INFO", "logger": "sqlalchemy.engine.Engine", "message": "SELECT pg_catalog.pg_class.relname \nFROM pg_catalog.pg_class JOIN pg_catalog.pg_namespace ON pg_catalog.pg_namespace.oid = pg_catalog.pg_class.relnamespace \nWHERE pg_catalog.pg_class.relname = $1::VARCHAR AND pg_catalog.pg_class.relkind = ANY (ARRAY[$2::VARCHAR, $3::VARCHAR, $4::VARCHAR, $5::VARCHAR, $6::VARCHAR]) AND pg_catalog.pg_table_is_visible(pg_catalog.pg_class.oid) AND pg_catalog.pg_namespace.nspname != $7::VARCHAR"}
{"asctime": "2026-03-23 07:24:35,271", "level": "INFO", "logger": "sqlalchemy.engine.Engine", "message": "[cached since 0.01335s ago] ('health_metrics', 'r', 'p', 'f', 'v', 'm', 'pg_catalog')"}
{"asctime": "2026-03-23 07:24:35,271", "level": "INFO", "logger": "sqlalchemy.engine.Engine", "message": "SELECT pg_catalog.pg_class.relname \nFROM pg_catalog.pg_class JOIN pg_catalog.pg_namespace ON pg_catalog.pg_namespace.oid = pg_catalog.pg_class.relnamespace \nWHERE pg_catalog.pg_class.relname = $1::VARCHAR AND pg_catalog.pg_class.relkind = ANY (ARRAY[$2::VARCHAR, $3::VARCHAR, $4::VARCHAR, $5::VARCHAR, $6::VARCHAR]) AND pg_catalog.pg_table_is_visible(pg_catalog.pg_class.oid) AND pg_catalog.pg_namespace.nspname != $7::VARCHAR"}
{"asctime": "2026-03-23 07:24:35,272", "level": "INFO", "logger": "sqlalchemy.engine.Engine", "message": "[cached since 0.01414s ago] ('emergency_contacts', 'r', 'p', 'f', 'v', 'm', 'pg_catalog')"}
{"asctime": "2026-03-23 07:24:35,272", "level": "INFO", "logger": "sqlalchemy.engine.Engine", "message": "SELECT pg_catalog.pg_class.relname \nFROM pg_catalog.pg_class JOIN pg_catalog.pg_namespace ON pg_catalog.pg_namespace.oid = pg_catalog.pg_class.relnamespace \nWHERE pg_catalog.pg_class.relname = $1::VARCHAR AND pg_catalog.pg_class.relkind = ANY (ARRAY[$2::VARCHAR, $3::VARCHAR, $4::VARCHAR, $5::VARCHAR, $6::VARCHAR]) AND pg_catalog.pg_table_is_visible(pg_catalog.pg_class.oid) AND pg_catalog.pg_namespace.nspname != $7::VARCHAR"}
{"asctime": "2026-03-23 07:24:35,272", "level": "INFO", "logger": "sqlalchemy.engine.Engine", "message": "[cached since 0.01494s ago] ('ai_conversations', 'r', 'p', 'f', 'v', 'm', 'pg_catalog')"}
{"asctime": "2026-03-23 07:24:35,273", "level": "INFO", "logger": "sqlalchemy.engine.Engine", "message": "COMMIT"}
{"asctime": "2026-03-23 07:24:35,347", "level": "DEBUG", "logger": "tzlocal", "message": "Looking up time zone info from registry"}
{"asctime": "2026-03-23 07:24:35,351", "level": "INFO", "logger": "app.services.reminder_worker", "message": "[ReminderWorker] APScheduler started (5-min reminders + 08:00 refill alerts)"}
{"asctime": "2026-03-23 07:24:35,351", "level": "WARNING", "logger": "app.services.notification_service", "message": "FIREBASE_CREDENTIALS_PATH not set \u2014 push notifications disabled."}
{"asctime": "2026-03-23 07:24:35,352", "level": "WARNING", "logger": "app.services.notification_service", "message": "ENCRYPTION_KEY not set \u2014 using derived key. Set ENCRYPTION_KEY in .env for production security."}
{"asctime": "2026-03-23 07:24:35,384", "level": "INFO", "logger": "app.services.cache_service", "message": "Redis connected: redis://localhost:6379/0"}
{"asctime": "2026-03-23 07:24:35,385", "level": "INFO", "logger": "main", "message": "VitaPulse AI v1.0.0 started"}
{"asctime": "2026-03-23 07:24:35,386", "level": "INFO", "logger": "main", "message": "API docs: http://localhost:8000/docs"}
{"asctime": "2026-03-23 07:29:35,366", "level": "INFO", "logger": "sqlalchemy.engine.Engine", "message": "BEGIN (implicit)"}
{"asctime": "2026-03-23 07:29:35,370", "level": "INFO", "logger": "sqlalchemy.engine.Engine", "message": "SELECT * FROM fn_get_due_reminders($1)"}
{"asctime": "2026-03-23 07:29:35,372", "level": "INFO", "logger": "sqlalchemy.engine.Engine", "message": "[generated in 0.00228s] (5,)"}
{"asctime": "2026-03-23 07:29:35,386", "level": "INFO", "logger": "sqlalchemy.engine.Engine", "message": "ROLLBACK"}
{"asctime": "2026-03-23 07:29:35,388", "level": "INFO", "logger": "app.services.reminder_worker", "message": "[ReminderWorker] Checking reminders at 01:59 \u2014 0 due"}
{"asctime": "2026-03-23 07:34:35,364", "level": "INFO", "logger": "sqlalchemy.engine.Engine", "message": "BEGIN (implicit)"}
{"asctime": "2026-03-23 07:34:35,365", "level": "INFO", "logger": "sqlalchemy.engine.Engine", "message": "SELECT * FROM fn_get_due_reminders($1)"}
{"asctime": "2026-03-23 07:34:35,366", "level": "INFO", "logger": "sqlalchemy.engine.Engine", "message": "[cached since 300s ago] (5,)"}
{"asctime": "2026-03-23 07:34:35,369", "level": "INFO", "logger": "sqlalchemy.engine.Engine", "message": "ROLLBACK"}
{"asctime": "2026-03-23 07:34:35,371", "level": "INFO", "logger": "app.services.reminder_worker", "message": "[ReminderWorker] Checking reminders at 02:04 \u2014 0 due"}
{"asctime": "2026-03-23 07:53:13,194", "level": "WARNING", "logger": "apscheduler.executors.default", "message": "Run time of job \"_dispatch_reminders (trigger: interval[0:05:00], next run at: 2026-03-23 07:54:35 IST)\" was missed by 0:03:37.845249"}
{"asctime": "2026-03-23 10:48:14,861", "level": "WARNING", "logger": "apscheduler.executors.default", "message": "Run time of job \"_dispatch_reminders (trigger: interval[0:05:00], next run at: 2026-03-23 10:49:35 IST)\" was missed by 0:03:39.512062"}
{"asctime": "2026-03-23 10:49:35,377", "level": "INFO", "logger": "sqlalchemy.engine.Engine", "message": "BEGIN (implicit)"}
{"asctime": "2026-03-23 10:49:35,382", "level": "INFO", "logger": "sqlalchemy.engine.Engine", "message": "SELECT * FROM fn_get_due_reminders($1)"}
{"asctime": "2026-03-23 10:49:35,384", "level": "INFO", "logger": "sqlalchemy.engine.Engine", "message": "[cached since 1.2e+04s ago] (5,)"}
{"asctime": "2026-03-23 10:49:35,387", "level": "INFO", "logger": "sqlalchemy.engine.Engine", "message": "ROLLBACK"}
{"asctime": "2026-03-23 10:49:35,389", "level": "INFO", "logger": "app.services.reminder_worker", "message": "[ReminderWorker] Checking reminders at 05:19 \u2014 0 due"}
{"asctime": "2026-03-23 10:54:35,446", "level": "INFO", "logger": "sqlalchemy.engine.Engine", "message": "BEGIN (implicit)"}
{"asctime": "2026-03-23 10:54:35,463", "level": "INFO", "logger": "sqlalchemy.engine.Engine", "message": "SELECT * FROM fn_get_due_reminders($1)"}
{"asctime": "2026-03-23 10:54:35,467", "level": "INFO", "logger": "sqlalchemy.engine.Engine", "message": "[cached since 1.23e+04s ago] (5,)"}
{"asctime": "2026-03-23 10:54:35,471", "level": "INFO", "logger": "sqlalchemy.engine.Engine", "message": "ROLLBACK"}
{"asctime": "2026-03-23 10:54:35,475", "level": "INFO", "logger": "app.services.reminder_worker", "message": "[ReminderWorker] Checking reminders at 05:24 \u2014 0 due"}
{"asctime": "2026-03-23 10:59:35,354", "level": "INFO", "logger": "sqlalchemy.engine.Engine", "message": "BEGIN (implicit)"}
{"asctime": "2026-03-23 10:59:35,378", "level": "INFO", "logger": "sqlalchemy.engine.Engine", "message": "SELECT * FROM fn_get_due_reminders($1)"}
{"asctime": "2026-03-23 10:59:35,422", "level": "INFO", "logger": "sqlalchemy.engine.Engine", "message": "[cached since 1.26e+04s ago] (5,)"}
{"asctime": "2026-03-23 10:59:35,561", "level": "INFO", "logger": "sqlalchemy.engine.Engine", "message": "ROLLBACK"}
{"asctime": "2026-03-23 10:59:35,563", "level": "INFO", "logger": "app.services.reminder_worker", "message": "[ReminderWorker] Checking reminders at 05:29 \u2014 0 due"}
{"asctime": "2026-03-23 11:01:17,047", "level": "INFO", "logger": "app.services.reminder_worker", "message": "[ReminderWorker] Scheduler stopped."}
{"asctime": "2026-03-23 11:01:17,049", "level": "INFO", "logger": "main", "message": "VitaPulse AI shut down"}
{"asctime": "2026-03-23 11:01:19,033", "level": "DEBUG", "logger": "passlib.utils.compat", "message": "loaded lazy attr 'SafeConfigParser': <class 'configparser.ConfigParser'>"}
{"asctime": "2026-03-23 11:01:19,033", "level": "DEBUG", "logger": "passlib.utils.compat", "message": "loaded lazy attr 'NativeStringIO': <class '_io.StringIO'>"}
{"asctime": "2026-03-23 11:01:19,033", "level": "DEBUG", "logger": "passlib.utils.compat", "message": "loaded lazy attr 'BytesIO': <class '_io.BytesIO'>"}
{"asctime": "2026-03-23 11:01:19,040", "level": "DEBUG", "logger": "passlib.registry", "message": "registered 'bcrypt' handler: <class 'passlib.handlers.bcrypt.bcrypt'>"}
{"asctime": "2026-03-23 11:01:19,855", "level": "INFO", "logger": "sqlalchemy.engine.Engine", "message": "select pg_catalog.version()"}
{"asctime": "2026-03-23 11:01:19,856", "level": "INFO", "logger": "sqlalchemy.engine.Engine", "message": "[raw sql] ()"}
{"asctime": "2026-03-23 11:01:19,859", "level": "INFO", "logger": "sqlalchemy.engine.Engine", "message": "select current_schema()"}
{"asctime": "2026-03-23 11:01:19,859", "level": "INFO", "logger": "sqlalchemy.engine.Engine", "message": "[raw sql] ()"}
{"asctime": "2026-03-23 11:01:19,859", "level": "INFO", "logger": "sqlalchemy.engine.Engine", "message": "show standard_conforming_strings"}
{"asctime": "2026-03-23 11:01:19,859", "level": "INFO", "logger": "sqlalchemy.engine.Engine", "message": "[raw sql] ()"}
{"asctime": "2026-03-23 11:01:19,859", "level": "INFO", "logger": "sqlalchemy.engine.Engine", "message": "BEGIN (implicit)"}
{"asctime": "2026-03-23 11:01:19,859", "level": "INFO", "logger": "sqlalchemy.engine.Engine", "message": "SELECT pg_catalog.pg_class.relname \nFROM pg_catalog.pg_class JOIN pg_catalog.pg_namespace ON pg_catalog.pg_namespace.oid = pg_catalog.pg_class.relnamespace \nWHERE pg_catalog.pg_class.relname = $1::VARCHAR AND pg_catalog.pg_class.relkind = ANY (ARRAY[$2::VARCHAR, $3::VARCHAR, $4::VARCHAR, $5::VARCHAR, $6::VARCHAR]) AND pg_catalog.pg_table_is_visible(pg_catalog.pg_class.oid) AND pg_catalog.pg_namespace.nspname != $7::VARCHAR"}
{"asctime": "2026-03-23 11:01:19,859", "level": "INFO", "logger": "sqlalchemy.engine.Engine", "message": "[generated in 0.00103s] ('users', 'r', 'p', 'f', 'v', 'm', 'pg_catalog')"}
{"asctime": "2026-03-23 11:01:19,871", "level": "INFO", "logger": "sqlalchemy.engine.Engine", "message": "SELECT pg_catalog.pg_class.relname \nFROM pg_catalog.pg_class JOIN pg_catalog.pg_namespace ON pg_catalog.pg_namespace.oid = pg_catalog.pg_class.relnamespace \nWHERE pg_catalog.pg_class.relname = $1::VARCHAR AND pg_catalog.pg_class.relkind = ANY (ARRAY[$2::VARCHAR, $3::VARCHAR, $4::VARCHAR, $5::VARCHAR, $6::VARCHAR]) AND pg_catalog.pg_table_is_visible(pg_catalog.pg_class.oid) AND pg_catalog.pg_namespace.nspname != $7::VARCHAR"}
{"asctime": "2026-03-23 11:01:19,871", "level": "INFO", "logger": "sqlalchemy.engine.Engine", "message": "[cached since 0.007527s ago] ('otps', 'r', 'p', 'f', 'v', 'm', 'pg_catalog')"}
{"asctime": "2026-03-23 11:01:19,871", "level": "INFO", "logger": "sqlalchemy.engine.Engine", "message": "SELECT pg_catalog.pg_class.relname \nFROM pg_catalog.pg_class JOIN pg_catalog.pg_namespace ON pg_catalog.pg_namespace.oid = pg_catalog.pg_class.relnamespace \nWHERE pg_catalog.pg_class.relname = $1::VARCHAR AND pg_catalog.pg_class.relkind = ANY (ARRAY[$2::VARCHAR, $3::VARCHAR, $4::VARCHAR, $5::VARCHAR, $6::VARCHAR]) AND pg_catalog.pg_table_is_visible(pg_catalog.pg_class.oid) AND pg_catalog.pg_namespace.nspname != $7::VARCHAR"}
{"asctime": "2026-03-23 11:01:19,871", "level": "INFO", "logger": "sqlalchemy.engine.Engine", "message": "[cached since 0.009705s ago] ('family_members', 'r', 'p', 'f', 'v', 'm', 'pg_catalog')"}
{"asctime": "2026-03-23 11:01:19,871", "level": "INFO", "logger": "sqlalchemy.engine.Engine", "message": "SELECT pg_catalog.pg_class.relname \nFROM pg_catalog.pg_class JOIN pg_catalog.pg_namespace ON pg_catalog.pg_namespace.oid = pg_catalog.pg_class.relnamespace \nWHERE pg_catalog.pg_class.relname = $1::VARCHAR AND pg_catalog.pg_class.relkind = ANY (ARRAY[$2::VARCHAR, $3::VARCHAR, $4::VARCHAR, $5::VARCHAR, $6::VARCHAR]) AND pg_catalog.pg_table_is_visible(pg_catalog.pg_class.oid) AND pg_catalog.pg_namespace.nspname != $7::VARCHAR"}
{"asctime": "2026-03-23 11:01:19,871", "level": "INFO", "logger": "sqlalchemy.engine.Engine", "message": "[cached since 0.01176s ago] ('medical_records', 'r', 'p', 'f', 'v', 'm', 'pg_catalog')"}
{"asctime": "2026-03-23 11:01:19,871", "level": "INFO", "logger": "sqlalchemy.engine.Engine", "message": "SELECT pg_catalog.pg_class.relname \nFROM pg_catalog.pg_class JOIN pg_catalog.pg_namespace ON pg_catalog.pg_namespace.oid = pg_catalog.pg_class.relnamespace \nWHERE pg_catalog.pg_class.relname = $1::VARCHAR AND pg_catalog.pg_class.relkind = ANY (ARRAY[$2::VARCHAR, $3::VARCHAR, $4::VARCHAR, $5::VARCHAR, $6::VARCHAR]) AND pg_catalog.pg_table_is_visible(pg_catalog.pg_class.oid) AND pg_catalog.pg_namespace.nspname != $7::VARCHAR"}
{"asctime": "2026-03-23 11:01:19,871", "level": "INFO", "logger": "sqlalchemy.engine.Engine", "message": "[cached since 0.0138s ago] ('prescriptions', 'r', 'p', 'f', 'v', 'm', 'pg_catalog')"}
{"asctime": "2026-03-23 11:01:19,871", "level": "INFO", "logger": "sqlalchemy.engine.Engine", "message": "SELECT pg_catalog.pg_class.relname \nFROM pg_catalog.pg_class JOIN pg_catalog.pg_namespace ON pg_catalog.pg_namespace.oid = pg_catalog.pg_class.relnamespace \nWHERE pg_catalog.pg_class.relname = $1::VARCHAR AND pg_catalog.pg_class.relkind = ANY (ARRAY[$2::VARCHAR, $3::VARCHAR, $4::VARCHAR, $5::VARCHAR, $6::VARCHAR]) AND pg_catalog.pg_table_is_visible(pg_catalog.pg_class.oid) AND pg_catalog.pg_namespace.nspname != $7::VARCHAR"}
{"asctime": "2026-03-23 11:01:19,871", "level": "INFO", "logger": "sqlalchemy.engine.Engine", "message": "[cached since 0.01578s ago] ('medicines', 'r', 'p', 'f', 'v', 'm', 'pg_catalog')"}
{"asctime": "2026-03-23 11:01:19,871", "level": "INFO", "logger": "sqlalchemy.engine.Engine", "message": "SELECT pg_catalog.pg_class.relname \nFROM pg_catalog.pg_class JOIN pg_catalog.pg_namespace ON pg_catalog.pg_namespace.oid = pg_catalog.pg_class.relnamespace \nWHERE pg_catalog.pg_class.relname = $1::VARCHAR AND pg_catalog.pg_class.relkind = ANY (ARRAY[$2::VARCHAR, $3::VARCHAR, $4::VARCHAR, $5::VARCHAR, $6::VARCHAR]) AND pg_catalog.pg_table_is_visible(pg_catalog.pg_class.oid) AND pg_catalog.pg_namespace.nspname != $7::VARCHAR"}
{"asctime": "2026-03-23 11:01:19,871", "level": "INFO", "logger": "sqlalchemy.engine.Engine", "message": "[cached since 0.01766s ago] ('medication_schedules', 'r', 'p', 'f', 'v', 'm', 'pg_catalog')"}
{"asctime": "2026-03-23 11:01:19,885", "level": "INFO", "logger": "sqlalchemy.engine.Engine", "message": "SELECT pg_catalog.pg_class.relname \nFROM pg_catalog.pg_class JOIN pg_catalog.pg_namespace ON pg_catalog.pg_namespace.oid = pg_catalog.pg_class.relnamespace \nWHERE pg_catalog.pg_class.relname = $1::VARCHAR AND pg_catalog.pg_class.relkind = ANY (ARRAY[$2::VARCHAR, $3::VARCHAR, $4::VARCHAR, $5::VARCHAR, $6::VARCHAR]) AND pg_catalog.pg_table_is_visible(pg_catalog.pg_class.oid) AND pg_catalog.pg_namespace.nspname != $7::VARCHAR"}
{"asctime": "2026-03-23 11:01:19,885", "level": "INFO", "logger": "sqlalchemy.engine.Engine", "message": "[cached since 0.01923s ago] ('health_metrics', 'r', 'p', 'f', 'v', 'm', 'pg_catalog')"}
{"asctime": "2026-03-23 11:01:19,885", "level": "INFO", "logger": "sqlalchemy.engine.Engine", "message": "SELECT pg_catalog.pg_class.relname \nFROM pg_catalog.pg_class JOIN pg_catalog.pg_namespace ON pg_catalog.pg_namespace.oid = pg_catalog.pg_class.relnamespace \nWHERE pg_catalog.pg_class.relname = $1::VARCHAR AND pg_catalog.pg_class.relkind = ANY (ARRAY[$2::VARCHAR, $3::VARCHAR, $4::VARCHAR, $5::VARCHAR, $6::VARCHAR]) AND pg_catalog.pg_table_is_visible(pg_catalog.pg_class.oid) AND pg_catalog.pg_namespace.nspname != $7::VARCHAR"}
{"asctime": "2026-03-23 11:01:19,888", "level": "INFO", "logger": "sqlalchemy.engine.Engine", "message": "[cached since 0.0213s ago] ('emergency_contacts', 'r', 'p', 'f', 'v', 'm', 'pg_catalog')"}
{"asctime": "2026-03-23 11:01:19,888", "level": "INFO", "logger": "sqlalchemy.engine.Engine", "message": "SELECT pg_catalog.pg_class.relname \nFROM pg_catalog.pg_class JOIN pg_catalog.pg_namespace ON pg_catalog.pg_namespace.oid = pg_catalog.pg_class.relnamespace \nWHERE pg_catalog.pg_class.relname = $1::VARCHAR AND pg_catalog.pg_class.relkind = ANY (ARRAY[$2::VARCHAR, $3::VARCHAR, $4::VARCHAR, $5::VARCHAR, $6::VARCHAR]) AND pg_catalog.pg_table_is_visible(pg_catalog.pg_class.oid) AND pg_catalog.pg_namespace.nspname != $7::VARCHAR"}
{"asctime": "2026-03-23 11:01:19,889", "level": "INFO", "logger": "sqlalchemy.engine.Engine", "message": "[cached since 0.02279s ago] ('ai_conversations', 'r', 'p', 'f', 'v', 'm', 'pg_catalog')"}
{"asctime": "2026-03-23 11:01:19,890", "level": "INFO", "logger": "sqlalchemy.engine.Engine", "message": "COMMIT"}
{"asctime": "2026-03-23 11:01:19,998", "level": "DEBUG", "logger": "tzlocal", "message": "Looking up time zone info from registry"}
{"asctime": "2026-03-23 11:01:20,004", "level": "INFO", "logger": "app.services.reminder_worker", "message": "[ReminderWorker] APScheduler started (5-min reminders + 08:00 refill alerts)"}
{"asctime": "2026-03-23 11:01:20,004", "level": "WARNING", "logger": "app.services.notification_service", "message": "FIREBASE_CREDENTIALS_PATH not set \u2014 push notifications disabled."}
{"asctime": "2026-03-23 11:01:20,004", "level": "WARNING", "logger": "app.services.notification_service", "message": "ENCRYPTION_KEY not set \u2014 using derived key. Set ENCRYPTION_KEY in .env for production security."}
{"asctime": "2026-03-23 11:01:20,071", "level": "INFO", "logger": "app.services.cache_service", "message": "Redis connected: redis://localhost:6379/0"}
{"asctime": "2026-03-23 11:01:20,071", "level": "INFO", "logger": "main", "message": "VitaPulse AI v1.0.0 started"}
{"asctime": "2026-03-23 11:01:20,071", "level": "INFO", "logger": "main", "message": "API docs: http://localhost:8000/docs"}
{"asctime": "2026-03-23 11:02:26,009", "level": "INFO", "logger": "app.services.reminder_worker", "message": "[ReminderWorker] Scheduler stopped."}
{"asctime": "2026-03-23 11:02:26,011", "level": "INFO", "logger": "main", "message": "VitaPulse AI shut down"}
{"asctime": "2026-03-23 11:02:27,460", "level": "DEBUG", "logger": "passlib.utils.compat", "message": "loaded lazy attr 'SafeConfigParser': <class 'configparser.ConfigParser'>"}
{"asctime": "2026-03-23 11:02:27,460", "level": "DEBUG", "logger": "passlib.utils.compat", "message": "loaded lazy attr 'NativeStringIO': <class '_io.StringIO'>"}
{"asctime": "2026-03-23 11:02:27,461", "level": "DEBUG", "logger": "passlib.utils.compat", "message": "loaded lazy attr 'BytesIO': <class '_io.BytesIO'>"}
{"asctime": "2026-03-23 11:02:27,465", "level": "DEBUG", "logger": "passlib.registry", "message": "registered 'bcrypt' handler: <class 'passlib.handlers.bcrypt.bcrypt'>"}
{"asctime": "2026-03-23 11:02:28,086", "level": "INFO", "logger": "sqlalchemy.engine.Engine", "message": "select pg_catalog.version()"}
{"asctime": "2026-03-23 11:02:28,087", "level": "INFO", "logger": "sqlalchemy.engine.Engine", "message": "[raw sql] ()"}
{"asctime": "2026-03-23 11:02:28,090", "level": "INFO", "logger": "sqlalchemy.engine.Engine", "message": "select current_schema()"}
{"asctime": "2026-03-23 11:02:28,090", "level": "INFO", "logger": "sqlalchemy.engine.Engine", "message": "[raw sql] ()"}
{"asctime": "2026-03-23 11:02:28,092", "level": "INFO", "logger": "sqlalchemy.engine.Engine", "message": "show standard_conforming_strings"}
{"asctime": "2026-03-23 11:02:28,092", "level": "INFO", "logger": "sqlalchemy.engine.Engine", "message": "[raw sql] ()"}
{"asctime": "2026-03-23 11:02:28,094", "level": "INFO", "logger": "sqlalchemy.engine.Engine", "message": "BEGIN (implicit)"}
{"asctime": "2026-03-23 11:02:28,097", "level": "INFO", "logger": "sqlalchemy.engine.Engine", "message": "SELECT pg_catalog.pg_class.relname \nFROM pg_catalog.pg_class JOIN pg_catalog.pg_namespace ON pg_catalog.pg_namespace.oid = pg_catalog.pg_class.relnamespace \nWHERE pg_catalog.pg_class.relname = $1::VARCHAR AND pg_catalog.pg_class.relkind = ANY (ARRAY[$2::VARCHAR, $3::VARCHAR, $4::VARCHAR, $5::VARCHAR, $6::VARCHAR]) AND pg_catalog.pg_table_is_visible(pg_catalog.pg_class.oid) AND pg_catalog.pg_namespace.nspname != $7::VARCHAR"}
{"asctime": "2026-03-23 11:02:28,097", "level": "INFO", "logger": "sqlalchemy.engine.Engine", "message": "[generated in 0.00072s] ('users', 'r', 'p', 'f', 'v', 'm', 'pg_catalog')"}
{"asctime": "2026-03-23 11:02:28,103", "level": "INFO", "logger": "sqlalchemy.engine.Engine", "message": "SELECT pg_catalog.pg_class.relname \nFROM pg_catalog.pg_class JOIN pg_catalog.pg_namespace ON pg_catalog.pg_namespace.oid = pg_catalog.pg_class.relnamespace \nWHERE pg_catalog.pg_class.relname = $1::VARCHAR AND pg_catalog.pg_class.relkind = ANY (ARRAY[$2::VARCHAR, $3::VARCHAR, $4::VARCHAR, $5::VARCHAR, $6::VARCHAR]) AND pg_catalog.pg_table_is_visible(pg_catalog.pg_class.oid) AND pg_catalog.pg_namespace.nspname != $7::VARCHAR"}
{"asctime": "2026-03-23 11:02:28,103", "level": "INFO", "logger": "sqlalchemy.engine.Engine", "message": "[cached since 0.006531s ago] ('otps', 'r', 'p', 'f', 'v', 'm', 'pg_catalog')"}
{"asctime": "2026-03-23 11:02:28,105", "level": "INFO", "logger": "sqlalchemy.engine.Engine", "message": "SELECT pg_catalog.pg_class.relname \nFROM pg_catalog.pg_class JOIN pg_catalog.pg_namespace ON pg_catalog.pg_namespace.oid = pg_catalog.pg_class.relnamespace \nWHERE pg_catalog.pg_class.relname = $1::VARCHAR AND pg_catalog.pg_class.relkind = ANY (ARRAY[$2::VARCHAR, $3::VARCHAR, $4::VARCHAR, $5::VARCHAR, $6::VARCHAR]) AND pg_catalog.pg_table_is_visible(pg_catalog.pg_class.oid) AND pg_catalog.pg_namespace.nspname != $7::VARCHAR"}
{"asctime": "2026-03-23 11:02:28,105", "level": "INFO", "logger": "sqlalchemy.engine.Engine", "message": "[cached since 0.009214s ago] ('family_members', 'r', 'p', 'f', 'v', 'm', 'pg_catalog')"}
{"asctime": "2026-03-23 11:02:28,107", "level": "INFO", "logger": "sqlalchemy.engine.Engine", "message": "SELECT pg_catalog.pg_class.relname \nFROM pg_catalog.pg_class JOIN pg_catalog.pg_namespace ON pg_catalog.pg_namespace.oid = pg_catalog.pg_class.relnamespace \nWHERE pg_catalog.pg_class.relname = $1::VARCHAR AND pg_catalog.pg_class.relkind = ANY (ARRAY[$2::VARCHAR, $3::VARCHAR, $4::VARCHAR, $5::VARCHAR, $6::VARCHAR]) AND pg_catalog.pg_table_is_visible(pg_catalog.pg_class.oid) AND pg_catalog.pg_namespace.nspname != $7::VARCHAR"}
{"asctime": "2026-03-23 11:02:28,108", "level": "INFO", "logger": "sqlalchemy.engine.Engine", "message": "[cached since 0.01142s ago] ('medical_records', 'r', 'p', 'f', 'v', 'm', 'pg_catalog')"}
{"asctime": "2026-03-23 11:02:28,109", "level": "INFO", "logger": "sqlalchemy.engine.Engine", "message": "SELECT pg_catalog.pg_class.relname \nFROM pg_catalog.pg_class JOIN pg_catalog.pg_namespace ON pg_catalog.pg_namespace.oid = pg_catalog.pg_class.relnamespace \nWHERE pg_catalog.pg_class.relname = $1::VARCHAR AND pg_catalog.pg_class.relkind = ANY (ARRAY[$2::VARCHAR, $3::VARCHAR, $4::VARCHAR, $5::VARCHAR, $6::VARCHAR]) AND pg_catalog.pg_table_is_visible(pg_catalog.pg_class.oid) AND pg_catalog.pg_namespace.nspname != $7::VARCHAR"}
{"asctime": "2026-03-23 11:02:28,109", "level": "INFO", "logger": "sqlalchemy.engine.Engine", "message": "[cached since 0.0133s ago] ('prescriptions', 'r', 'p', 'f', 'v', 'm', 'pg_catalog')"}
{"asctime": "2026-03-23 11:02:28,110", "level": "INFO", "logger": "sqlalchemy.engine.Engine", "message": "SELECT pg_catalog.pg_class.relname \nFROM pg_catalog.pg_class JOIN pg_catalog.pg_namespace ON pg_catalog.pg_namespace.oid = pg_catalog.pg_class.relnamespace \nWHERE pg_catalog.pg_class.relname = $1::VARCHAR AND pg_catalog.pg_class.relkind = ANY (ARRAY[$2::VARCHAR, $3::VARCHAR, $4::VARCHAR, $5::VARCHAR, $6::VARCHAR]) AND pg_catalog.pg_table_is_visible(pg_catalog.pg_class.oid) AND pg_catalog.pg_namespace.nspname != $7::VARCHAR"}
{"asctime": "2026-03-23 11:02:28,111", "level": "INFO", "logger": "sqlalchemy.engine.Engine", "message": "[cached since 0.01513s ago] ('medicines', 'r', 'p', 'f', 'v', 'm', 'pg_catalog')"}
{"asctime": "2026-03-23 11:02:28,112", "level": "INFO", "logger": "sqlalchemy.engine.Engine", "message": "SELECT pg_catalog.pg_class.relname \nFROM pg_catalog.pg_class JOIN pg_catalog.pg_namespace ON pg_catalog.pg_namespace.oid = pg_catalog.pg_class.relnamespace \nWHERE pg_catalog.pg_class.relname = $1::VARCHAR AND pg_catalog.pg_class.relkind = ANY (ARRAY[$2::VARCHAR, $3::VARCHAR, $4::VARCHAR, $5::VARCHAR, $6::VARCHAR]) AND pg_catalog.pg_table_is_visible(pg_catalog.pg_class.oid) AND pg_catalog.pg_namespace.nspname != $7::VARCHAR"}
{"asctime": "2026-03-23 11:02:28,113", "level": "INFO", "logger": "sqlalchemy.engine.Engine", "message": "[cached since 0.01646s ago] ('medication_schedules', 'r', 'p', 'f', 'v', 'm', 'pg_catalog')"}
{"asctime": "2026-03-23 11:02:28,113", "level": "INFO", "logger": "sqlalchemy.engine.Engine", "message": "SELECT pg_catalog.pg_class.relname \nFROM pg_catalog.pg_class JOIN pg_catalog.pg_namespace ON pg_catalog.pg_namespace.oid = pg_catalog.pg_class.relnamespace \nWHERE pg_catalog.pg_class.relname = $1::VARCHAR AND pg_catalog.pg_class.relkind = ANY (ARRAY[$2::VARCHAR, $3::VARCHAR, $4::VARCHAR, $5::VARCHAR, $6::VARCHAR]) AND pg_catalog.pg_table_is_visible(pg_catalog.pg_class.oid) AND pg_catalog.pg_namespace.nspname != $7::VARCHAR"}
{"asctime": "2026-03-23 11:02:28,114", "level": "INFO", "logger": "sqlalchemy.engine.Engine", "message": "[cached since 0.01802s ago] ('health_metrics', 'r', 'p', 'f', 'v', 'm', 'pg_catalog')"}
{"asctime": "2026-03-23 11:02:28,115", "level": "INFO", "logger": "sqlalchemy.engine.Engine", "message": "SELECT pg_catalog.pg_class.relname \nFROM pg_catalog.pg_class JOIN pg_catalog.pg_namespace ON pg_catalog.pg_namespace.oid = pg_catalog.pg_class.relnamespace \nWHERE pg_catalog.pg_class.relname = $1::VARCHAR AND pg_catalog.pg_class.relkind = ANY (ARRAY[$2::VARCHAR, $3::VARCHAR, $4::VARCHAR, $5::VARCHAR, $6::VARCHAR]) AND pg_catalog.pg_table_is_visible(pg_catalog.pg_class.oid) AND pg_catalog.pg_namespace.nspname != $7::VARCHAR"}
{"asctime": "2026-03-23 11:02:28,116", "level": "INFO", "logger": "sqlalchemy.engine.Engine", "message": "[cached since 0.01955s ago] ('emergency_contacts', 'r', 'p', 'f', 'v', 'm', 'pg_catalog')"}
{"asctime": "2026-03-23 11:02:28,116", "level": "INFO", "logger": "sqlalchemy.engine.Engine", "message": "SELECT pg_catalog.pg_class.relname \nFROM pg_catalog.pg_class JOIN pg_catalog.pg_namespace ON pg_catalog.pg_namespace.oid = pg_catalog.pg_class.relnamespace \nWHERE pg_catalog.pg_class.relname = $1::VARCHAR AND pg_catalog.pg_class.relkind = ANY (ARRAY[$2::VARCHAR, $3::VARCHAR, $4::VARCHAR, $5::VARCHAR, $6::VARCHAR]) AND pg_catalog.pg_table_is_visible(pg_catalog.pg_class.oid) AND pg_catalog.pg_namespace.nspname != $7::VARCHAR"}
{"asctime": "2026-03-23 11:02:28,117", "level": "INFO", "logger": "sqlalchemy.engine.Engine", "message": "[cached since 0.02084s ago] ('ai_conversations', 'r', 'p', 'f', 'v', 'm', 'pg_catalog')"}
{"asctime": "2026-03-23 11:02:28,118", "level": "INFO", "logger": "sqlalchemy.engine.Engine", "message": "COMMIT"}
{"asctime": "2026-03-23 11:02:28,196", "level": "DEBUG", "logger": "tzlocal", "message": "Looking up time zone info from registry"}
{"asctime": "2026-03-23 11:02:28,201", "level": "INFO", "logger": "app.services.reminder_worker", "message": "[ReminderWorker] APScheduler started (5-min reminders + 08:00 refill alerts)"}
{"asctime": "2026-03-23 11:02:28,202", "level": "WARNING", "logger": "app.services.notification_service", "message": "FIREBASE_CREDENTIALS_PATH not set \u2014 push notifications disabled."}
{"asctime": "2026-03-23 11:02:28,202", "level": "WARNING", "logger": "app.services.notification_service", "message": "ENCRYPTION_KEY not set \u2014 using derived key. Set ENCRYPTION_KEY in .env for production security."}
{"asctime": "2026-03-23 11:02:28,273", "level": "INFO", "logger": "app.services.cache_service", "message": "Redis connected: redis://localhost:6379/0"}
{"asctime": "2026-03-23 11:02:28,274", "level": "INFO", "logger": "main", "message": "VitaPulse AI v1.0.0 started"}
{"asctime": "2026-03-23 11:02:28,275", "level": "INFO", "logger": "main", "message": "API docs: http://localhost:8000/docs"}
{"asctime": "2026-03-23 11:02:40,799", "level": "INFO", "logger": "app.services.reminder_worker", "message": "[ReminderWorker] Scheduler stopped."}
{"asctime": "2026-03-23 11:02:40,800", "level": "INFO", "logger": "main", "message": "VitaPulse AI shut down"}
{"asctime": "2026-03-23 11:02:42,070", "level": "DEBUG", "logger": "passlib.utils.compat", "message": "loaded lazy attr 'SafeConfigParser': <class 'configparser.ConfigParser'>"}
{"asctime": "2026-03-23 11:02:42,070", "level": "DEBUG", "logger": "passlib.utils.compat", "message": "loaded lazy attr 'NativeStringIO': <class '_io.StringIO'>"}
{"asctime": "2026-03-23 11:02:42,070", "level": "DEBUG", "logger": "passlib.utils.compat", "message": "loaded lazy attr 'BytesIO': <class '_io.BytesIO'>"}
{"asctime": "2026-03-23 11:02:42,085", "level": "DEBUG", "logger": "passlib.registry", "message": "registered 'bcrypt' handler: <class 'passlib.handlers.bcrypt.bcrypt'>"}
{"asctime": "2026-03-23 11:02:42,631", "level": "INFO", "logger": "sqlalchemy.engine.Engine", "message": "select pg_catalog.version()"}
{"asctime": "2026-03-23 11:02:42,631", "level": "INFO", "logger": "sqlalchemy.engine.Engine", "message": "[raw sql] ()"}
{"asctime": "2026-03-23 11:02:42,633", "level": "INFO", "logger": "sqlalchemy.engine.Engine", "message": "select current_schema()"}
{"asctime": "2026-03-23 11:02:42,633", "level": "INFO", "logger": "sqlalchemy.engine.Engine", "message": "[raw sql] ()"}
{"asctime": "2026-03-23 11:02:42,633", "level": "INFO", "logger": "sqlalchemy.engine.Engine", "message": "show standard_conforming_strings"}
{"asctime": "2026-03-23 11:02:42,633", "level": "INFO", "logger": "sqlalchemy.engine.Engine", "message": "[raw sql] ()"}
{"asctime": "2026-03-23 11:02:42,633", "level": "INFO", "logger": "sqlalchemy.engine.Engine", "message": "BEGIN (implicit)"}
{"asctime": "2026-03-23 11:02:42,633", "level": "INFO", "logger": "sqlalchemy.engine.Engine", "message": "SELECT pg_catalog.pg_class.relname \nFROM pg_catalog.pg_class JOIN pg_catalog.pg_namespace ON pg_catalog.pg_namespace.oid = pg_catalog.pg_class.relnamespace \nWHERE pg_catalog.pg_class.relname = $1::VARCHAR AND pg_catalog.pg_class.relkind = ANY (ARRAY[$2::VARCHAR, $3::VARCHAR, $4::VARCHAR, $5::VARCHAR, $6::VARCHAR]) AND pg_catalog.pg_table_is_visible(pg_catalog.pg_class.oid) AND pg_catalog.pg_namespace.nspname != $7::VARCHAR"}
{"asctime": "2026-03-23 11:02:42,633", "level": "INFO", "logger": "sqlalchemy.engine.Engine", "message": "[generated in 0.00097s] ('users', 'r', 'p', 'f', 'v', 'm', 'pg_catalog')"}
{"asctime": "2026-03-23 11:02:42,650", "level": "INFO", "logger": "sqlalchemy.engine.Engine", "message": "SELECT pg_catalog.pg_class.relname \nFROM pg_catalog.pg_class JOIN pg_catalog.pg_namespace ON pg_catalog.pg_namespace.oid = pg_catalog.pg_class.relnamespace \nWHERE pg_catalog.pg_class.relname = $1::VARCHAR AND pg_catalog.pg_class.relkind = ANY (ARRAY[$2::VARCHAR, $3::VARCHAR, $4::VARCHAR, $5::VARCHAR, $6::VARCHAR]) AND pg_catalog.pg_table_is_visible(pg_catalog.pg_class.oid) AND pg_catalog.pg_namespace.nspname != $7::VARCHAR"}
{"asctime": "2026-03-23 11:02:42,650", "level": "INFO", "logger": "sqlalchemy.engine.Engine", "message": "[cached since 0.007959s ago] ('otps', 'r', 'p', 'f', 'v', 'm', 'pg_catalog')"}
{"asctime": "2026-03-23 11:02:42,650", "level": "INFO", "logger": "sqlalchemy.engine.Engine", "message": "SELECT pg_catalog.pg_class.relname \nFROM pg_catalog.pg_class JOIN pg_catalog.pg_namespace ON pg_catalog.pg_namespace.oid = pg_catalog.pg_class.relnamespace \nWHERE pg_catalog.pg_class.relname = $1::VARCHAR AND pg_catalog.pg_class.relkind = ANY (ARRAY[$2::VARCHAR, $3::VARCHAR, $4::VARCHAR, $5::VARCHAR, $6::VARCHAR]) AND pg_catalog.pg_table_is_visible(pg_catalog.pg_class.oid) AND pg_catalog.pg_namespace.nspname != $7::VARCHAR"}
{"asctime": "2026-03-23 11:02:42,650", "level": "INFO", "logger": "sqlalchemy.engine.Engine", "message": "[cached since 0.01002s ago] ('family_members', 'r', 'p', 'f', 'v', 'm', 'pg_catalog')"}
{"asctime": "2026-03-23 11:02:42,650", "level": "INFO", "logger": "sqlalchemy.engine.Engine", "message": "SELECT pg_catalog.pg_class.relname \nFROM pg_catalog.pg_class JOIN pg_catalog.pg_namespace ON pg_catalog.pg_namespace.oid = pg_catalog.pg_class.relnamespace \nWHERE pg_catalog.pg_class.relname = $1::VARCHAR AND pg_catalog.pg_class.relkind = ANY (ARRAY[$2::VARCHAR, $3::VARCHAR, $4::VARCHAR, $5::VARCHAR, $6::VARCHAR]) AND pg_catalog.pg_table_is_visible(pg_catalog.pg_class.oid) AND pg_catalog.pg_namespace.nspname != $7::VARCHAR"}
{"asctime": "2026-03-23 11:02:42,650", "level": "INFO", "logger": "sqlalchemy.engine.Engine", "message": "[cached since 0.01216s ago] ('medical_records', 'r', 'p', 'f', 'v', 'm', 'pg_catalog')"}
{"asctime": "2026-03-23 11:02:42,650", "level": "INFO", "logger": "sqlalchemy.engine.Engine", "message": "SELECT pg_catalog.pg_class.relname \nFROM pg_catalog.pg_class JOIN pg_catalog.pg_namespace ON pg_catalog.pg_namespace.oid = pg_catalog.pg_class.relnamespace \nWHERE pg_catalog.pg_class.relname = $1::VARCHAR AND pg_catalog.pg_class.relkind = ANY (ARRAY[$2::VARCHAR, $3::VARCHAR, $4::VARCHAR, $5::VARCHAR, $6::VARCHAR]) AND pg_catalog.pg_table_is_visible(pg_catalog.pg_class.oid) AND pg_catalog.pg_namespace.nspname != $7::VARCHAR"}
{"asctime": "2026-03-23 11:02:42,650", "level": "INFO", "logger": "sqlalchemy.engine.Engine", "message": "[cached since 0.0143s ago] ('prescriptions', 'r', 'p', 'f', 'v', 'm', 'pg_catalog')"}
{"asctime": "2026-03-23 11:02:42,650", "level": "INFO", "logger": "sqlalchemy.engine.Engine", "message": "SELECT pg_catalog.pg_class.relname \nFROM pg_catalog.pg_class JOIN pg_catalog.pg_namespace ON pg_catalog.pg_namespace.oid = pg_catalog.pg_class.relnamespace \nWHERE pg_catalog.pg_class.relname = $1::VARCHAR AND pg_catalog.pg_class.relkind = ANY (ARRAY[$2::VARCHAR, $3::VARCHAR, $4::VARCHAR, $5::VARCHAR, $6::VARCHAR]) AND pg_catalog.pg_table_is_visible(pg_catalog.pg_class.oid) AND pg_catalog.pg_namespace.nspname != $7::VARCHAR"}
{"asctime": "2026-03-23 11:02:42,650", "level": "INFO", "logger": "sqlalchemy.engine.Engine", "message": "[cached since 0.01651s ago] ('medicines', 'r', 'p', 'f', 'v', 'm', 'pg_catalog')"}
{"asctime": "2026-03-23 11:02:42,650", "level": "INFO", "logger": "sqlalchemy.engine.Engine", "message": "SELECT pg_catalog.pg_class.relname \nFROM pg_catalog.pg_class JOIN pg_catalog.pg_namespace ON pg_catalog.pg_namespace.oid = pg_catalog.pg_class.relnamespace \nWHERE pg_catalog.pg_class.relname = $1::VARCHAR AND pg_catalog.pg_class.relkind = ANY (ARRAY[$2::VARCHAR, $3::VARCHAR, $4::VARCHAR, $5::VARCHAR, $6::VARCHAR]) AND pg_catalog.pg_table_is_visible(pg_catalog.pg_class.oid) AND pg_catalog.pg_namespace.nspname != $7::VARCHAR"}
{"asctime": "2026-03-23 11:02:42,650", "level": "INFO", "logger": "sqlalchemy.engine.Engine", "message": "[cached since 0.01869s ago] ('medication_schedules', 'r', 'p', 'f', 'v', 'm', 'pg_catalog')"}
{"asctime": "2026-03-23 11:02:42,663", "level": "INFO", "logger": "sqlalchemy.engine.Engine", "message": "SELECT pg_catalog.pg_class.relname \nFROM pg_catalog.pg_class JOIN pg_catalog.pg_namespace ON pg_catalog.pg_namespace.oid = pg_catalog.pg_class.relnamespace \nWHERE pg_catalog.pg_class.relname = $1::VARCHAR AND pg_catalog.pg_class.relkind = ANY (ARRAY[$2::VARCHAR, $3::VARCHAR, $4::VARCHAR, $5::VARCHAR, $6::VARCHAR]) AND pg_catalog.pg_table_is_visible(pg_catalog.pg_class.oid) AND pg_catalog.pg_namespace.nspname != $7::VARCHAR"}
{"asctime": "2026-03-23 11:02:42,663", "level": "INFO", "logger": "sqlalchemy.engine.Engine", "message": "[cached since 0.0206s ago] ('health_metrics', 'r', 'p', 'f', 'v', 'm', 'pg_catalog')"}
{"asctime": "2026-03-23 11:02:42,663", "level": "INFO", "logger": "sqlalchemy.engine.Engine", "message": "SELECT pg_catalog.pg_class.relname \nFROM pg_catalog.pg_class JOIN pg_catalog.pg_namespace ON pg_catalog.pg_namespace.oid = pg_catalog.pg_class.relnamespace \nWHERE pg_catalog.pg_class.relname = $1::VARCHAR AND pg_catalog.pg_class.relkind = ANY (ARRAY[$2::VARCHAR, $3::VARCHAR, $4::VARCHAR, $5::VARCHAR, $6::VARCHAR]) AND pg_catalog.pg_table_is_visible(pg_catalog.pg_class.oid) AND pg_catalog.pg_namespace.nspname != $7::VARCHAR"}
{"asctime": "2026-03-23 11:02:42,663", "level": "INFO", "logger": "sqlalchemy.engine.Engine", "message": "[cached since 0.02193s ago] ('emergency_contacts', 'r', 'p', 'f', 'v', 'm', 'pg_catalog')"}
{"asctime": "2026-03-23 11:02:42,663", "level": "INFO", "logger": "sqlalchemy.engine.Engine", "message": "SELECT pg_catalog.pg_class.relname \nFROM pg_catalog.pg_class JOIN pg_catalog.pg_namespace ON pg_catalog.pg_namespace.oid = pg_catalog.pg_class.relnamespace \nWHERE pg_catalog.pg_class.relname = $1::VARCHAR AND pg_catalog.pg_class.relkind = ANY (ARRAY[$2::VARCHAR, $3::VARCHAR, $4::VARCHAR, $5::VARCHAR, $6::VARCHAR]) AND pg_catalog.pg_table_is_visible(pg_catalog.pg_class.oid) AND pg_catalog.pg_namespace.nspname != $7::VARCHAR"}
{"asctime": "2026-03-23 11:02:42,667", "level": "INFO", "logger": "sqlalchemy.engine.Engine", "message": "[cached since 0.02349s ago] ('ai_conversations', 'r', 'p', 'f', 'v', 'm', 'pg_catalog')"}
{"asctime": "2026-03-23 11:02:42,667", "level": "INFO", "logger": "sqlalchemy.engine.Engine", "message": "COMMIT"}
{"asctime": "2026-03-23 11:02:42,750", "level": "DEBUG", "logger": "tzlocal", "message": "Looking up time zone info from registry"}
{"asctime": "2026-03-23 11:02:42,759", "level": "INFO", "logger": "app.services.reminder_worker", "message": "[ReminderWorker] APScheduler started (5-min reminders + 08:00 refill alerts)"}
{"asctime": "2026-03-23 11:02:42,759", "level": "WARNING", "logger": "app.services.notification_service", "message": "FIREBASE_CREDENTIALS_PATH not set \u2014 push notifications disabled."}
{"asctime": "2026-03-23 11:02:42,759", "level": "WARNING", "logger": "app.services.notification_service", "message": "ENCRYPTION_KEY not set \u2014 using derived key. Set ENCRYPTION_KEY in .env for production security."}
{"asctime": "2026-03-23 11:02:42,805", "level": "INFO", "logger": "app.services.cache_service", "message": "Redis connected: redis://localhost:6379/0"}
{"asctime": "2026-03-23 11:02:42,805", "level": "INFO", "logger": "main", "message": "VitaPulse AI v1.0.0 started"}
{"asctime": "2026-03-23 11:02:42,805", "level": "INFO", "logger": "main", "message": "API docs: http://localhost:8000/docs"}
{"asctime": "2026-03-23 11:04:45,754", "level": "INFO", "logger": "app.services.reminder_worker", "message": "[ReminderWorker] Scheduler stopped."}
{"asctime": "2026-03-23 11:04:45,754", "level": "INFO", "logger": "main", "message": "VitaPulse AI shut down"}
{"asctime": "2026-03-23 11:04:47,351", "level": "DEBUG", "logger": "passlib.utils.compat", "message": "loaded lazy attr 'SafeConfigParser': <class 'configparser.ConfigParser'>"}
{"asctime": "2026-03-23 11:04:47,351", "level": "DEBUG", "logger": "passlib.utils.compat", "message": "loaded lazy attr 'NativeStringIO': <class '_io.StringIO'>"}
{"asctime": "2026-03-23 11:04:47,351", "level": "DEBUG", "logger": "passlib.utils.compat", "message": "loaded lazy attr 'BytesIO': <class '_io.BytesIO'>"}
{"asctime": "2026-03-23 11:04:47,359", "level": "DEBUG", "logger": "passlib.registry", "message": "registered 'bcrypt' handler: <class 'passlib.handlers.bcrypt.bcrypt'>"}
{"asctime": "2026-03-23 11:04:48,059", "level": "INFO", "logger": "sqlalchemy.engine.Engine", "message": "select pg_catalog.version()"}
{"asctime": "2026-03-23 11:04:48,060", "level": "INFO", "logger": "sqlalchemy.engine.Engine", "message": "[raw sql] ()"}
{"asctime": "2026-03-23 11:04:48,066", "level": "INFO", "logger": "sqlalchemy.engine.Engine", "message": "select current_schema()"}
{"asctime": "2026-03-23 11:04:48,078", "level": "INFO", "logger": "sqlalchemy.engine.Engine", "message": "[raw sql] ()"}
{"asctime": "2026-03-23 11:04:48,085", "level": "INFO", "logger": "sqlalchemy.engine.Engine", "message": "show standard_conforming_strings"}
{"asctime": "2026-03-23 11:04:48,085", "level": "INFO", "logger": "sqlalchemy.engine.Engine", "message": "[raw sql] ()"}
{"asctime": "2026-03-23 11:04:48,092", "level": "INFO", "logger": "sqlalchemy.engine.Engine", "message": "BEGIN (implicit)"}
{"asctime": "2026-03-23 11:04:48,102", "level": "INFO", "logger": "sqlalchemy.engine.Engine", "message": "SELECT pg_catalog.pg_class.relname \nFROM pg_catalog.pg_class JOIN pg_catalog.pg_namespace ON pg_catalog.pg_namespace.oid = pg_catalog.pg_class.relnamespace \nWHERE pg_catalog.pg_class.relname = $1::VARCHAR AND pg_catalog.pg_class.relkind = ANY (ARRAY[$2::VARCHAR, $3::VARCHAR, $4::VARCHAR, $5::VARCHAR, $6::VARCHAR]) AND pg_catalog.pg_table_is_visible(pg_catalog.pg_class.oid) AND pg_catalog.pg_namespace.nspname != $7::VARCHAR"}
{"asctime": "2026-03-23 11:04:48,102", "level": "INFO", "logger": "sqlalchemy.engine.Engine", "message": "[generated in 0.00170s] ('users', 'r', 'p', 'f', 'v', 'm', 'pg_catalog')"}
{"asctime": "2026-03-23 11:04:48,118", "level": "INFO", "logger": "sqlalchemy.engine.Engine", "message": "SELECT pg_catalog.pg_class.relname \nFROM pg_catalog.pg_class JOIN pg_catalog.pg_namespace ON pg_catalog.pg_namespace.oid = pg_catalog.pg_class.relnamespace \nWHERE pg_catalog.pg_class.relname = $1::VARCHAR AND pg_catalog.pg_class.relkind = ANY (ARRAY[$2::VARCHAR, $3::VARCHAR, $4::VARCHAR, $5::VARCHAR, $6::VARCHAR]) AND pg_catalog.pg_table_is_visible(pg_catalog.pg_class.oid) AND pg_catalog.pg_namespace.nspname != $7::VARCHAR"}
{"asctime": "2026-03-23 11:04:48,143", "level": "INFO", "logger": "sqlalchemy.engine.Engine", "message": "[cached since 0.04211s ago] ('otps', 'r', 'p', 'f', 'v', 'm', 'pg_catalog')"}
{"asctime": "2026-03-23 11:04:48,285", "level": "INFO", "logger": "sqlalchemy.engine.Engine", "message": "SELECT pg_catalog.pg_class.relname \nFROM pg_catalog.pg_class JOIN pg_catalog.pg_namespace ON pg_catalog.pg_namespace.oid = pg_catalog.pg_class.relnamespace \nWHERE pg_catalog.pg_class.relname = $1::VARCHAR AND pg_catalog.pg_class.relkind = ANY (ARRAY[$2::VARCHAR, $3::VARCHAR, $4::VARCHAR, $5::VARCHAR, $6::VARCHAR]) AND pg_catalog.pg_table_is_visible(pg_catalog.pg_class.oid) AND pg_catalog.pg_namespace.nspname != $7::VARCHAR"}
{"asctime": "2026-03-23 11:04:48,285", "level": "INFO", "logger": "sqlalchemy.engine.Engine", "message": "[cached since 0.1845s ago] ('family_members', 'r', 'p', 'f', 'v', 'm', 'pg_catalog')"}
{"asctime": "2026-03-23 11:04:48,285", "level": "INFO", "logger": "sqlalchemy.engine.Engine", "message": "SELECT pg_catalog.pg_class.relname \nFROM pg_catalog.pg_class JOIN pg_catalog.pg_namespace ON pg_catalog.pg_namespace.oid = pg_catalog.pg_class.relnamespace \nWHERE pg_catalog.pg_class.relname = $1::VARCHAR AND pg_catalog.pg_class.relkind = ANY (ARRAY[$2::VARCHAR, $3::VARCHAR, $4::VARCHAR, $5::VARCHAR, $6::VARCHAR]) AND pg_catalog.pg_table_is_visible(pg_catalog.pg_class.oid) AND pg_catalog.pg_namespace.nspname != $7::VARCHAR"}
{"asctime": "2026-03-23 11:04:48,285", "level": "INFO", "logger": "sqlalchemy.engine.Engine", "message": "[cached since 0.1873s ago] ('medical_records', 'r', 'p', 'f', 'v', 'm', 'pg_catalog')"}
{"asctime": "2026-03-23 11:04:48,303", "level": "INFO", "logger": "sqlalchemy.engine.Engine", "message": "SELECT pg_catalog.pg_class.relname \nFROM pg_catalog.pg_class JOIN pg_catalog.pg_namespace ON pg_catalog.pg_namespace.oid = pg_catalog.pg_class.relnamespace \nWHERE pg_catalog.pg_class.relname = $1::VARCHAR AND pg_catalog.pg_class.relkind = ANY (ARRAY[$2::VARCHAR, $3::VARCHAR, $4::VARCHAR, $5::VARCHAR, $6::VARCHAR]) AND pg_catalog.pg_table_is_visible(pg_catalog.pg_class.oid) AND pg_catalog.pg_namespace.nspname != $7::VARCHAR"}
{"asctime": "2026-03-23 11:04:48,303", "level": "INFO", "logger": "sqlalchemy.engine.Engine", "message": "[cached since 0.2026s ago] ('prescriptions', 'r', 'p', 'f', 'v', 'm', 'pg_catalog')"}
{"asctime": "2026-03-23 11:04:48,303", "level": "INFO", "logger": "sqlalchemy.engine.Engine", "message": "SELECT pg_catalog.pg_class.relname \nFROM pg_catalog.pg_class JOIN pg_catalog.pg_namespace ON pg_catalog.pg_namespace.oid = pg_catalog.pg_class.relnamespace \nWHERE pg_catalog.pg_class.relname = $1::VARCHAR AND pg_catalog.pg_class.relkind = ANY (ARRAY[$2::VARCHAR, $3::VARCHAR, $4::VARCHAR, $5::VARCHAR, $6::VARCHAR]) AND pg_catalog.pg_table_is_visible(pg_catalog.pg_class.oid) AND pg_catalog.pg_namespace.nspname != $7::VARCHAR"}
{"asctime": "2026-03-23 11:04:48,308", "level": "INFO", "logger": "sqlalchemy.engine.Engine", "message": "[cached since 0.2052s ago] ('medicines', 'r', 'p', 'f', 'v', 'm', 'pg_catalog')"}
{"asctime": "2026-03-23 11:04:48,316", "level": "INFO", "logger": "sqlalchemy.engine.Engine", "message": "SELECT pg_catalog.pg_class.relname \nFROM pg_catalog.pg_class JOIN pg_catalog.pg_namespace ON pg_catalog.pg_namespace.oid = pg_catalog.pg_class.relnamespace \nWHERE pg_catalog.pg_class.relname = $1::VARCHAR AND pg_catalog.pg_class.relkind = ANY (ARRAY[$2::VARCHAR, $3::VARCHAR, $4::VARCHAR, $5::VARCHAR, $6::VARCHAR]) AND pg_catalog.pg_table_is_visible(pg_catalog.pg_class.oid) AND pg_catalog.pg_namespace.nspname != $7::VARCHAR"}
{"asctime": "2026-03-23 11:04:48,316", "level": "INFO", "logger": "sqlalchemy.engine.Engine", "message": "[cached since 0.2138s ago] ('medication_schedules', 'r', 'p', 'f', 'v', 'm', 'pg_catalog')"}
{"asctime": "2026-03-23 11:04:48,316", "level": "INFO", "logger": "sqlalchemy.engine.Engine", "message": "SELECT pg_catalog.pg_class.relname \nFROM pg_catalog.pg_class JOIN pg_catalog.pg_namespace ON pg_catalog.pg_namespace.oid = pg_catalog.pg_class.relnamespace \nWHERE pg_catalog.pg_class.relname = $1::VARCHAR AND pg_catalog.pg_class.relkind = ANY (ARRAY[$2::VARCHAR, $3::VARCHAR, $4::VARCHAR, $5::VARCHAR, $6::VARCHAR]) AND pg_catalog.pg_table_is_visible(pg_catalog.pg_class.oid) AND pg_catalog.pg_namespace.nspname != $7::VARCHAR"}
{"asctime": "2026-03-23 11:04:48,316", "level": "INFO", "logger": "sqlalchemy.engine.Engine", "message": "[cached since 0.2185s ago] ('health_metrics', 'r', 'p', 'f', 'v', 'm', 'pg_catalog')"}
{"asctime": "2026-03-23 11:04:48,316", "level": "INFO", "logger": "sqlalchemy.engine.Engine", "message": "SELECT pg_catalog.pg_class.relname \nFROM pg_catalog.pg_class JOIN pg_catalog.pg_namespace ON pg_catalog.pg_namespace.oid = pg_catalog.pg_class.relnamespace \nWHERE pg_catalog.pg_class.relname = $1::VARCHAR AND pg_catalog.pg_class.relkind = ANY (ARRAY[$2::VARCHAR, $3::VARCHAR, $4::VARCHAR, $5::VARCHAR, $6::VARCHAR]) AND pg_catalog.pg_table_is_visible(pg_catalog.pg_class.oid) AND pg_catalog.pg_namespace.nspname != $7::VARCHAR"}
{"asctime": "2026-03-23 11:04:48,316", "level": "INFO", "logger": "sqlalchemy.engine.Engine", "message": "[cached since 0.2209s ago] ('emergency_contacts', 'r', 'p', 'f', 'v', 'm', 'pg_catalog')"}
{"asctime": "2026-03-23 11:04:48,326", "level": "INFO", "logger": "sqlalchemy.engine.Engine", "message": "SELECT pg_catalog.pg_class.relname \nFROM pg_catalog.pg_class JOIN pg_catalog.pg_namespace ON pg_catalog.pg_namespace.oid = pg_catalog.pg_class.relnamespace \nWHERE pg_catalog.pg_class.relname = $1::VARCHAR AND pg_catalog.pg_class.relkind = ANY (ARRAY[$2::VARCHAR, $3::VARCHAR, $4::VARCHAR, $5::VARCHAR, $6::VARCHAR]) AND pg_catalog.pg_table_is_visible(pg_catalog.pg_class.oid) AND pg_catalog.pg_namespace.nspname != $7::VARCHAR"}
{"asctime": "2026-03-23 11:04:48,326", "level": "INFO", "logger": "sqlalchemy.engine.Engine", "message": "[cached since 0.2275s ago] ('ai_conversations', 'r', 'p', 'f', 'v', 'm', 'pg_catalog')"}
{"asctime": "2026-03-23 11:04:48,333", "level": "INFO", "logger": "sqlalchemy.engine.Engine", "message": "COMMIT"}
{"asctime": "2026-03-23 11:04:48,449", "level": "DEBUG", "logger": "tzlocal", "message": "Looking up time zone info from registry"}
{"asctime": "2026-03-23 11:04:48,459", "level": "INFO", "logger": "app.services.reminder_worker", "message": "[ReminderWorker] APScheduler started (5-min reminders + 08:00 refill alerts)"}
{"asctime": "2026-03-23 11:04:48,516", "level": "WARNING", "logger": "app.services.notification_service", "message": "FIREBASE_CREDENTIALS_PATH not set \u2014 push notifications disabled."}
{"asctime": "2026-03-23 11:04:48,518", "level": "WARNING", "logger": "app.services.notification_service", "message": "ENCRYPTION_KEY not set \u2014 using derived key. Set ENCRYPTION_KEY in .env for production security."}
{"asctime": "2026-03-23 11:04:48,572", "level": "INFO", "logger": "app.services.cache_service", "message": "Redis connected: redis://localhost:6379/0"}
{"asctime": "2026-03-23 11:04:48,574", "level": "INFO", "logger": "main", "message": "VitaPulse AI v1.0.0 started"}
{"asctime": "2026-03-23 11:04:48,574", "level": "INFO", "logger": "main", "message": "API docs: http://localhost:8000/docs"}
{"asctime": "2026-03-23 11:05:21,877", "level": "INFO", "logger": "app.services.reminder_worker", "message": "[ReminderWorker] Scheduler stopped."}
{"asctime": "2026-03-23 11:05:21,878", "level": "INFO", "logger": "main", "message": "VitaPulse AI shut down"}
{"asctime": "2026-03-23 11:05:23,311", "level": "DEBUG", "logger": "passlib.utils.compat", "message": "loaded lazy attr 'SafeConfigParser': <class 'configparser.ConfigParser'>"}
{"asctime": "2026-03-23 11:05:23,323", "level": "DEBUG", "logger": "passlib.utils.compat", "message": "loaded lazy attr 'NativeStringIO': <class '_io.StringIO'>"}
{"asctime": "2026-03-23 11:05:23,323", "level": "DEBUG", "logger": "passlib.utils.compat", "message": "loaded lazy attr 'BytesIO': <class '_io.BytesIO'>"}
{"asctime": "2026-03-23 11:05:23,326", "level": "DEBUG", "logger": "passlib.registry", "message": "registered 'bcrypt' handler: <class 'passlib.handlers.bcrypt.bcrypt'>"}
{"asctime": "2026-03-23 11:05:23,909", "level": "INFO", "logger": "sqlalchemy.engine.Engine", "message": "select pg_catalog.version()"}
{"asctime": "2026-03-23 11:05:23,910", "level": "INFO", "logger": "sqlalchemy.engine.Engine", "message": "[raw sql] ()"}
{"asctime": "2026-03-23 11:05:23,911", "level": "INFO", "logger": "sqlalchemy.engine.Engine", "message": "select current_schema()"}
{"asctime": "2026-03-23 11:05:23,912", "level": "INFO", "logger": "sqlalchemy.engine.Engine", "message": "[raw sql] ()"}
{"asctime": "2026-03-23 11:05:23,913", "level": "INFO", "logger": "sqlalchemy.engine.Engine", "message": "show standard_conforming_strings"}
{"asctime": "2026-03-23 11:05:23,913", "level": "INFO", "logger": "sqlalchemy.engine.Engine", "message": "[raw sql] ()"}
{"asctime": "2026-03-23 11:05:23,915", "level": "INFO", "logger": "sqlalchemy.engine.Engine", "message": "BEGIN (implicit)"}
{"asctime": "2026-03-23 11:05:23,918", "level": "INFO", "logger": "sqlalchemy.engine.Engine", "message": "SELECT pg_catalog.pg_class.relname \nFROM pg_catalog.pg_class JOIN pg_catalog.pg_namespace ON pg_catalog.pg_namespace.oid = pg_catalog.pg_class.relnamespace \nWHERE pg_catalog.pg_class.relname = $1::VARCHAR AND pg_catalog.pg_class.relkind = ANY (ARRAY[$2::VARCHAR, $3::VARCHAR, $4::VARCHAR, $5::VARCHAR, $6::VARCHAR]) AND pg_catalog.pg_table_is_visible(pg_catalog.pg_class.oid) AND pg_catalog.pg_namespace.nspname != $7::VARCHAR"}
{"asctime": "2026-03-23 11:05:23,919", "level": "INFO", "logger": "sqlalchemy.engine.Engine", "message": "[generated in 0.00088s] ('users', 'r', 'p', 'f', 'v', 'm', 'pg_catalog')"}
{"asctime": "2026-03-23 11:05:23,924", "level": "INFO", "logger": "sqlalchemy.engine.Engine", "message": "SELECT pg_catalog.pg_class.relname \nFROM pg_catalog.pg_class JOIN pg_catalog.pg_namespace ON pg_catalog.pg_namespace.oid = pg_catalog.pg_class.relnamespace \nWHERE pg_catalog.pg_class.relname = $1::VARCHAR AND pg_catalog.pg_class.relkind = ANY (ARRAY[$2::VARCHAR, $3::VARCHAR, $4::VARCHAR, $5::VARCHAR, $6::VARCHAR]) AND pg_catalog.pg_table_is_visible(pg_catalog.pg_class.oid) AND pg_catalog.pg_namespace.nspname != $7::VARCHAR"}
{"asctime": "2026-03-23 11:05:23,925", "level": "INFO", "logger": "sqlalchemy.engine.Engine", "message": "[cached since 0.006927s ago] ('otps', 'r', 'p', 'f', 'v', 'm', 'pg_catalog')"}
{"asctime": "2026-03-23 11:05:23,927", "level": "INFO", "logger": "sqlalchemy.engine.Engine", "message": "SELECT pg_catalog.pg_class.relname \nFROM pg_catalog.pg_class JOIN pg_catalog.pg_namespace ON pg_catalog.pg_namespace.oid = pg_catalog.pg_class.relnamespace \nWHERE pg_catalog.pg_class.relname = $1::VARCHAR AND pg_catalog.pg_class.relkind = ANY (ARRAY[$2::VARCHAR, $3::VARCHAR, $4::VARCHAR, $5::VARCHAR, $6::VARCHAR]) AND pg_catalog.pg_table_is_visible(pg_catalog.pg_class.oid) AND pg_catalog.pg_namespace.nspname != $7::VARCHAR"}
{"asctime": "2026-03-23 11:05:23,927", "level": "INFO", "logger": "sqlalchemy.engine.Engine", "message": "[cached since 0.008911s ago] ('family_members', 'r', 'p', 'f', 'v', 'm', 'pg_catalog')"}
{"asctime": "2026-03-23 11:05:23,927", "level": "INFO", "logger": "sqlalchemy.engine.Engine", "message": "SELECT pg_catalog.pg_class.relname \nFROM pg_catalog.pg_class JOIN pg_catalog.pg_namespace ON pg_catalog.pg_namespace.oid = pg_catalog.pg_class.relnamespace \nWHERE pg_catalog.pg_class.relname = $1::VARCHAR AND pg_catalog.pg_class.relkind = ANY (ARRAY[$2::VARCHAR, $3::VARCHAR, $4::VARCHAR, $5::VARCHAR, $6::VARCHAR]) AND pg_catalog.pg_table_is_visible(pg_catalog.pg_class.oid) AND pg_catalog.pg_namespace.nspname != $7::VARCHAR"}
{"asctime": "2026-03-23 11:05:23,927", "level": "INFO", "logger": "sqlalchemy.engine.Engine", "message": "[cached since 0.01048s ago] ('medical_records', 'r', 'p', 'f', 'v', 'm', 'pg_catalog')"}
{"asctime": "2026-03-23 11:05:23,927", "level": "INFO", "logger": "sqlalchemy.engine.Engine", "message": "SELECT pg_catalog.pg_class.relname \nFROM pg_catalog.pg_class JOIN pg_catalog.pg_namespace ON pg_catalog.pg_namespace.oid = pg_catalog.pg_class.relnamespace \nWHERE pg_catalog.pg_class.relname = $1::VARCHAR AND pg_catalog.pg_class.relkind = ANY (ARRAY[$2::VARCHAR, $3::VARCHAR, $4::VARCHAR, $5::VARCHAR, $6::VARCHAR]) AND pg_catalog.pg_table_is_visible(pg_catalog.pg_class.oid) AND pg_catalog.pg_namespace.nspname != $7::VARCHAR"}
{"asctime": "2026-03-23 11:05:23,927", "level": "INFO", "logger": "sqlalchemy.engine.Engine", "message": "[cached since 0.01189s ago] ('prescriptions', 'r', 'p', 'f', 'v', 'm', 'pg_catalog')"}
{"asctime": "2026-03-23 11:05:23,927", "level": "INFO", "logger": "sqlalchemy.engine.Engine", "message": "SELECT pg_catalog.pg_class.relname \nFROM pg_catalog.pg_class JOIN pg_catalog.pg_namespace ON pg_catalog.pg_namespace.oid = pg_catalog.pg_class.relnamespace \nWHERE pg_catalog.pg_class.relname = $1::VARCHAR AND pg_catalog.pg_class.relkind = ANY (ARRAY[$2::VARCHAR, $3::VARCHAR, $4::VARCHAR, $5::VARCHAR, $6::VARCHAR]) AND pg_catalog.pg_table_is_visible(pg_catalog.pg_class.oid) AND pg_catalog.pg_namespace.nspname != $7::VARCHAR"}
{"asctime": "2026-03-23 11:05:23,927", "level": "INFO", "logger": "sqlalchemy.engine.Engine", "message": "[cached since 0.01334s ago] ('medicines', 'r', 'p', 'f', 'v', 'm', 'pg_catalog')"}
{"asctime": "2026-03-23 11:05:23,927", "level": "INFO", "logger": "sqlalchemy.engine.Engine", "message": "SELECT pg_catalog.pg_class.relname \nFROM pg_catalog.pg_class JOIN pg_catalog.pg_namespace ON pg_catalog.pg_namespace.oid = pg_catalog.pg_class.relnamespace \nWHERE pg_catalog.pg_class.relname = $1::VARCHAR AND pg_catalog.pg_class.relkind = ANY (ARRAY[$2::VARCHAR, $3::VARCHAR, $4::VARCHAR, $5::VARCHAR, $6::VARCHAR]) AND pg_catalog.pg_table_is_visible(pg_catalog.pg_class.oid) AND pg_catalog.pg_namespace.nspname != $7::VARCHAR"}
{"asctime": "2026-03-23 11:05:23,927", "level": "INFO", "logger": "sqlalchemy.engine.Engine", "message": "[cached since 0.01481s ago] ('medication_schedules', 'r', 'p', 'f', 'v', 'm', 'pg_catalog')"}
{"asctime": "2026-03-23 11:05:23,927", "level": "INFO", "logger": "sqlalchemy.engine.Engine", "message": "SELECT pg_catalog.pg_class.relname \nFROM pg_catalog.pg_class JOIN pg_catalog.pg_namespace ON pg_catalog.pg_namespace.oid = pg_catalog.pg_class.relnamespace \nWHERE pg_catalog.pg_class.relname = $1::VARCHAR AND pg_catalog.pg_class.relkind = ANY (ARRAY[$2::VARCHAR, $3::VARCHAR, $4::VARCHAR, $5::VARCHAR, $6::VARCHAR]) AND pg_catalog.pg_table_is_visible(pg_catalog.pg_class.oid) AND pg_catalog.pg_namespace.nspname != $7::VARCHAR"}
{"asctime": "2026-03-23 11:05:23,927", "level": "INFO", "logger": "sqlalchemy.engine.Engine", "message": "[cached since 0.01617s ago] ('health_metrics', 'r', 'p', 'f', 'v', 'm', 'pg_catalog')"}
{"asctime": "2026-03-23 11:05:23,927", "level": "INFO", "logger": "sqlalchemy.engine.Engine", "message": "SELECT pg_catalog.pg_class.relname \nFROM pg_catalog.pg_class JOIN pg_catalog.pg_namespace ON pg_catalog.pg_namespace.oid = pg_catalog.pg_class.relnamespace \nWHERE pg_catalog.pg_class.relname = $1::VARCHAR AND pg_catalog.pg_class.relkind = ANY (ARRAY[$2::VARCHAR, $3::VARCHAR, $4::VARCHAR, $5::VARCHAR, $6::VARCHAR]) AND pg_catalog.pg_table_is_visible(pg_catalog.pg_class.oid) AND pg_catalog.pg_namespace.nspname != $7::VARCHAR"}
{"asctime": "2026-03-23 11:05:23,927", "level": "INFO", "logger": "sqlalchemy.engine.Engine", "message": "[cached since 0.01753s ago] ('emergency_contacts', 'r', 'p', 'f', 'v', 'm', 'pg_catalog')"}
{"asctime": "2026-03-23 11:05:23,927", "level": "INFO", "logger": "sqlalchemy.engine.Engine", "message": "SELECT pg_catalog.pg_class.relname \nFROM pg_catalog.pg_class JOIN pg_catalog.pg_namespace ON pg_catalog.pg_namespace.oid = pg_catalog.pg_class.relnamespace \nWHERE pg_catalog.pg_class.relname = $1::VARCHAR AND pg_catalog.pg_class.relkind = ANY (ARRAY[$2::VARCHAR, $3::VARCHAR, $4::VARCHAR, $5::VARCHAR, $6::VARCHAR]) AND pg_catalog.pg_table_is_visible(pg_catalog.pg_class.oid) AND pg_catalog.pg_namespace.nspname != $7::VARCHAR"}
{"asctime": "2026-03-23 11:05:23,927", "level": "INFO", "logger": "sqlalchemy.engine.Engine", "message": "[cached since 0.01883s ago] ('ai_conversations', 'r', 'p', 'f', 'v', 'm', 'pg_catalog')"}
{"asctime": "2026-03-23 11:05:23,927", "level": "INFO", "logger": "sqlalchemy.engine.Engine", "message": "COMMIT"}
{"asctime": "2026-03-23 11:05:24,022", "level": "DEBUG", "logger": "tzlocal", "message": "Looking up time zone info from registry"}
{"asctime": "2026-03-23 11:05:24,025", "level": "INFO", "logger": "app.services.reminder_worker", "message": "[ReminderWorker] APScheduler started (5-min reminders + 08:00 refill alerts)"}
{"asctime": "2026-03-23 11:05:24,025", "level": "WARNING", "logger": "app.services.notification_service", "message": "FIREBASE_CREDENTIALS_PATH not set \u2014 push notifications disabled."}
{"asctime": "2026-03-23 11:05:24,025", "level": "WARNING", "logger": "app.services.notification_service", "message": "ENCRYPTION_KEY not set \u2014 using derived key. Set ENCRYPTION_KEY in .env for production security."}
{"asctime": "2026-03-23 11:05:24,059", "level": "INFO", "logger": "app.services.cache_service", "message": "Redis connected: redis://localhost:6379/0"}
{"asctime": "2026-03-23 11:05:24,059", "level": "INFO", "logger": "main", "message": "VitaPulse AI v1.0.0 started"}
{"asctime": "2026-03-23 11:05:24,074", "level": "INFO", "logger": "main", "message": "API docs: http://localhost:8000/docs"}
{"asctime": "2026-03-23 11:10:24,036", "level": "INFO", "logger": "sqlalchemy.engine.Engine", "message": "BEGIN (implicit)"}
{"asctime": "2026-03-23 11:10:24,042", "level": "INFO", "logger": "sqlalchemy.engine.Engine", "message": "SELECT * FROM fn_get_due_reminders($1)"}
{"asctime": "2026-03-23 11:10:24,042", "level": "INFO", "logger": "sqlalchemy.engine.Engine", "message": "[generated in 0.00155s] (5,)"}
{"asctime": "2026-03-23 11:10:24,075", "level": "INFO", "logger": "sqlalchemy.engine.Engine", "message": "ROLLBACK"}
{"asctime": "2026-03-23 11:10:24,075", "level": "INFO", "logger": "app.services.reminder_worker", "message": "[ReminderWorker] Checking reminders at 05:40 \u2014 0 due"}
{"asctime": "2026-03-23 11:13:23,627", "level": "INFO", "logger": "app.services.reminder_worker", "message": "[ReminderWorker] Scheduler stopped."}
{"asctime": "2026-03-23 11:13:23,627", "level": "INFO", "logger": "main", "message": "VitaPulse AI shut down"}
{"asctime": "2026-03-23 11:13:25,048", "level": "DEBUG", "logger": "passlib.utils.compat", "message": "loaded lazy attr 'SafeConfigParser': <class 'configparser.ConfigParser'>"}
{"asctime": "2026-03-23 11:13:25,048", "level": "DEBUG", "logger": "passlib.utils.compat", "message": "loaded lazy attr 'NativeStringIO': <class '_io.StringIO'>"}
{"asctime": "2026-03-23 11:13:25,048", "level": "DEBUG", "logger": "passlib.utils.compat", "message": "loaded lazy attr 'BytesIO': <class '_io.BytesIO'>"}
{"asctime": "2026-03-23 11:13:25,050", "level": "DEBUG", "logger": "passlib.registry", "message": "registered 'bcrypt' handler: <class 'passlib.handlers.bcrypt.bcrypt'>"}
{"asctime": "2026-03-23 11:13:25,569", "level": "INFO", "logger": "sqlalchemy.engine.Engine", "message": "select pg_catalog.version()"}
{"asctime": "2026-03-23 11:13:25,569", "level": "INFO", "logger": "sqlalchemy.engine.Engine", "message": "[raw sql] ()"}
{"asctime": "2026-03-23 11:13:25,569", "level": "INFO", "logger": "sqlalchemy.engine.Engine", "message": "select current_schema()"}
{"asctime": "2026-03-23 11:13:25,569", "level": "INFO", "logger": "sqlalchemy.engine.Engine", "message": "[raw sql] ()"}
{"asctime": "2026-03-23 11:13:25,579", "level": "INFO", "logger": "sqlalchemy.engine.Engine", "message": "show standard_conforming_strings"}
{"asctime": "2026-03-23 11:13:25,579", "level": "INFO", "logger": "sqlalchemy.engine.Engine", "message": "[raw sql] ()"}
{"asctime": "2026-03-23 11:13:25,581", "level": "INFO", "logger": "sqlalchemy.engine.Engine", "message": "BEGIN (implicit)"}
{"asctime": "2026-03-23 11:13:25,585", "level": "INFO", "logger": "sqlalchemy.engine.Engine", "message": "SELECT pg_catalog.pg_class.relname \nFROM pg_catalog.pg_class JOIN pg_catalog.pg_namespace ON pg_catalog.pg_namespace.oid = pg_catalog.pg_class.relnamespace \nWHERE pg_catalog.pg_class.relname = $1::VARCHAR AND pg_catalog.pg_class.relkind = ANY (ARRAY[$2::VARCHAR, $3::VARCHAR, $4::VARCHAR, $5::VARCHAR, $6::VARCHAR]) AND pg_catalog.pg_table_is_visible(pg_catalog.pg_class.oid) AND pg_catalog.pg_namespace.nspname != $7::VARCHAR"}
{"asctime": "2026-03-23 11:13:25,585", "level": "INFO", "logger": "sqlalchemy.engine.Engine", "message": "[generated in 0.00067s] ('users', 'r', 'p', 'f', 'v', 'm', 'pg_catalog')"}
{"asctime": "2026-03-23 11:13:25,585", "level": "INFO", "logger": "sqlalchemy.engine.Engine", "message": "SELECT pg_catalog.pg_class.relname \nFROM pg_catalog.pg_class JOIN pg_catalog.pg_namespace ON pg_catalog.pg_namespace.oid = pg_catalog.pg_class.relnamespace \nWHERE pg_catalog.pg_class.relname = $1::VARCHAR AND pg_catalog.pg_class.relkind = ANY (ARRAY[$2::VARCHAR, $3::VARCHAR, $4::VARCHAR, $5::VARCHAR, $6::VARCHAR]) AND pg_catalog.pg_table_is_visible(pg_catalog.pg_class.oid) AND pg_catalog.pg_namespace.nspname != $7::VARCHAR"}
{"asctime": "2026-03-23 11:13:25,585", "level": "INFO", "logger": "sqlalchemy.engine.Engine", "message": "[cached since 0.006835s ago] ('otps', 'r', 'p', 'f', 'v', 'm', 'pg_catalog')"}
{"asctime": "2026-03-23 11:13:25,585", "level": "INFO", "logger": "sqlalchemy.engine.Engine", "message": "SELECT pg_catalog.pg_class.relname \nFROM pg_catalog.pg_class JOIN pg_catalog.pg_namespace ON pg_catalog.pg_namespace.oid = pg_catalog.pg_class.relnamespace \nWHERE pg_catalog.pg_class.relname = $1::VARCHAR AND pg_catalog.pg_class.relkind = ANY (ARRAY[$2::VARCHAR, $3::VARCHAR, $4::VARCHAR, $5::VARCHAR, $6::VARCHAR]) AND pg_catalog.pg_table_is_visible(pg_catalog.pg_class.oid) AND pg_catalog.pg_namespace.nspname != $7::VARCHAR"}
{"asctime": "2026-03-23 11:13:25,585", "level": "INFO", "logger": "sqlalchemy.engine.Engine", "message": "[cached since 0.008701s ago] ('family_members', 'r', 'p', 'f', 'v', 'm', 'pg_catalog')"}
{"asctime": "2026-03-23 11:13:25,596", "level": "INFO", "logger": "sqlalchemy.engine.Engine", "message": "SELECT pg_catalog.pg_class.relname \nFROM pg_catalog.pg_class JOIN pg_catalog.pg_namespace ON pg_catalog.pg_namespace.oid = pg_catalog.pg_class.relnamespace \nWHERE pg_catalog.pg_class.relname = $1::VARCHAR AND pg_catalog.pg_class.relkind = ANY (ARRAY[$2::VARCHAR, $3::VARCHAR, $4::VARCHAR, $5::VARCHAR, $6::VARCHAR]) AND pg_catalog.pg_table_is_visible(pg_catalog.pg_class.oid) AND pg_catalog.pg_namespace.nspname != $7::VARCHAR"}
{"asctime": "2026-03-23 11:13:25,596", "level": "INFO", "logger": "sqlalchemy.engine.Engine", "message": "[cached since 0.01167s ago] ('medical_records', 'r', 'p', 'f', 'v', 'm', 'pg_catalog')"}
{"asctime": "2026-03-23 11:13:25,598", "level": "INFO", "logger": "sqlalchemy.engine.Engine", "message": "SELECT pg_catalog.pg_class.relname \nFROM pg_catalog.pg_class JOIN pg_catalog.pg_namespace ON pg_catalog.pg_namespace.oid = pg_catalog.pg_class.relnamespace \nWHERE pg_catalog.pg_class.relname = $1::VARCHAR AND pg_catalog.pg_class.relkind = ANY (ARRAY[$2::VARCHAR, $3::VARCHAR, $4::VARCHAR, $5::VARCHAR, $6::VARCHAR]) AND pg_catalog.pg_table_is_visible(pg_catalog.pg_class.oid) AND pg_catalog.pg_namespace.nspname != $7::VARCHAR"}
{"asctime": "2026-03-23 11:13:25,598", "level": "INFO", "logger": "sqlalchemy.engine.Engine", "message": "[cached since 0.01535s ago] ('prescriptions', 'r', 'p', 'f', 'v', 'm', 'pg_catalog')"}
{"asctime": "2026-03-23 11:13:25,602", "level": "INFO", "logger": "sqlalchemy.engine.Engine", "message": "SELECT pg_catalog.pg_class.relname \nFROM pg_catalog.pg_class JOIN pg_catalog.pg_namespace ON pg_catalog.pg_namespace.oid = pg_catalog.pg_class.relnamespace \nWHERE pg_catalog.pg_class.relname = $1::VARCHAR AND pg_catalog.pg_class.relkind = ANY (ARRAY[$2::VARCHAR, $3::VARCHAR, $4::VARCHAR, $5::VARCHAR, $6::VARCHAR]) AND pg_catalog.pg_table_is_visible(pg_catalog.pg_class.oid) AND pg_catalog.pg_namespace.nspname != $7::VARCHAR"}
{"asctime": "2026-03-23 11:13:25,602", "level": "INFO", "logger": "sqlalchemy.engine.Engine", "message": "[cached since 0.01725s ago] ('medicines', 'r', 'p', 'f', 'v', 'm', 'pg_catalog')"}
{"asctime": "2026-03-23 11:13:25,602", "level": "INFO", "logger": "sqlalchemy.engine.Engine", "message": "SELECT pg_catalog.pg_class.relname \nFROM pg_catalog.pg_class JOIN pg_catalog.pg_namespace ON pg_catalog.pg_namespace.oid = pg_catalog.pg_class.relnamespace \nWHERE pg_catalog.pg_class.relname = $1::VARCHAR AND pg_catalog.pg_class.relkind = ANY (ARRAY[$2::VARCHAR, $3::VARCHAR, $4::VARCHAR, $5::VARCHAR, $6::VARCHAR]) AND pg_catalog.pg_table_is_visible(pg_catalog.pg_class.oid) AND pg_catalog.pg_namespace.nspname != $7::VARCHAR"}
{"asctime": "2026-03-23 11:13:25,602", "level": "INFO", "logger": "sqlalchemy.engine.Engine", "message": "[cached since 0.01904s ago] ('medication_schedules', 'r', 'p', 'f', 'v', 'm', 'pg_catalog')"}
{"asctime": "2026-03-23 11:13:25,602", "level": "INFO", "logger": "sqlalchemy.engine.Engine", "message": "SELECT pg_catalog.pg_class.relname \nFROM pg_catalog.pg_class JOIN pg_catalog.pg_namespace ON pg_catalog.pg_namespace.oid = pg_catalog.pg_class.relnamespace \nWHERE pg_catalog.pg_class.relname = $1::VARCHAR AND pg_catalog.pg_class.relkind = ANY (ARRAY[$2::VARCHAR, $3::VARCHAR, $4::VARCHAR, $5::VARCHAR, $6::VARCHAR]) AND pg_catalog.pg_table_is_visible(pg_catalog.pg_class.oid) AND pg_catalog.pg_namespace.nspname != $7::VARCHAR"}
{"asctime": "2026-03-23 11:13:25,602", "level": "INFO", "logger": "sqlalchemy.engine.Engine", "message": "[cached since 0.02061s ago] ('health_metrics', 'r', 'p', 'f', 'v', 'm', 'pg_catalog')"}
{"asctime": "2026-03-23 11:13:25,607", "level": "INFO", "logger": "sqlalchemy.engine.Engine", "message": "SELECT pg_catalog.pg_class.relname \nFROM pg_catalog.pg_class JOIN pg_catalog.pg_namespace ON pg_catalog.pg_namespace.oid = pg_catalog.pg_class.relnamespace \nWHERE pg_catalog.pg_class.relname = $1::VARCHAR AND pg_catalog.pg_class.relkind = ANY (ARRAY[$2::VARCHAR, $3::VARCHAR, $4::VARCHAR, $5::VARCHAR, $6::VARCHAR]) AND pg_catalog.pg_table_is_visible(pg_catalog.pg_class.oid) AND pg_catalog.pg_namespace.nspname != $7::VARCHAR"}
{"asctime": "2026-03-23 11:13:25,607", "level": "INFO", "logger": "sqlalchemy.engine.Engine", "message": "[cached since 0.02202s ago] ('emergency_contacts', 'r', 'p', 'f', 'v', 'm', 'pg_catalog')"}
{"asctime": "2026-03-23 11:13:25,607", "level": "INFO", "logger": "sqlalchemy.engine.Engine", "message": "SELECT pg_catalog.pg_class.relname \nFROM pg_catalog.pg_class JOIN pg_catalog.pg_namespace ON pg_catalog.pg_namespace.oid = pg_catalog.pg_class.relnamespace \nWHERE pg_catalog.pg_class.relname = $1::VARCHAR AND pg_catalog.pg_class.relkind = ANY (ARRAY[$2::VARCHAR, $3::VARCHAR, $4::VARCHAR, $5::VARCHAR, $6::VARCHAR]) AND pg_catalog.pg_table_is_visible(pg_catalog.pg_class.oid) AND pg_catalog.pg_namespace.nspname != $7::VARCHAR"}
{"asctime": "2026-03-23 11:13:25,607", "level": "INFO", "logger": "sqlalchemy.engine.Engine", "message": "[cached since 0.02314s ago] ('ai_conversations', 'r', 'p', 'f', 'v', 'm', 'pg_catalog')"}
{"asctime": "2026-03-23 11:13:25,607", "level": "INFO", "logger": "sqlalchemy.engine.Engine", "message": "COMMIT"}
{"asctime": "2026-03-23 11:13:25,698", "level": "DEBUG", "logger": "tzlocal", "message": "Looking up time zone info from registry"}
{"asctime": "2026-03-23 11:13:25,708", "level": "INFO", "logger": "app.services.reminder_worker", "message": "[ReminderWorker] APScheduler started (5-min reminders + 08:00 refill alerts)"}
{"asctime": "2026-03-23 11:13:25,708", "level": "WARNING", "logger": "app.services.notification_service", "message": "FIREBASE_CREDENTIALS_PATH not set \u2014 push notifications disabled."}
{"asctime": "2026-03-23 11:13:25,708", "level": "WARNING", "logger": "app.services.notification_service", "message": "ENCRYPTION_KEY not set \u2014 using derived key. Set ENCRYPTION_KEY in .env for production security."}
{"asctime": "2026-03-23 11:13:25,748", "level": "INFO", "logger": "app.services.cache_service", "message": "Redis connected: redis://localhost:6379/0"}
{"asctime": "2026-03-23 11:13:25,748", "level": "INFO", "logger": "main", "message": "VitaPulse AI v1.0.0 started"}
{"asctime": "2026-03-23 11:13:25,748", "level": "INFO", "logger": "main", "message": "API docs: http://localhost:8000/docs"}
{"asctime": "2026-03-23 11:13:27,922", "level": "INFO", "logger": "app.services.reminder_worker", "message": "[ReminderWorker] Scheduler stopped."}
{"asctime": "2026-03-23 11:13:27,922", "level": "INFO", "logger": "main", "message": "VitaPulse AI shut down"}
{"asctime": "2026-03-23 11:13:29,423", "level": "DEBUG", "logger": "passlib.utils.compat", "message": "loaded lazy attr 'SafeConfigParser': <class 'configparser.ConfigParser'>"}
{"asctime": "2026-03-23 11:13:29,423", "level": "DEBUG", "logger": "passlib.utils.compat", "message": "loaded lazy attr 'NativeStringIO': <class '_io.StringIO'>"}
{"asctime": "2026-03-23 11:13:29,423", "level": "DEBUG", "logger": "passlib.utils.compat", "message": "loaded lazy attr 'BytesIO': <class '_io.BytesIO'>"}
{"asctime": "2026-03-23 11:13:29,430", "level": "DEBUG", "logger": "passlib.registry", "message": "registered 'bcrypt' handler: <class 'passlib.handlers.bcrypt.bcrypt'>"}
{"asctime": "2026-03-23 11:13:29,963", "level": "INFO", "logger": "sqlalchemy.engine.Engine", "message": "select pg_catalog.version()"}
{"asctime": "2026-03-23 11:13:29,965", "level": "INFO", "logger": "sqlalchemy.engine.Engine", "message": "[raw sql] ()"}
{"asctime": "2026-03-23 11:13:29,968", "level": "INFO", "logger": "sqlalchemy.engine.Engine", "message": "select current_schema()"}
{"asctime": "2026-03-23 11:13:29,968", "level": "INFO", "logger": "sqlalchemy.engine.Engine", "message": "[raw sql] ()"}
{"asctime": "2026-03-23 11:13:29,968", "level": "INFO", "logger": "sqlalchemy.engine.Engine", "message": "show standard_conforming_strings"}
{"asctime": "2026-03-23 11:13:29,968", "level": "INFO", "logger": "sqlalchemy.engine.Engine", "message": "[raw sql] ()"}
{"asctime": "2026-03-23 11:13:29,968", "level": "INFO", "logger": "sqlalchemy.engine.Engine", "message": "BEGIN (implicit)"}
{"asctime": "2026-03-23 11:13:29,976", "level": "INFO", "logger": "sqlalchemy.engine.Engine", "message": "SELECT pg_catalog.pg_class.relname \nFROM pg_catalog.pg_class JOIN pg_catalog.pg_namespace ON pg_catalog.pg_namespace.oid = pg_catalog.pg_class.relnamespace \nWHERE pg_catalog.pg_class.relname = $1::VARCHAR AND pg_catalog.pg_class.relkind = ANY (ARRAY[$2::VARCHAR, $3::VARCHAR, $4::VARCHAR, $5::VARCHAR, $6::VARCHAR]) AND pg_catalog.pg_table_is_visible(pg_catalog.pg_class.oid) AND pg_catalog.pg_namespace.nspname != $7::VARCHAR"}
{"asctime": "2026-03-23 11:13:29,977", "level": "INFO", "logger": "sqlalchemy.engine.Engine", "message": "[generated in 0.00098s] ('users', 'r', 'p', 'f', 'v', 'm', 'pg_catalog')"}
{"asctime": "2026-03-23 11:13:29,984", "level": "INFO", "logger": "sqlalchemy.engine.Engine", "message": "SELECT pg_catalog.pg_class.relname \nFROM pg_catalog.pg_class JOIN pg_catalog.pg_namespace ON pg_catalog.pg_namespace.oid = pg_catalog.pg_class.relnamespace \nWHERE pg_catalog.pg_class.relname = $1::VARCHAR AND pg_catalog.pg_class.relkind = ANY (ARRAY[$2::VARCHAR, $3::VARCHAR, $4::VARCHAR, $5::VARCHAR, $6::VARCHAR]) AND pg_catalog.pg_table_is_visible(pg_catalog.pg_class.oid) AND pg_catalog.pg_namespace.nspname != $7::VARCHAR"}
{"asctime": "2026-03-23 11:13:29,984", "level": "INFO", "logger": "sqlalchemy.engine.Engine", "message": "[cached since 0.008304s ago] ('otps', 'r', 'p', 'f', 'v', 'm', 'pg_catalog')"}
{"asctime": "2026-03-23 11:13:29,986", "level": "INFO", "logger": "sqlalchemy.engine.Engine", "message": "SELECT pg_catalog.pg_class.relname \nFROM pg_catalog.pg_class JOIN pg_catalog.pg_namespace ON pg_catalog.pg_namespace.oid = pg_catalog.pg_class.relnamespace \nWHERE pg_catalog.pg_class.relname = $1::VARCHAR AND pg_catalog.pg_class.relkind = ANY (ARRAY[$2::VARCHAR, $3::VARCHAR, $4::VARCHAR, $5::VARCHAR, $6::VARCHAR]) AND pg_catalog.pg_table_is_visible(pg_catalog.pg_class.oid) AND pg_catalog.pg_namespace.nspname != $7::VARCHAR"}
{"asctime": "2026-03-23 11:13:29,986", "level": "INFO", "logger": "sqlalchemy.engine.Engine", "message": "[cached since 0.009919s ago] ('family_members', 'r', 'p', 'f', 'v', 'm', 'pg_catalog')"}
{"asctime": "2026-03-23 11:13:29,986", "level": "INFO", "logger": "sqlalchemy.engine.Engine", "message": "SELECT pg_catalog.pg_class.relname \nFROM pg_catalog.pg_class JOIN pg_catalog.pg_namespace ON pg_catalog.pg_namespace.oid = pg_catalog.pg_class.relnamespace \nWHERE pg_catalog.pg_class.relname = $1::VARCHAR AND pg_catalog.pg_class.relkind = ANY (ARRAY[$2::VARCHAR, $3::VARCHAR, $4::VARCHAR, $5::VARCHAR, $6::VARCHAR]) AND pg_catalog.pg_table_is_visible(pg_catalog.pg_class.oid) AND pg_catalog.pg_namespace.nspname != $7::VARCHAR"}
{"asctime": "2026-03-23 11:13:29,988", "level": "INFO", "logger": "sqlalchemy.engine.Engine", "message": "[cached since 0.01151s ago] ('medical_records', 'r', 'p', 'f', 'v', 'm', 'pg_catalog')"}
{"asctime": "2026-03-23 11:13:29,988", "level": "INFO", "logger": "sqlalchemy.engine.Engine", "message": "SELECT pg_catalog.pg_class.relname \nFROM pg_catalog.pg_class JOIN pg_catalog.pg_namespace ON pg_catalog.pg_namespace.oid = pg_catalog.pg_class.relnamespace \nWHERE pg_catalog.pg_class.relname = $1::VARCHAR AND pg_catalog.pg_class.relkind = ANY (ARRAY[$2::VARCHAR, $3::VARCHAR, $4::VARCHAR, $5::VARCHAR, $6::VARCHAR]) AND pg_catalog.pg_table_is_visible(pg_catalog.pg_class.oid) AND pg_catalog.pg_namespace.nspname != $7::VARCHAR"}
{"asctime": "2026-03-23 11:13:29,990", "level": "INFO", "logger": "sqlalchemy.engine.Engine", "message": "[cached since 0.01381s ago] ('prescriptions', 'r', 'p', 'f', 'v', 'm', 'pg_catalog')"}
{"asctime": "2026-03-23 11:13:29,990", "level": "INFO", "logger": "sqlalchemy.engine.Engine", "message": "SELECT pg_catalog.pg_class.relname \nFROM pg_catalog.pg_class JOIN pg_catalog.pg_namespace ON pg_catalog.pg_namespace.oid = pg_catalog.pg_class.relnamespace \nWHERE pg_catalog.pg_class.relname = $1::VARCHAR AND pg_catalog.pg_class.relkind = ANY (ARRAY[$2::VARCHAR, $3::VARCHAR, $4::VARCHAR, $5::VARCHAR, $6::VARCHAR]) AND pg_catalog.pg_table_is_visible(pg_catalog.pg_class.oid) AND pg_catalog.pg_namespace.nspname != $7::VARCHAR"}
{"asctime": "2026-03-23 11:13:29,992", "level": "INFO", "logger": "sqlalchemy.engine.Engine", "message": "[cached since 0.01552s ago] ('medicines', 'r', 'p', 'f', 'v', 'm', 'pg_catalog')"}
{"asctime": "2026-03-23 11:13:29,993", "level": "INFO", "logger": "sqlalchemy.engine.Engine", "message": "SELECT pg_catalog.pg_class.relname \nFROM pg_catalog.pg_class JOIN pg_catalog.pg_namespace ON pg_catalog.pg_namespace.oid = pg_catalog.pg_class.relnamespace \nWHERE pg_catalog.pg_class.relname = $1::VARCHAR AND pg_catalog.pg_class.relkind = ANY (ARRAY[$2::VARCHAR, $3::VARCHAR, $4::VARCHAR, $5::VARCHAR, $6::VARCHAR]) AND pg_catalog.pg_table_is_visible(pg_catalog.pg_class.oid) AND pg_catalog.pg_namespace.nspname != $7::VARCHAR"}
{"asctime": "2026-03-23 11:13:29,993", "level": "INFO", "logger": "sqlalchemy.engine.Engine", "message": "[cached since 0.01756s ago] ('medication_schedules', 'r', 'p', 'f', 'v', 'm', 'pg_catalog')"}
{"asctime": "2026-03-23 11:13:29,995", "level": "INFO", "logger": "sqlalchemy.engine.Engine", "message": "SELECT pg_catalog.pg_class.relname \nFROM pg_catalog.pg_class JOIN pg_catalog.pg_namespace ON pg_catalog.pg_namespace.oid = pg_catalog.pg_class.relnamespace \nWHERE pg_catalog.pg_class.relname = $1::VARCHAR AND pg_catalog.pg_class.relkind = ANY (ARRAY[$2::VARCHAR, $3::VARCHAR, $4::VARCHAR, $5::VARCHAR, $6::VARCHAR]) AND pg_catalog.pg_table_is_visible(pg_catalog.pg_class.oid) AND pg_catalog.pg_namespace.nspname != $7::VARCHAR"}
{"asctime": "2026-03-23 11:13:29,995", "level": "INFO", "logger": "sqlalchemy.engine.Engine", "message": "[cached since 0.01917s ago] ('health_metrics', 'r', 'p', 'f', 'v', 'm', 'pg_catalog')"}
{"asctime": "2026-03-23 11:13:29,995", "level": "INFO", "logger": "sqlalchemy.engine.Engine", "message": "SELECT pg_catalog.pg_class.relname \nFROM pg_catalog.pg_class JOIN pg_catalog.pg_namespace ON pg_catalog.pg_namespace.oid = pg_catalog.pg_class.relnamespace \nWHERE pg_catalog.pg_class.relname = $1::VARCHAR AND pg_catalog.pg_class.relkind = ANY (ARRAY[$2::VARCHAR, $3::VARCHAR, $4::VARCHAR, $5::VARCHAR, $6::VARCHAR]) AND pg_catalog.pg_table_is_visible(pg_catalog.pg_class.oid) AND pg_catalog.pg_namespace.nspname != $7::VARCHAR"}
{"asctime": "2026-03-23 11:13:29,997", "level": "INFO", "logger": "sqlalchemy.engine.Engine", "message": "[cached since 0.02053s ago] ('emergency_contacts', 'r', 'p', 'f', 'v', 'm', 'pg_catalog')"}
{"asctime": "2026-03-23 11:13:29,997", "level": "INFO", "logger": "sqlalchemy.engine.Engine", "message": "SELECT pg_catalog.pg_class.relname \nFROM pg_catalog.pg_class JOIN pg_catalog.pg_namespace ON pg_catalog.pg_namespace.oid = pg_catalog.pg_class.relnamespace \nWHERE pg_catalog.pg_class.relname = $1::VARCHAR AND pg_catalog.pg_class.relkind = ANY (ARRAY[$2::VARCHAR, $3::VARCHAR, $4::VARCHAR, $5::VARCHAR, $6::VARCHAR]) AND pg_catalog.pg_table_is_visible(pg_catalog.pg_class.oid) AND pg_catalog.pg_namespace.nspname != $7::VARCHAR"}
{"asctime": "2026-03-23 11:13:29,997", "level": "INFO", "logger": "sqlalchemy.engine.Engine", "message": "[cached since 0.02171s ago] ('ai_conversations', 'r', 'p', 'f', 'v', 'm', 'pg_catalog')"}
{"asctime": "2026-03-23 11:13:29,999", "level": "INFO", "logger": "sqlalchemy.engine.Engine", "message": "COMMIT"}
{"asctime": "2026-03-23 11:13:30,083", "level": "DEBUG", "logger": "tzlocal", "message": "Looking up time zone info from registry"}
{"asctime": "2026-03-23 11:13:30,085", "level": "INFO", "logger": "app.services.reminder_worker", "message": "[ReminderWorker] APScheduler started (5-min reminders + 08:00 refill alerts)"}
{"asctime": "2026-03-23 11:13:30,085", "level": "WARNING", "logger": "app.services.notification_service", "message": "FIREBASE_CREDENTIALS_PATH not set \u2014 push notifications disabled."}
{"asctime": "2026-03-23 11:13:30,085", "level": "WARNING", "logger": "app.services.notification_service", "message": "ENCRYPTION_KEY not set \u2014 using derived key. Set ENCRYPTION_KEY in .env for production security."}
{"asctime": "2026-03-23 11:13:30,130", "level": "INFO", "logger": "app.services.cache_service", "message": "Redis connected: redis://localhost:6379/0"}
{"asctime": "2026-03-23 11:13:30,131", "level": "INFO", "logger": "main", "message": "VitaPulse AI v1.0.0 started"}
{"asctime": "2026-03-23 11:13:30,131", "level": "INFO", "logger": "main", "message": "API docs: http://localhost:8000/docs"}
{"asctime": "2026-03-23 11:13:33,379", "level": "INFO", "logger": "app.services.reminder_worker", "message": "[ReminderWorker] Scheduler stopped."}
{"asctime": "2026-03-23 11:13:33,379", "level": "INFO", "logger": "main", "message": "VitaPulse AI shut down"}
{"asctime": "2026-03-23 11:13:34,609", "level": "DEBUG", "logger": "passlib.utils.compat", "message": "loaded lazy attr 'SafeConfigParser': <class 'configparser.ConfigParser'>"}
{"asctime": "2026-03-23 11:13:34,609", "level": "DEBUG", "logger": "passlib.utils.compat", "message": "loaded lazy attr 'NativeStringIO': <class '_io.StringIO'>"}
{"asctime": "2026-03-23 11:13:34,609", "level": "DEBUG", "logger": "passlib.utils.compat", "message": "loaded lazy attr 'BytesIO': <class '_io.BytesIO'>"}
{"asctime": "2026-03-23 11:13:34,614", "level": "DEBUG", "logger": "passlib.registry", "message": "registered 'bcrypt' handler: <class 'passlib.handlers.bcrypt.bcrypt'>"}
{"asctime": "2026-03-23 11:13:35,171", "level": "INFO", "logger": "sqlalchemy.engine.Engine", "message": "select pg_catalog.version()"}
{"asctime": "2026-03-23 11:13:35,171", "level": "INFO", "logger": "sqlalchemy.engine.Engine", "message": "[raw sql] ()"}
{"asctime": "2026-03-23 11:13:35,176", "level": "INFO", "logger": "sqlalchemy.engine.Engine", "message": "select current_schema()"}
{"asctime": "2026-03-23 11:13:35,176", "level": "INFO", "logger": "sqlalchemy.engine.Engine", "message": "[raw sql] ()"}
{"asctime": "2026-03-23 11:13:35,179", "level": "INFO", "logger": "sqlalchemy.engine.Engine", "message": "show standard_conforming_strings"}
{"asctime": "2026-03-23 11:13:35,179", "level": "INFO", "logger": "sqlalchemy.engine.Engine", "message": "[raw sql] ()"}
{"asctime": "2026-03-23 11:13:35,182", "level": "INFO", "logger": "sqlalchemy.engine.Engine", "message": "BEGIN (implicit)"}
{"asctime": "2026-03-23 11:13:35,187", "level": "INFO", "logger": "sqlalchemy.engine.Engine", "message": "SELECT pg_catalog.pg_class.relname \nFROM pg_catalog.pg_class JOIN pg_catalog.pg_namespace ON pg_catalog.pg_namespace.oid = pg_catalog.pg_class.relnamespace \nWHERE pg_catalog.pg_class.relname = $1::VARCHAR AND pg_catalog.pg_class.relkind = ANY (ARRAY[$2::VARCHAR, $3::VARCHAR, $4::VARCHAR, $5::VARCHAR, $6::VARCHAR]) AND pg_catalog.pg_table_is_visible(pg_catalog.pg_class.oid) AND pg_catalog.pg_namespace.nspname != $7::VARCHAR"}
{"asctime": "2026-03-23 11:13:35,187", "level": "INFO", "logger": "sqlalchemy.engine.Engine", "message": "[generated in 0.00146s] ('users', 'r', 'p', 'f', 'v', 'm', 'pg_catalog')"}
{"asctime": "2026-03-23 11:13:35,193", "level": "INFO", "logger": "sqlalchemy.engine.Engine", "message": "SELECT pg_catalog.pg_class.relname \nFROM pg_catalog.pg_class JOIN pg_catalog.pg_namespace ON pg_catalog.pg_namespace.oid = pg_catalog.pg_class.relnamespace \nWHERE pg_catalog.pg_class.relname = $1::VARCHAR AND pg_catalog.pg_class.relkind = ANY (ARRAY[$2::VARCHAR, $3::VARCHAR, $4::VARCHAR, $5::VARCHAR, $6::VARCHAR]) AND pg_catalog.pg_table_is_visible(pg_catalog.pg_class.oid) AND pg_catalog.pg_namespace.nspname != $7::VARCHAR"}
{"asctime": "2026-03-23 11:13:35,195", "level": "INFO", "logger": "sqlalchemy.engine.Engine", "message": "[cached since 0.008481s ago] ('otps', 'r', 'p', 'f', 'v', 'm', 'pg_catalog')"}
{"asctime": "2026-03-23 11:13:35,196", "level": "INFO", "logger": "sqlalchemy.engine.Engine", "message": "SELECT pg_catalog.pg_class.relname \nFROM pg_catalog.pg_class JOIN pg_catalog.pg_namespace ON pg_catalog.pg_namespace.oid = pg_catalog.pg_class.relnamespace \nWHERE pg_catalog.pg_class.relname = $1::VARCHAR AND pg_catalog.pg_class.relkind = ANY (ARRAY[$2::VARCHAR, $3::VARCHAR, $4::VARCHAR, $5::VARCHAR, $6::VARCHAR]) AND pg_catalog.pg_table_is_visible(pg_catalog.pg_class.oid) AND pg_catalog.pg_namespace.nspname != $7::VARCHAR"}
{"asctime": "2026-03-23 11:13:35,198", "level": "INFO", "logger": "sqlalchemy.engine.Engine", "message": "[cached since 0.0111s ago] ('family_members', 'r', 'p', 'f', 'v', 'm', 'pg_catalog')"}
{"asctime": "2026-03-23 11:13:35,198", "level": "INFO", "logger": "sqlalchemy.engine.Engine", "message": "SELECT pg_catalog.pg_class.relname \nFROM pg_catalog.pg_class JOIN pg_catalog.pg_namespace ON pg_catalog.pg_namespace.oid = pg_catalog.pg_class.relnamespace \nWHERE pg_catalog.pg_class.relname = $1::VARCHAR AND pg_catalog.pg_class.relkind = ANY (ARRAY[$2::VARCHAR, $3::VARCHAR, $4::VARCHAR, $5::VARCHAR, $6::VARCHAR]) AND pg_catalog.pg_table_is_visible(pg_catalog.pg_class.oid) AND pg_catalog.pg_namespace.nspname != $7::VARCHAR"}
{"asctime": "2026-03-23 11:13:35,200", "level": "INFO", "logger": "sqlalchemy.engine.Engine", "message": "[cached since 0.01328s ago] ('medical_records', 'r', 'p', 'f', 'v', 'm', 'pg_catalog')"}
{"asctime": "2026-03-23 11:13:35,201", "level": "INFO", "logger": "sqlalchemy.engine.Engine", "message": "SELECT pg_catalog.pg_class.relname \nFROM pg_catalog.pg_class JOIN pg_catalog.pg_namespace ON pg_catalog.pg_namespace.oid = pg_catalog.pg_class.relnamespace \nWHERE pg_catalog.pg_class.relname = $1::VARCHAR AND pg_catalog.pg_class.relkind = ANY (ARRAY[$2::VARCHAR, $3::VARCHAR, $4::VARCHAR, $5::VARCHAR, $6::VARCHAR]) AND pg_catalog.pg_table_is_visible(pg_catalog.pg_class.oid) AND pg_catalog.pg_namespace.nspname != $7::VARCHAR"}
{"asctime": "2026-03-23 11:13:35,202", "level": "INFO", "logger": "sqlalchemy.engine.Engine", "message": "[cached since 0.01527s ago] ('prescriptions', 'r', 'p', 'f', 'v', 'm', 'pg_catalog')"}
{"asctime": "2026-03-23 11:13:35,202", "level": "INFO", "logger": "sqlalchemy.engine.Engine", "message": "SELECT pg_catalog.pg_class.relname \nFROM pg_catalog.pg_class JOIN pg_catalog.pg_namespace ON pg_catalog.pg_namespace.oid = pg_catalog.pg_class.relnamespace \nWHERE pg_catalog.pg_class.relname = $1::VARCHAR AND pg_catalog.pg_class.relkind = ANY (ARRAY[$2::VARCHAR, $3::VARCHAR, $4::VARCHAR, $5::VARCHAR, $6::VARCHAR]) AND pg_catalog.pg_table_is_visible(pg_catalog.pg_class.oid) AND pg_catalog.pg_namespace.nspname != $7::VARCHAR"}
{"asctime": "2026-03-23 11:13:35,202", "level": "INFO", "logger": "sqlalchemy.engine.Engine", "message": "[cached since 0.0177s ago] ('medicines', 'r', 'p', 'f', 'v', 'm', 'pg_catalog')"}
{"asctime": "2026-03-23 11:13:35,205", "level": "INFO", "logger": "sqlalchemy.engine.Engine", "message": "SELECT pg_catalog.pg_class.relname \nFROM pg_catalog.pg_class JOIN pg_catalog.pg_namespace ON pg_catalog.pg_namespace.oid = pg_catalog.pg_class.relnamespace \nWHERE pg_catalog.pg_class.relname = $1::VARCHAR AND pg_catalog.pg_class.relkind = ANY (ARRAY[$2::VARCHAR, $3::VARCHAR, $4::VARCHAR, $5::VARCHAR, $6::VARCHAR]) AND pg_catalog.pg_table_is_visible(pg_catalog.pg_class.oid) AND pg_catalog.pg_namespace.nspname != $7::VARCHAR"}
{"asctime": "2026-03-23 11:13:35,205", "level": "INFO", "logger": "sqlalchemy.engine.Engine", "message": "[cached since 0.01929s ago] ('medication_schedules', 'r', 'p', 'f', 'v', 'm', 'pg_catalog')"}
{"asctime": "2026-03-23 11:13:35,207", "level": "INFO", "logger": "sqlalchemy.engine.Engine", "message": "SELECT pg_catalog.pg_class.relname \nFROM pg_catalog.pg_class JOIN pg_catalog.pg_namespace ON pg_catalog.pg_namespace.oid = pg_catalog.pg_class.relnamespace \nWHERE pg_catalog.pg_class.relname = $1::VARCHAR AND pg_catalog.pg_class.relkind = ANY (ARRAY[$2::VARCHAR, $3::VARCHAR, $4::VARCHAR, $5::VARCHAR, $6::VARCHAR]) AND pg_catalog.pg_table_is_visible(pg_catalog.pg_class.oid) AND pg_catalog.pg_namespace.nspname != $7::VARCHAR"}
{"asctime": "2026-03-23 11:13:35,207", "level": "INFO", "logger": "sqlalchemy.engine.Engine", "message": "[cached since 0.02071s ago] ('health_metrics', 'r', 'p', 'f', 'v', 'm', 'pg_catalog')"}
{"asctime": "2026-03-23 11:13:35,207", "level": "INFO", "logger": "sqlalchemy.engine.Engine", "message": "SELECT pg_catalog.pg_class.relname \nFROM pg_catalog.pg_class JOIN pg_catalog.pg_namespace ON pg_catalog.pg_namespace.oid = pg_catalog.pg_class.relnamespace \nWHERE pg_catalog.pg_class.relname = $1::VARCHAR AND pg_catalog.pg_class.relkind = ANY (ARRAY[$2::VARCHAR, $3::VARCHAR, $4::VARCHAR, $5::VARCHAR, $6::VARCHAR]) AND pg_catalog.pg_table_is_visible(pg_catalog.pg_class.oid) AND pg_catalog.pg_namespace.nspname != $7::VARCHAR"}
{"asctime": "2026-03-23 11:13:35,208", "level": "INFO", "logger": "sqlalchemy.engine.Engine", "message": "[cached since 0.02213s ago] ('emergency_contacts', 'r', 'p', 'f', 'v', 'm', 'pg_catalog')"}
{"asctime": "2026-03-23 11:13:35,209", "level": "INFO", "logger": "sqlalchemy.engine.Engine", "message": "SELECT pg_catalog.pg_class.relname \nFROM pg_catalog.pg_class JOIN pg_catalog.pg_namespace ON pg_catalog.pg_namespace.oid = pg_catalog.pg_class.relnamespace \nWHERE pg_catalog.pg_class.relname = $1::VARCHAR AND pg_catalog.pg_class.relkind = ANY (ARRAY[$2::VARCHAR, $3::VARCHAR, $4::VARCHAR, $5::VARCHAR, $6::VARCHAR]) AND pg_catalog.pg_table_is_visible(pg_catalog.pg_class.oid) AND pg_catalog.pg_namespace.nspname != $7::VARCHAR"}
{"asctime": "2026-03-23 11:13:35,209", "level": "INFO", "logger": "sqlalchemy.engine.Engine", "message": "[cached since 0.02358s ago] ('ai_conversations', 'r', 'p', 'f', 'v', 'm', 'pg_catalog')"}
{"asctime": "2026-03-23 11:13:35,211", "level": "INFO", "logger": "sqlalchemy.engine.Engine", "message": "COMMIT"}
{"asctime": "2026-03-23 11:13:35,344", "level": "DEBUG", "logger": "tzlocal", "message": "Looking up time zone info from registry"}
{"asctime": "2026-03-23 11:13:35,348", "level": "INFO", "logger": "app.services.reminder_worker", "message": "[ReminderWorker] APScheduler started (5-min reminders + 08:00 refill alerts)"}
{"asctime": "2026-03-23 11:13:35,348", "level": "WARNING", "logger": "app.services.notification_service", "message": "FIREBASE_CREDENTIALS_PATH not set \u2014 push notifications disabled."}
{"asctime": "2026-03-23 11:13:35,348", "level": "WARNING", "logger": "app.services.notification_service", "message": "ENCRYPTION_KEY not set \u2014 using derived key. Set ENCRYPTION_KEY in .env for production security."}
{"asctime": "2026-03-23 11:13:35,408", "level": "INFO", "logger": "app.services.cache_service", "message": "Redis connected: redis://localhost:6379/0"}
{"asctime": "2026-03-23 11:13:35,408", "level": "INFO", "logger": "main", "message": "VitaPulse AI v1.0.0 started"}
{"asctime": "2026-03-23 11:13:35,408", "level": "INFO", "logger": "main", "message": "API docs: http://localhost:8000/docs"}
{"asctime": "2026-03-23 11:13:55,957", "level": "INFO", "logger": "app.services.reminder_worker", "message": "[ReminderWorker] Scheduler stopped."}
{"asctime": "2026-03-23 11:13:55,957", "level": "INFO", "logger": "main", "message": "VitaPulse AI shut down"}
{"asctime": "2026-03-23 11:13:57,391", "level": "DEBUG", "logger": "passlib.utils.compat", "message": "loaded lazy attr 'SafeConfigParser': <class 'configparser.ConfigParser'>"}
{"asctime": "2026-03-23 11:13:57,391", "level": "DEBUG", "logger": "passlib.utils.compat", "message": "loaded lazy attr 'NativeStringIO': <class '_io.StringIO'>"}
{"asctime": "2026-03-23 11:13:57,391", "level": "DEBUG", "logger": "passlib.utils.compat", "message": "loaded lazy attr 'BytesIO': <class '_io.BytesIO'>"}
{"asctime": "2026-03-23 11:13:57,395", "level": "DEBUG", "logger": "passlib.registry", "message": "registered 'bcrypt' handler: <class 'passlib.handlers.bcrypt.bcrypt'>"}
{"asctime": "2026-03-23 11:13:58,013", "level": "INFO", "logger": "sqlalchemy.engine.Engine", "message": "select pg_catalog.version()"}
{"asctime": "2026-03-23 11:13:58,013", "level": "INFO", "logger": "sqlalchemy.engine.Engine", "message": "[raw sql] ()"}
{"asctime": "2026-03-23 11:13:58,013", "level": "INFO", "logger": "sqlalchemy.engine.Engine", "message": "select current_schema()"}
{"asctime": "2026-03-23 11:13:58,021", "level": "INFO", "logger": "sqlalchemy.engine.Engine", "message": "[raw sql] ()"}
{"asctime": "2026-03-23 11:13:58,023", "level": "INFO", "logger": "sqlalchemy.engine.Engine", "message": "show standard_conforming_strings"}
{"asctime": "2026-03-23 11:13:58,023", "level": "INFO", "logger": "sqlalchemy.engine.Engine", "message": "[raw sql] ()"}
{"asctime": "2026-03-23 11:13:58,023", "level": "INFO", "logger": "sqlalchemy.engine.Engine", "message": "BEGIN (implicit)"}
{"asctime": "2026-03-23 11:13:58,028", "level": "INFO", "logger": "sqlalchemy.engine.Engine", "message": "SELECT pg_catalog.pg_class.relname \nFROM pg_catalog.pg_class JOIN pg_catalog.pg_namespace ON pg_catalog.pg_namespace.oid = pg_catalog.pg_class.relnamespace \nWHERE pg_catalog.pg_class.relname = $1::VARCHAR AND pg_catalog.pg_class.relkind = ANY (ARRAY[$2::VARCHAR, $3::VARCHAR, $4::VARCHAR, $5::VARCHAR, $6::VARCHAR]) AND pg_catalog.pg_table_is_visible(pg_catalog.pg_class.oid) AND pg_catalog.pg_namespace.nspname != $7::VARCHAR"}
{"asctime": "2026-03-23 11:13:58,028", "level": "INFO", "logger": "sqlalchemy.engine.Engine", "message": "[generated in 0.00072s] ('users', 'r', 'p', 'f', 'v', 'm', 'pg_catalog')"}
{"asctime": "2026-03-23 11:13:58,033", "level": "INFO", "logger": "sqlalchemy.engine.Engine", "message": "SELECT pg_catalog.pg_class.relname \nFROM pg_catalog.pg_class JOIN pg_catalog.pg_namespace ON pg_catalog.pg_namespace.oid = pg_catalog.pg_class.relnamespace \nWHERE pg_catalog.pg_class.relname = $1::VARCHAR AND pg_catalog.pg_class.relkind = ANY (ARRAY[$2::VARCHAR, $3::VARCHAR, $4::VARCHAR, $5::VARCHAR, $6::VARCHAR]) AND pg_catalog.pg_table_is_visible(pg_catalog.pg_class.oid) AND pg_catalog.pg_namespace.nspname != $7::VARCHAR"}
{"asctime": "2026-03-23 11:13:58,033", "level": "INFO", "logger": "sqlalchemy.engine.Engine", "message": "[cached since 0.009159s ago] ('otps', 'r', 'p', 'f', 'v', 'm', 'pg_catalog')"}
{"asctime": "2026-03-23 11:13:58,038", "level": "INFO", "logger": "sqlalchemy.engine.Engine", "message": "SELECT pg_catalog.pg_class.relname \nFROM pg_catalog.pg_class JOIN pg_catalog.pg_namespace ON pg_catalog.pg_namespace.oid = pg_catalog.pg_class.relnamespace \nWHERE pg_catalog.pg_class.relname = $1::VARCHAR AND pg_catalog.pg_class.relkind = ANY (ARRAY[$2::VARCHAR, $3::VARCHAR, $4::VARCHAR, $5::VARCHAR, $6::VARCHAR]) AND pg_catalog.pg_table_is_visible(pg_catalog.pg_class.oid) AND pg_catalog.pg_namespace.nspname != $7::VARCHAR"}
{"asctime": "2026-03-23 11:13:58,038", "level": "INFO", "logger": "sqlalchemy.engine.Engine", "message": "[cached since 0.01147s ago] ('family_members', 'r', 'p', 'f', 'v', 'm', 'pg_catalog')"}
{"asctime": "2026-03-23 11:13:58,041", "level": "INFO", "logger": "sqlalchemy.engine.Engine", "message": "SELECT pg_catalog.pg_class.relname \nFROM pg_catalog.pg_class JOIN pg_catalog.pg_namespace ON pg_catalog.pg_namespace.oid = pg_catalog.pg_class.relnamespace \nWHERE pg_catalog.pg_class.relname = $1::VARCHAR AND pg_catalog.pg_class.relkind = ANY (ARRAY[$2::VARCHAR, $3::VARCHAR, $4::VARCHAR, $5::VARCHAR, $6::VARCHAR]) AND pg_catalog.pg_table_is_visible(pg_catalog.pg_class.oid) AND pg_catalog.pg_namespace.nspname != $7::VARCHAR"}
{"asctime": "2026-03-23 11:13:58,041", "level": "INFO", "logger": "sqlalchemy.engine.Engine", "message": "[cached since 0.01353s ago] ('medical_records', 'r', 'p', 'f', 'v', 'm', 'pg_catalog')"}
{"asctime": "2026-03-23 11:13:58,041", "level": "INFO", "logger": "sqlalchemy.engine.Engine", "message": "SELECT pg_catalog.pg_class.relname \nFROM pg_catalog.pg_class JOIN pg_catalog.pg_namespace ON pg_catalog.pg_namespace.oid = pg_catalog.pg_class.relnamespace \nWHERE pg_catalog.pg_class.relname = $1::VARCHAR AND pg_catalog.pg_class.relkind = ANY (ARRAY[$2::VARCHAR, $3::VARCHAR, $4::VARCHAR, $5::VARCHAR, $6::VARCHAR]) AND pg_catalog.pg_table_is_visible(pg_catalog.pg_class.oid) AND pg_catalog.pg_namespace.nspname != $7::VARCHAR"}
{"asctime": "2026-03-23 11:13:58,041", "level": "INFO", "logger": "sqlalchemy.engine.Engine", "message": "[cached since 0.0153s ago] ('prescriptions', 'r', 'p', 'f', 'v', 'm', 'pg_catalog')"}
{"asctime": "2026-03-23 11:13:58,045", "level": "INFO", "logger": "sqlalchemy.engine.Engine", "message": "SELECT pg_catalog.pg_class.relname \nFROM pg_catalog.pg_class JOIN pg_catalog.pg_namespace ON pg_catalog.pg_namespace.oid = pg_catalog.pg_class.relnamespace \nWHERE pg_catalog.pg_class.relname = $1::VARCHAR AND pg_catalog.pg_class.relkind = ANY (ARRAY[$2::VARCHAR, $3::VARCHAR, $4::VARCHAR, $5::VARCHAR, $6::VARCHAR]) AND pg_catalog.pg_table_is_visible(pg_catalog.pg_class.oid) AND pg_catalog.pg_namespace.nspname != $7::VARCHAR"}
{"asctime": "2026-03-23 11:13:58,045", "level": "INFO", "logger": "sqlalchemy.engine.Engine", "message": "[cached since 0.01791s ago] ('medicines', 'r', 'p', 'f', 'v', 'm', 'pg_catalog')"}
{"asctime": "2026-03-23 11:13:58,047", "level": "INFO", "logger": "sqlalchemy.engine.Engine", "message": "SELECT pg_catalog.pg_class.relname \nFROM pg_catalog.pg_class JOIN pg_catalog.pg_namespace ON pg_catalog.pg_namespace.oid = pg_catalog.pg_class.relnamespace \nWHERE pg_catalog.pg_class.relname = $1::VARCHAR AND pg_catalog.pg_class.relkind = ANY (ARRAY[$2::VARCHAR, $3::VARCHAR, $4::VARCHAR, $5::VARCHAR, $6::VARCHAR]) AND pg_catalog.pg_table_is_visible(pg_catalog.pg_class.oid) AND pg_catalog.pg_namespace.nspname != $7::VARCHAR"}
{"asctime": "2026-03-23 11:13:58,051", "level": "INFO", "logger": "sqlalchemy.engine.Engine", "message": "[cached since 0.0236s ago] ('medication_schedules', 'r', 'p', 'f', 'v', 'm', 'pg_catalog')"}
{"asctime": "2026-03-23 11:13:58,053", "level": "INFO", "logger": "sqlalchemy.engine.Engine", "message": "SELECT pg_catalog.pg_class.relname \nFROM pg_catalog.pg_class JOIN pg_catalog.pg_namespace ON pg_catalog.pg_namespace.oid = pg_catalog.pg_class.relnamespace \nWHERE pg_catalog.pg_class.relname = $1::VARCHAR AND pg_catalog.pg_class.relkind = ANY (ARRAY[$2::VARCHAR, $3::VARCHAR, $4::VARCHAR, $5::VARCHAR, $6::VARCHAR]) AND pg_catalog.pg_table_is_visible(pg_catalog.pg_class.oid) AND pg_catalog.pg_namespace.nspname != $7::VARCHAR"}
{"asctime": "2026-03-23 11:13:58,053", "level": "INFO", "logger": "sqlalchemy.engine.Engine", "message": "[cached since 0.02531s ago] ('health_metrics', 'r', 'p', 'f', 'v', 'm', 'pg_catalog')"}
{"asctime": "2026-03-23 11:13:58,055", "level": "INFO", "logger": "sqlalchemy.engine.Engine", "message": "SELECT pg_catalog.pg_class.relname \nFROM pg_catalog.pg_class JOIN pg_catalog.pg_namespace ON pg_catalog.pg_namespace.oid = pg_catalog.pg_class.relnamespace \nWHERE pg_catalog.pg_class.relname = $1::VARCHAR AND pg_catalog.pg_class.relkind = ANY (ARRAY[$2::VARCHAR, $3::VARCHAR, $4::VARCHAR, $5::VARCHAR, $6::VARCHAR]) AND pg_catalog.pg_table_is_visible(pg_catalog.pg_class.oid) AND pg_catalog.pg_namespace.nspname != $7::VARCHAR"}
{"asctime": "2026-03-23 11:13:58,055", "level": "INFO", "logger": "sqlalchemy.engine.Engine", "message": "[cached since 0.02943s ago] ('emergency_contacts', 'r', 'p', 'f', 'v', 'm', 'pg_catalog')"}
{"asctime": "2026-03-23 11:13:58,058", "level": "INFO", "logger": "sqlalchemy.engine.Engine", "message": "SELECT pg_catalog.pg_class.relname \nFROM pg_catalog.pg_class JOIN pg_catalog.pg_namespace ON pg_catalog.pg_namespace.oid = pg_catalog.pg_class.relnamespace \nWHERE pg_catalog.pg_class.relname = $1::VARCHAR AND pg_catalog.pg_class.relkind = ANY (ARRAY[$2::VARCHAR, $3::VARCHAR, $4::VARCHAR, $5::VARCHAR, $6::VARCHAR]) AND pg_catalog.pg_table_is_visible(pg_catalog.pg_class.oid) AND pg_catalog.pg_namespace.nspname != $7::VARCHAR"}
{"asctime": "2026-03-23 11:13:58,058", "level": "INFO", "logger": "sqlalchemy.engine.Engine", "message": "[cached since 0.03094s ago] ('ai_conversations', 'r', 'p', 'f', 'v', 'm', 'pg_catalog')"}
{"asctime": "2026-03-23 11:13:58,058", "level": "INFO", "logger": "sqlalchemy.engine.Engine", "message": "COMMIT"}
{"asctime": "2026-03-23 11:13:58,147", "level": "DEBUG", "logger": "tzlocal", "message": "Looking up time zone info from registry"}
{"asctime": "2026-03-23 11:13:58,147", "level": "INFO", "logger": "app.services.reminder_worker", "message": "[ReminderWorker] APScheduler started (5-min reminders + 08:00 refill alerts)"}
{"asctime": "2026-03-23 11:13:58,147", "level": "WARNING", "logger": "app.services.notification_service", "message": "FIREBASE_CREDENTIALS_PATH not set \u2014 push notifications disabled."}
{"asctime": "2026-03-23 11:13:58,147", "level": "WARNING", "logger": "app.services.notification_service", "message": "ENCRYPTION_KEY not set \u2014 using derived key. Set ENCRYPTION_KEY in .env for production security."}
{"asctime": "2026-03-23 11:13:58,200", "level": "INFO", "logger": "app.services.cache_service", "message": "Redis connected: redis://localhost:6379/0"}
{"asctime": "2026-03-23 11:13:58,225", "level": "INFO", "logger": "main", "message": "VitaPulse AI v1.0.0 started"}
{"asctime": "2026-03-23 11:13:58,226", "level": "INFO", "logger": "main", "message": "API docs: http://localhost:8000/docs"}
{"asctime": "2026-03-23 11:18:58,196", "level": "INFO", "logger": "sqlalchemy.engine.Engine", "message": "BEGIN (implicit)"}
{"asctime": "2026-03-23 11:18:58,199", "level": "INFO", "logger": "sqlalchemy.engine.Engine", "message": "SELECT * FROM fn_get_due_reminders($1)"}
{"asctime": "2026-03-23 11:18:58,201", "level": "INFO", "logger": "sqlalchemy.engine.Engine", "message": "[generated in 0.00199s] (5,)"}
{"asctime": "2026-03-23 11:18:58,213", "level": "INFO", "logger": "sqlalchemy.engine.Engine", "message": "ROLLBACK"}
{"asctime": "2026-03-23 11:18:58,214", "level": "INFO", "logger": "app.services.reminder_worker", "message": "[ReminderWorker] Checking reminders at 05:48 \u2014 0 due"}
{"asctime": "2026-03-23 11:20:38,076", "level": "INFO", "logger": "app.services.reminder_worker", "message": "[ReminderWorker] Scheduler stopped."}
{"asctime": "2026-03-23 11:20:38,076", "level": "INFO", "logger": "main", "message": "VitaPulse AI shut down"}
{"asctime": "2026-03-23 11:20:42,767", "level": "DEBUG", "logger": "passlib.utils.compat", "message": "loaded lazy attr 'SafeConfigParser': <class 'configparser.ConfigParser'>"}
{"asctime": "2026-03-23 11:20:42,767", "level": "DEBUG", "logger": "passlib.utils.compat", "message": "loaded lazy attr 'NativeStringIO': <class '_io.StringIO'>"}
{"asctime": "2026-03-23 11:20:42,767", "level": "DEBUG", "logger": "passlib.utils.compat", "message": "loaded lazy attr 'BytesIO': <class '_io.BytesIO'>"}
{"asctime": "2026-03-23 11:20:42,778", "level": "DEBUG", "logger": "passlib.registry", "message": "registered 'bcrypt' handler: <class 'passlib.handlers.bcrypt.bcrypt'>"}
{"asctime": "2026-03-23 11:20:43,276", "level": "INFO", "logger": "sqlalchemy.engine.Engine", "message": "select pg_catalog.version()"}
{"asctime": "2026-03-23 11:20:43,276", "level": "INFO", "logger": "sqlalchemy.engine.Engine", "message": "[raw sql] ()"}
{"asctime": "2026-03-23 11:20:43,281", "level": "INFO", "logger": "sqlalchemy.engine.Engine", "message": "select current_schema()"}
{"asctime": "2026-03-23 11:20:43,281", "level": "INFO", "logger": "sqlalchemy.engine.Engine", "message": "[raw sql] ()"}
{"asctime": "2026-03-23 11:20:43,281", "level": "INFO", "logger": "sqlalchemy.engine.Engine", "message": "show standard_conforming_strings"}
{"asctime": "2026-03-23 11:20:43,281", "level": "INFO", "logger": "sqlalchemy.engine.Engine", "message": "[raw sql] ()"}
{"asctime": "2026-03-23 11:20:43,281", "level": "INFO", "logger": "sqlalchemy.engine.Engine", "message": "BEGIN (implicit)"}
{"asctime": "2026-03-23 11:20:43,287", "level": "INFO", "logger": "sqlalchemy.engine.Engine", "message": "SELECT pg_catalog.pg_class.relname \nFROM pg_catalog.pg_class JOIN pg_catalog.pg_namespace ON pg_catalog.pg_namespace.oid = pg_catalog.pg_class.relnamespace \nWHERE pg_catalog.pg_class.relname = $1::VARCHAR AND pg_catalog.pg_class.relkind = ANY (ARRAY[$2::VARCHAR, $3::VARCHAR, $4::VARCHAR, $5::VARCHAR, $6::VARCHAR]) AND pg_catalog.pg_table_is_visible(pg_catalog.pg_class.oid) AND pg_catalog.pg_namespace.nspname != $7::VARCHAR"}
{"asctime": "2026-03-23 11:20:43,289", "level": "INFO", "logger": "sqlalchemy.engine.Engine", "message": "[generated in 0.00068s] ('users', 'r', 'p', 'f', 'v', 'm', 'pg_catalog')"}
{"asctime": "2026-03-23 11:20:43,292", "level": "INFO", "logger": "sqlalchemy.engine.Engine", "message": "SELECT pg_catalog.pg_class.relname \nFROM pg_catalog.pg_class JOIN pg_catalog.pg_namespace ON pg_catalog.pg_namespace.oid = pg_catalog.pg_class.relnamespace \nWHERE pg_catalog.pg_class.relname = $1::VARCHAR AND pg_catalog.pg_class.relkind = ANY (ARRAY[$2::VARCHAR, $3::VARCHAR, $4::VARCHAR, $5::VARCHAR, $6::VARCHAR]) AND pg_catalog.pg_table_is_visible(pg_catalog.pg_class.oid) AND pg_catalog.pg_namespace.nspname != $7::VARCHAR"}
{"asctime": "2026-03-23 11:20:43,292", "level": "INFO", "logger": "sqlalchemy.engine.Engine", "message": "[cached since 0.006094s ago] ('otps', 'r', 'p', 'f', 'v', 'm', 'pg_catalog')"}
{"asctime": "2026-03-23 11:20:43,295", "level": "INFO", "logger": "sqlalchemy.engine.Engine", "message": "SELECT pg_catalog.pg_class.relname \nFROM pg_catalog.pg_class JOIN pg_catalog.pg_namespace ON pg_catalog.pg_namespace.oid = pg_catalog.pg_class.relnamespace \nWHERE pg_catalog.pg_class.relname = $1::VARCHAR AND pg_catalog.pg_class.relkind = ANY (ARRAY[$2::VARCHAR, $3::VARCHAR, $4::VARCHAR, $5::VARCHAR, $6::VARCHAR]) AND pg_catalog.pg_table_is_visible(pg_catalog.pg_class.oid) AND pg_catalog.pg_namespace.nspname != $7::VARCHAR"}
{"asctime": "2026-03-23 11:20:43,295", "level": "INFO", "logger": "sqlalchemy.engine.Engine", "message": "[cached since 0.007615s ago] ('family_members', 'r', 'p', 'f', 'v', 'm', 'pg_catalog')"}
{"asctime": "2026-03-23 11:20:43,295", "level": "INFO", "logger": "sqlalchemy.engine.Engine", "message": "SELECT pg_catalog.pg_class.relname \nFROM pg_catalog.pg_class JOIN pg_catalog.pg_namespace ON pg_catalog.pg_namespace.oid = pg_catalog.pg_class.relnamespace \nWHERE pg_catalog.pg_class.relname = $1::VARCHAR AND pg_catalog.pg_class.relkind = ANY (ARRAY[$2::VARCHAR, $3::VARCHAR, $4::VARCHAR, $5::VARCHAR, $6::VARCHAR]) AND pg_catalog.pg_table_is_visible(pg_catalog.pg_class.oid) AND pg_catalog.pg_namespace.nspname != $7::VARCHAR"}
{"asctime": "2026-03-23 11:20:43,295", "level": "INFO", "logger": "sqlalchemy.engine.Engine", "message": "[cached since 0.008975s ago] ('medical_records', 'r', 'p', 'f', 'v', 'm', 'pg_catalog')"}
{"asctime": "2026-03-23 11:20:43,295", "level": "INFO", "logger": "sqlalchemy.engine.Engine", "message": "SELECT pg_catalog.pg_class.relname \nFROM pg_catalog.pg_class JOIN pg_catalog.pg_namespace ON pg_catalog.pg_namespace.oid = pg_catalog.pg_class.relnamespace \nWHERE pg_catalog.pg_class.relname = $1::VARCHAR AND pg_catalog.pg_class.relkind = ANY (ARRAY[$2::VARCHAR, $3::VARCHAR, $4::VARCHAR, $5::VARCHAR, $6::VARCHAR]) AND pg_catalog.pg_table_is_visible(pg_catalog.pg_class.oid) AND pg_catalog.pg_namespace.nspname != $7::VARCHAR"}
{"asctime": "2026-03-23 11:20:43,295", "level": "INFO", "logger": "sqlalchemy.engine.Engine", "message": "[cached since 0.01015s ago] ('prescriptions', 'r', 'p', 'f', 'v', 'm', 'pg_catalog')"}
{"asctime": "2026-03-23 11:20:43,295", "level": "INFO", "logger": "sqlalchemy.engine.Engine", "message": "SELECT pg_catalog.pg_class.relname \nFROM pg_catalog.pg_class JOIN pg_catalog.pg_namespace ON pg_catalog.pg_namespace.oid = pg_catalog.pg_class.relnamespace \nWHERE pg_catalog.pg_class.relname = $1::VARCHAR AND pg_catalog.pg_class.relkind = ANY (ARRAY[$2::VARCHAR, $3::VARCHAR, $4::VARCHAR, $5::VARCHAR, $6::VARCHAR]) AND pg_catalog.pg_table_is_visible(pg_catalog.pg_class.oid) AND pg_catalog.pg_namespace.nspname != $7::VARCHAR"}
{"asctime": "2026-03-23 11:20:43,295", "level": "INFO", "logger": "sqlalchemy.engine.Engine", "message": "[cached since 0.01148s ago] ('medicines', 'r', 'p', 'f', 'v', 'm', 'pg_catalog')"}
{"asctime": "2026-03-23 11:20:43,295", "level": "INFO", "logger": "sqlalchemy.engine.Engine", "message": "SELECT pg_catalog.pg_class.relname \nFROM pg_catalog.pg_class JOIN pg_catalog.pg_namespace ON pg_catalog.pg_namespace.oid = pg_catalog.pg_class.relnamespace \nWHERE pg_catalog.pg_class.relname = $1::VARCHAR AND pg_catalog.pg_class.relkind = ANY (ARRAY[$2::VARCHAR, $3::VARCHAR, $4::VARCHAR, $5::VARCHAR, $6::VARCHAR]) AND pg_catalog.pg_table_is_visible(pg_catalog.pg_class.oid) AND pg_catalog.pg_namespace.nspname != $7::VARCHAR"}
{"asctime": "2026-03-23 11:20:43,295", "level": "INFO", "logger": "sqlalchemy.engine.Engine", "message": "[cached since 0.01263s ago] ('medication_schedules', 'r', 'p', 'f', 'v', 'm', 'pg_catalog')"}
{"asctime": "2026-03-23 11:20:43,295", "level": "INFO", "logger": "sqlalchemy.engine.Engine", "message": "SELECT pg_catalog.pg_class.relname \nFROM pg_catalog.pg_class JOIN pg_catalog.pg_namespace ON pg_catalog.pg_namespace.oid = pg_catalog.pg_class.relnamespace \nWHERE pg_catalog.pg_class.relname = $1::VARCHAR AND pg_catalog.pg_class.relkind = ANY (ARRAY[$2::VARCHAR, $3::VARCHAR, $4::VARCHAR, $5::VARCHAR, $6::VARCHAR]) AND pg_catalog.pg_table_is_visible(pg_catalog.pg_class.oid) AND pg_catalog.pg_namespace.nspname != $7::VARCHAR"}
{"asctime": "2026-03-23 11:20:43,295", "level": "INFO", "logger": "sqlalchemy.engine.Engine", "message": "[cached since 0.01377s ago] ('health_metrics', 'r', 'p', 'f', 'v', 'm', 'pg_catalog')"}
{"asctime": "2026-03-23 11:20:43,295", "level": "INFO", "logger": "sqlalchemy.engine.Engine", "message": "SELECT pg_catalog.pg_class.relname \nFROM pg_catalog.pg_class JOIN pg_catalog.pg_namespace ON pg_catalog.pg_namespace.oid = pg_catalog.pg_class.relnamespace \nWHERE pg_catalog.pg_class.relname = $1::VARCHAR AND pg_catalog.pg_class.relkind = ANY (ARRAY[$2::VARCHAR, $3::VARCHAR, $4::VARCHAR, $5::VARCHAR, $6::VARCHAR]) AND pg_catalog.pg_table_is_visible(pg_catalog.pg_class.oid) AND pg_catalog.pg_namespace.nspname != $7::VARCHAR"}
{"asctime": "2026-03-23 11:20:43,295", "level": "INFO", "logger": "sqlalchemy.engine.Engine", "message": "[cached since 0.01476s ago] ('emergency_contacts', 'r', 'p', 'f', 'v', 'm', 'pg_catalog')"}
{"asctime": "2026-03-23 11:20:43,295", "level": "INFO", "logger": "sqlalchemy.engine.Engine", "message": "SELECT pg_catalog.pg_class.relname \nFROM pg_catalog.pg_class JOIN pg_catalog.pg_namespace ON pg_catalog.pg_namespace.oid = pg_catalog.pg_class.relnamespace \nWHERE pg_catalog.pg_class.relname = $1::VARCHAR AND pg_catalog.pg_class.relkind = ANY (ARRAY[$2::VARCHAR, $3::VARCHAR, $4::VARCHAR, $5::VARCHAR, $6::VARCHAR]) AND pg_catalog.pg_table_is_visible(pg_catalog.pg_class.oid) AND pg_catalog.pg_namespace.nspname != $7::VARCHAR"}
{"asctime": "2026-03-23 11:20:43,295", "level": "INFO", "logger": "sqlalchemy.engine.Engine", "message": "[cached since 0.01587s ago] ('ai_conversations', 'r', 'p', 'f', 'v', 'm', 'pg_catalog')"}
{"asctime": "2026-03-23 11:20:43,306", "level": "INFO", "logger": "sqlalchemy.engine.Engine", "message": "COMMIT"}
{"asctime": "2026-03-23 11:20:43,375", "level": "DEBUG", "logger": "tzlocal", "message": "Looking up time zone info from registry"}
{"asctime": "2026-03-23 11:20:43,375", "level": "INFO", "logger": "app.services.reminder_worker", "message": "[ReminderWorker] APScheduler started (5-min reminders + 08:00 refill alerts)"}
{"asctime": "2026-03-23 11:20:43,375", "level": "WARNING", "logger": "app.services.notification_service", "message": "FIREBASE_CREDENTIALS_PATH not set \u2014 push notifications disabled."}
{"asctime": "2026-03-23 11:20:43,375", "level": "WARNING", "logger": "app.services.notification_service", "message": "ENCRYPTION_KEY not set \u2014 using derived key. Set ENCRYPTION_KEY in .env for production security."}
{"asctime": "2026-03-23 11:20:43,420", "level": "INFO", "logger": "app.services.cache_service", "message": "Redis connected: redis://localhost:6379/0"}
{"asctime": "2026-03-23 11:20:43,420", "level": "INFO", "logger": "main", "message": "VitaPulse AI v1.0.0 started"}
{"asctime": "2026-03-23 11:20:43,420", "level": "INFO", "logger": "main", "message": "API docs: http://localhost:8000/docs"}
{"asctime": "2026-03-23 12:20:18,009", "level": "WARNING", "logger": "apscheduler.executors.default", "message": "Run time of job \"_dispatch_reminders (trigger: interval[0:05:00], next run at: 2026-03-23 12:20:43 IST)\" was missed by 0:04:34.633226"}
{"asctime": "2026-03-23 13:23:01,706", "level": "WARNING", "logger": "apscheduler.executors.default", "message": "Run time of job \"_dispatch_reminders (trigger: interval[0:05:00], next run at: 2026-03-23 13:25:43 IST)\" was missed by 0:02:18.330183"}
{"asctime": "2026-03-23 13:25:43,390", "level": "INFO", "logger": "sqlalchemy.engine.Engine", "message": "BEGIN (implicit)"}
{"asctime": "2026-03-23 13:25:43,392", "level": "INFO", "logger": "sqlalchemy.engine.Engine", "message": "SELECT * FROM fn_get_due_reminders($1)"}
{"asctime": "2026-03-23 13:25:43,393", "level": "INFO", "logger": "sqlalchemy.engine.Engine", "message": "[generated in 0.00107s] (5,)"}
{"asctime": "2026-03-23 13:25:43,408", "level": "INFO", "logger": "sqlalchemy.engine.Engine", "message": "ROLLBACK"}
{"asctime": "2026-03-23 13:25:43,416", "level": "INFO", "logger": "app.services.reminder_worker", "message": "[ReminderWorker] Checking reminders at 07:55 \u2014 0 due"}
{"asctime": "2026-03-23 13:27:41,920", "level": "INFO", "logger": "sqlalchemy.engine.Engine", "message": "BEGIN (implicit)"}
{"asctime": "2026-03-23 13:27:41,940", "level": "INFO", "logger": "sqlalchemy.engine.Engine", "message": "SELECT * FROM sp_insert_otp($1, $2, $3, $4, $5)"}
{"asctime": "2026-03-23 13:27:42,218", "level": "INFO", "logger": "sqlalchemy.engine.Engine", "message": "[generated in 0.27779s] ('ravishori@gmail.com', '057934', 'd51acaaa96eadab92bad96e12350b04d5fb820f289516229a0f952ff8743bc6a', 'register', datetime.datetime(2026, 3, 23, 8, 7, 41, 918536, tzinfo=datetime.timezone.utc))"}
{"asctime": "2026-03-23 13:27:42,262", "level": "INFO", "logger": "sqlalchemy.engine.Engine", "message": "COMMIT"}
{"asctime": "2026-03-23 13:27:47,604", "level": "INFO", "logger": "app.api.routes.auth", "message": "OTP email sent to ravi*** on attempt 1"}
{"asctime": "2026-03-23 13:27:47,605", "level": "INFO", "logger": "app.api.routes.auth", "message": "[DEV OTP] ravi*** \u2192 05** (expires 2026-03-23 08:07:41.918536+00:00)"}
{"asctime": "2026-03-23 13:27:47,607", "level": "INFO", "logger": "vitapulse.http", "message": "HTTP POST /api/v1/auth/send-otp \u2192 200 (5885.7 ms)", "method": "POST", "path": "/api/v1/auth/send-otp", "status_code": 200, "duration_ms": 5885.7, "user_id": null}
{"asctime": "2026-03-23 13:30:43,394", "level": "INFO", "logger": "sqlalchemy.engine.Engine", "message": "BEGIN (implicit)"}
{"asctime": "2026-03-23 13:30:43,396", "level": "INFO", "logger": "sqlalchemy.engine.Engine", "message": "SELECT * FROM fn_get_due_reminders($1)"}
{"asctime": "2026-03-23 13:30:43,397", "level": "INFO", "logger": "sqlalchemy.engine.Engine", "message": "[cached since 300s ago] (5,)"}
{"asctime": "2026-03-23 13:30:43,402", "level": "INFO", "logger": "sqlalchemy.engine.Engine", "message": "ROLLBACK"}
{"asctime": "2026-03-23 13:30:43,406", "level": "INFO", "logger": "app.services.reminder_worker", "message": "[ReminderWorker] Checking reminders at 08:00 \u2014 0 due"}
{"asctime": "2026-03-23 13:35:43,394", "level": "INFO", "logger": "sqlalchemy.engine.Engine", "message": "BEGIN (implicit)"}
{"asctime": "2026-03-23 13:35:43,397", "level": "INFO", "logger": "sqlalchemy.engine.Engine", "message": "SELECT * FROM fn_get_due_reminders($1)"}
{"asctime": "2026-03-23 13:35:43,399", "level": "INFO", "logger": "sqlalchemy.engine.Engine", "message": "[cached since 600s ago] (5,)"}
{"asctime": "2026-03-23 13:35:43,406", "level": "INFO", "logger": "sqlalchemy.engine.Engine", "message": "ROLLBACK"}
{"asctime": "2026-03-23 13:35:43,410", "level": "INFO", "logger": "app.services.reminder_worker", "message": "[ReminderWorker] Checking reminders at 08:05 \u2014 0 due"}
{"asctime": "2026-03-23 13:36:29,919", "level": "INFO", "logger": "app.services.reminder_worker", "message": "[ReminderWorker] Scheduler stopped."}
{"asctime": "2026-03-23 13:36:29,921", "level": "INFO", "logger": "main", "message": "VitaPulse AI shut down"}
{"asctime": "2026-03-23 13:36:31,736", "level": "DEBUG", "logger": "passlib.utils.compat", "message": "loaded lazy attr 'SafeConfigParser': <class 'configparser.ConfigParser'>"}
{"asctime": "2026-03-23 13:36:31,736", "level": "DEBUG", "logger": "passlib.utils.compat", "message": "loaded lazy attr 'NativeStringIO': <class '_io.StringIO'>"}
{"asctime": "2026-03-23 13:36:31,736", "level": "DEBUG", "logger": "passlib.utils.compat", "message": "loaded lazy attr 'BytesIO': <class '_io.BytesIO'>"}
{"asctime": "2026-03-23 13:36:31,742", "level": "DEBUG", "logger": "passlib.registry", "message": "registered 'bcrypt' handler: <class 'passlib.handlers.bcrypt.bcrypt'>"}
{"asctime": "2026-03-23 13:36:32,399", "level": "INFO", "logger": "sqlalchemy.engine.Engine", "message": "select pg_catalog.version()"}
{"asctime": "2026-03-23 13:36:32,399", "level": "INFO", "logger": "sqlalchemy.engine.Engine", "message": "[raw sql] ()"}
{"asctime": "2026-03-23 13:36:32,402", "level": "INFO", "logger": "sqlalchemy.engine.Engine", "message": "select current_schema()"}
{"asctime": "2026-03-23 13:36:32,404", "level": "INFO", "logger": "sqlalchemy.engine.Engine", "message": "[raw sql] ()"}
{"asctime": "2026-03-23 13:36:32,404", "level": "INFO", "logger": "sqlalchemy.engine.Engine", "message": "show standard_conforming_strings"}
{"asctime": "2026-03-23 13:36:32,406", "level": "INFO", "logger": "sqlalchemy.engine.Engine", "message": "[raw sql] ()"}
{"asctime": "2026-03-23 13:36:32,408", "level": "INFO", "logger": "sqlalchemy.engine.Engine", "message": "BEGIN (implicit)"}
{"asctime": "2026-03-23 13:36:32,410", "level": "INFO", "logger": "sqlalchemy.engine.Engine", "message": "SELECT pg_catalog.pg_class.relname \nFROM pg_catalog.pg_class JOIN pg_catalog.pg_namespace ON pg_catalog.pg_namespace.oid = pg_catalog.pg_class.relnamespace \nWHERE pg_catalog.pg_class.relname = $1::VARCHAR AND pg_catalog.pg_class.relkind = ANY (ARRAY[$2::VARCHAR, $3::VARCHAR, $4::VARCHAR, $5::VARCHAR, $6::VARCHAR]) AND pg_catalog.pg_table_is_visible(pg_catalog.pg_class.oid) AND pg_catalog.pg_namespace.nspname != $7::VARCHAR"}
{"asctime": "2026-03-23 13:36:32,412", "level": "INFO", "logger": "sqlalchemy.engine.Engine", "message": "[generated in 0.00084s] ('users', 'r', 'p', 'f', 'v', 'm', 'pg_catalog')"}
{"asctime": "2026-03-23 13:36:32,417", "level": "INFO", "logger": "sqlalchemy.engine.Engine", "message": "SELECT pg_catalog.pg_class.relname \nFROM pg_catalog.pg_class JOIN pg_catalog.pg_namespace ON pg_catalog.pg_namespace.oid = pg_catalog.pg_class.relnamespace \nWHERE pg_catalog.pg_class.relname = $1::VARCHAR AND pg_catalog.pg_class.relkind = ANY (ARRAY[$2::VARCHAR, $3::VARCHAR, $4::VARCHAR, $5::VARCHAR, $6::VARCHAR]) AND pg_catalog.pg_table_is_visible(pg_catalog.pg_class.oid) AND pg_catalog.pg_namespace.nspname != $7::VARCHAR"}
{"asctime": "2026-03-23 13:36:32,418", "level": "INFO", "logger": "sqlalchemy.engine.Engine", "message": "[cached since 0.007327s ago] ('otps', 'r', 'p', 'f', 'v', 'm', 'pg_catalog')"}
{"asctime": "2026-03-23 13:36:32,419", "level": "INFO", "logger": "sqlalchemy.engine.Engine", "message": "SELECT pg_catalog.pg_class.relname \nFROM pg_catalog.pg_class JOIN pg_catalog.pg_namespace ON pg_catalog.pg_namespace.oid = pg_catalog.pg_class.relnamespace \nWHERE pg_catalog.pg_class.relname = $1::VARCHAR AND pg_catalog.pg_class.relkind = ANY (ARRAY[$2::VARCHAR, $3::VARCHAR, $4::VARCHAR, $5::VARCHAR, $6::VARCHAR]) AND pg_catalog.pg_table_is_visible(pg_catalog.pg_class.oid) AND pg_catalog.pg_namespace.nspname != $7::VARCHAR"}
{"asctime": "2026-03-23 13:36:32,420", "level": "INFO", "logger": "sqlalchemy.engine.Engine", "message": "[cached since 0.009456s ago] ('family_members', 'r', 'p', 'f', 'v', 'm', 'pg_catalog')"}
{"asctime": "2026-03-23 13:36:32,421", "level": "INFO", "logger": "sqlalchemy.engine.Engine", "message": "SELECT pg_catalog.pg_class.relname \nFROM pg_catalog.pg_class JOIN pg_catalog.pg_namespace ON pg_catalog.pg_namespace.oid = pg_catalog.pg_class.relnamespace \nWHERE pg_catalog.pg_class.relname = $1::VARCHAR AND pg_catalog.pg_class.relkind = ANY (ARRAY[$2::VARCHAR, $3::VARCHAR, $4::VARCHAR, $5::VARCHAR, $6::VARCHAR]) AND pg_catalog.pg_table_is_visible(pg_catalog.pg_class.oid) AND pg_catalog.pg_namespace.nspname != $7::VARCHAR"}
{"asctime": "2026-03-23 13:36:32,422", "level": "INFO", "logger": "sqlalchemy.engine.Engine", "message": "[cached since 0.01151s ago] ('medical_records', 'r', 'p', 'f', 'v', 'm', 'pg_catalog')"}
{"asctime": "2026-03-23 13:36:32,423", "level": "INFO", "logger": "sqlalchemy.engine.Engine", "message": "SELECT pg_catalog.pg_class.relname \nFROM pg_catalog.pg_class JOIN pg_catalog.pg_namespace ON pg_catalog.pg_namespace.oid = pg_catalog.pg_class.relnamespace \nWHERE pg_catalog.pg_class.relname = $1::VARCHAR AND pg_catalog.pg_class.relkind = ANY (ARRAY[$2::VARCHAR, $3::VARCHAR, $4::VARCHAR, $5::VARCHAR, $6::VARCHAR]) AND pg_catalog.pg_table_is_visible(pg_catalog.pg_class.oid) AND pg_catalog.pg_namespace.nspname != $7::VARCHAR"}
{"asctime": "2026-03-23 13:36:32,425", "level": "INFO", "logger": "sqlalchemy.engine.Engine", "message": "[cached since 0.01394s ago] ('prescriptions', 'r', 'p', 'f', 'v', 'm', 'pg_catalog')"}
{"asctime": "2026-03-23 13:36:32,426", "level": "INFO", "logger": "sqlalchemy.engine.Engine", "message": "SELECT pg_catalog.pg_class.relname \nFROM pg_catalog.pg_class JOIN pg_catalog.pg_namespace ON pg_catalog.pg_namespace.oid = pg_catalog.pg_class.relnamespace \nWHERE pg_catalog.pg_class.relname = $1::VARCHAR AND pg_catalog.pg_class.relkind = ANY (ARRAY[$2::VARCHAR, $3::VARCHAR, $4::VARCHAR, $5::VARCHAR, $6::VARCHAR]) AND pg_catalog.pg_table_is_visible(pg_catalog.pg_class.oid) AND pg_catalog.pg_namespace.nspname != $7::VARCHAR"}
{"asctime": "2026-03-23 13:36:32,427", "level": "INFO", "logger": "sqlalchemy.engine.Engine", "message": "[cached since 0.01645s ago] ('medicines', 'r', 'p', 'f', 'v', 'm', 'pg_catalog')"}
{"asctime": "2026-03-23 13:36:32,428", "level": "INFO", "logger": "sqlalchemy.engine.Engine", "message": "SELECT pg_catalog.pg_class.relname \nFROM pg_catalog.pg_class JOIN pg_catalog.pg_namespace ON pg_catalog.pg_namespace.oid = pg_catalog.pg_class.relnamespace \nWHERE pg_catalog.pg_class.relname = $1::VARCHAR AND pg_catalog.pg_class.relkind = ANY (ARRAY[$2::VARCHAR, $3::VARCHAR, $4::VARCHAR, $5::VARCHAR, $6::VARCHAR]) AND pg_catalog.pg_table_is_visible(pg_catalog.pg_class.oid) AND pg_catalog.pg_namespace.nspname != $7::VARCHAR"}
{"asctime": "2026-03-23 13:36:32,429", "level": "INFO", "logger": "sqlalchemy.engine.Engine", "message": "[cached since 0.0186s ago] ('medication_schedules', 'r', 'p', 'f', 'v', 'm', 'pg_catalog')"}
{"asctime": "2026-03-23 13:36:32,430", "level": "INFO", "logger": "sqlalchemy.engine.Engine", "message": "SELECT pg_catalog.pg_class.relname \nFROM pg_catalog.pg_class JOIN pg_catalog.pg_namespace ON pg_catalog.pg_namespace.oid = pg_catalog.pg_class.relnamespace \nWHERE pg_catalog.pg_class.relname = $1::VARCHAR AND pg_catalog.pg_class.relkind = ANY (ARRAY[$2::VARCHAR, $3::VARCHAR, $4::VARCHAR, $5::VARCHAR, $6::VARCHAR]) AND pg_catalog.pg_table_is_visible(pg_catalog.pg_class.oid) AND pg_catalog.pg_namespace.nspname != $7::VARCHAR"}
{"asctime": "2026-03-23 13:36:32,431", "level": "INFO", "logger": "sqlalchemy.engine.Engine", "message": "[cached since 0.0204s ago] ('health_metrics', 'r', 'p', 'f', 'v', 'm', 'pg_catalog')"}
{"asctime": "2026-03-23 13:36:32,432", "level": "INFO", "logger": "sqlalchemy.engine.Engine", "message": "SELECT pg_catalog.pg_class.relname \nFROM pg_catalog.pg_class JOIN pg_catalog.pg_namespace ON pg_catalog.pg_namespace.oid = pg_catalog.pg_class.relnamespace \nWHERE pg_catalog.pg_class.relname = $1::VARCHAR AND pg_catalog.pg_class.relkind = ANY (ARRAY[$2::VARCHAR, $3::VARCHAR, $4::VARCHAR, $5::VARCHAR, $6::VARCHAR]) AND pg_catalog.pg_table_is_visible(pg_catalog.pg_class.oid) AND pg_catalog.pg_namespace.nspname != $7::VARCHAR"}
{"asctime": "2026-03-23 13:36:32,433", "level": "INFO", "logger": "sqlalchemy.engine.Engine", "message": "[cached since 0.02179s ago] ('emergency_contacts', 'r', 'p', 'f', 'v', 'm', 'pg_catalog')"}
{"asctime": "2026-03-23 13:36:32,434", "level": "INFO", "logger": "sqlalchemy.engine.Engine", "message": "SELECT pg_catalog.pg_class.relname \nFROM pg_catalog.pg_class JOIN pg_catalog.pg_namespace ON pg_catalog.pg_namespace.oid = pg_catalog.pg_class.relnamespace \nWHERE pg_catalog.pg_class.relname = $1::VARCHAR AND pg_catalog.pg_class.relkind = ANY (ARRAY[$2::VARCHAR, $3::VARCHAR, $4::VARCHAR, $5::VARCHAR, $6::VARCHAR]) AND pg_catalog.pg_table_is_visible(pg_catalog.pg_class.oid) AND pg_catalog.pg_namespace.nspname != $7::VARCHAR"}
{"asctime": "2026-03-23 13:36:32,435", "level": "INFO", "logger": "sqlalchemy.engine.Engine", "message": "[cached since 0.02392s ago] ('ai_conversations', 'r', 'p', 'f', 'v', 'm', 'pg_catalog')"}
{"asctime": "2026-03-23 13:36:32,436", "level": "INFO", "logger": "sqlalchemy.engine.Engine", "message": "COMMIT"}
{"asctime": "2026-03-23 13:36:32,552", "level": "DEBUG", "logger": "tzlocal", "message": "Looking up time zone info from registry"}
{"asctime": "2026-03-23 13:36:32,557", "level": "INFO", "logger": "app.services.reminder_worker", "message": "[ReminderWorker] APScheduler started (5-min reminders + 08:00 refill alerts)"}
{"asctime": "2026-03-23 13:36:32,558", "level": "WARNING", "logger": "app.services.notification_service", "message": "FIREBASE_CREDENTIALS_PATH not set \u2014 push notifications disabled."}
{"asctime": "2026-03-23 13:36:32,559", "level": "WARNING", "logger": "app.services.notification_service", "message": "ENCRYPTION_KEY not set \u2014 using derived key. Set ENCRYPTION_KEY in .env for production security."}
{"asctime": "2026-03-23 13:36:32,634", "level": "INFO", "logger": "app.services.cache_service", "message": "Redis connected: redis://localhost:6379/0"}
{"asctime": "2026-03-23 13:36:32,634", "level": "INFO", "logger": "main", "message": "VitaPulse AI v1.0.0 started"}
{"asctime": "2026-03-23 13:36:32,635", "level": "INFO", "logger": "main", "message": "API docs: http://localhost:8000/docs"}
{"asctime": "2026-03-23 13:36:40,512", "level": "INFO", "logger": "app.services.reminder_worker", "message": "[ReminderWorker] Scheduler stopped."}
{"asctime": "2026-03-23 13:36:40,514", "level": "INFO", "logger": "main", "message": "VitaPulse AI shut down"}
{"asctime": "2026-03-23 13:36:41,878", "level": "DEBUG", "logger": "passlib.utils.compat", "message": "loaded lazy attr 'SafeConfigParser': <class 'configparser.ConfigParser'>"}
{"asctime": "2026-03-23 13:36:41,879", "level": "DEBUG", "logger": "passlib.utils.compat", "message": "loaded lazy attr 'NativeStringIO': <class '_io.StringIO'>"}
{"asctime": "2026-03-23 13:36:41,879", "level": "DEBUG", "logger": "passlib.utils.compat", "message": "loaded lazy attr 'BytesIO': <class '_io.BytesIO'>"}
{"asctime": "2026-03-23 13:36:41,881", "level": "DEBUG", "logger": "passlib.registry", "message": "registered 'bcrypt' handler: <class 'passlib.handlers.bcrypt.bcrypt'>"}
{"asctime": "2026-03-23 13:36:42,398", "level": "INFO", "logger": "sqlalchemy.engine.Engine", "message": "select pg_catalog.version()"}
{"asctime": "2026-03-23 13:36:42,399", "level": "INFO", "logger": "sqlalchemy.engine.Engine", "message": "[raw sql] ()"}
{"asctime": "2026-03-23 13:36:42,401", "level": "INFO", "logger": "sqlalchemy.engine.Engine", "message": "select current_schema()"}
{"asctime": "2026-03-23 13:36:42,402", "level": "INFO", "logger": "sqlalchemy.engine.Engine", "message": "[raw sql] ()"}
{"asctime": "2026-03-23 13:36:42,404", "level": "INFO", "logger": "sqlalchemy.engine.Engine", "message": "show standard_conforming_strings"}
{"asctime": "2026-03-23 13:36:42,404", "level": "INFO", "logger": "sqlalchemy.engine.Engine", "message": "[raw sql] ()"}
{"asctime": "2026-03-23 13:36:42,405", "level": "INFO", "logger": "sqlalchemy.engine.Engine", "message": "BEGIN (implicit)"}
{"asctime": "2026-03-23 13:36:42,409", "level": "INFO", "logger": "sqlalchemy.engine.Engine", "message": "SELECT pg_catalog.pg_class.relname \nFROM pg_catalog.pg_class JOIN pg_catalog.pg_namespace ON pg_catalog.pg_namespace.oid = pg_catalog.pg_class.relnamespace \nWHERE pg_catalog.pg_class.relname = $1::VARCHAR AND pg_catalog.pg_class.relkind = ANY (ARRAY[$2::VARCHAR, $3::VARCHAR, $4::VARCHAR, $5::VARCHAR, $6::VARCHAR]) AND pg_catalog.pg_table_is_visible(pg_catalog.pg_class.oid) AND pg_catalog.pg_namespace.nspname != $7::VARCHAR"}
{"asctime": "2026-03-23 13:36:42,410", "level": "INFO", "logger": "sqlalchemy.engine.Engine", "message": "[generated in 0.00081s] ('users', 'r', 'p', 'f', 'v', 'm', 'pg_catalog')"}
{"asctime": "2026-03-23 13:36:42,415", "level": "INFO", "logger": "sqlalchemy.engine.Engine", "message": "SELECT pg_catalog.pg_class.relname \nFROM pg_catalog.pg_class JOIN pg_catalog.pg_namespace ON pg_catalog.pg_namespace.oid = pg_catalog.pg_class.relnamespace \nWHERE pg_catalog.pg_class.relname = $1::VARCHAR AND pg_catalog.pg_class.relkind = ANY (ARRAY[$2::VARCHAR, $3::VARCHAR, $4::VARCHAR, $5::VARCHAR, $6::VARCHAR]) AND pg_catalog.pg_table_is_visible(pg_catalog.pg_class.oid) AND pg_catalog.pg_namespace.nspname != $7::VARCHAR"}
{"asctime": "2026-03-23 13:36:42,415", "level": "INFO", "logger": "sqlalchemy.engine.Engine", "message": "[cached since 0.006157s ago] ('otps', 'r', 'p', 'f', 'v', 'm', 'pg_catalog')"}
{"asctime": "2026-03-23 13:36:42,417", "level": "INFO", "logger": "sqlalchemy.engine.Engine", "message": "SELECT pg_catalog.pg_class.relname \nFROM pg_catalog.pg_class JOIN pg_catalog.pg_namespace ON pg_catalog.pg_namespace.oid = pg_catalog.pg_class.relnamespace \nWHERE pg_catalog.pg_class.relname = $1::VARCHAR AND pg_catalog.pg_class.relkind = ANY (ARRAY[$2::VARCHAR, $3::VARCHAR, $4::VARCHAR, $5::VARCHAR, $6::VARCHAR]) AND pg_catalog.pg_table_is_visible(pg_catalog.pg_class.oid) AND pg_catalog.pg_namespace.nspname != $7::VARCHAR"}
{"asctime": "2026-03-23 13:36:42,417", "level": "INFO", "logger": "sqlalchemy.engine.Engine", "message": "[cached since 0.007455s ago] ('family_members', 'r', 'p', 'f', 'v', 'm', 'pg_catalog')"}
{"asctime": "2026-03-23 13:36:42,418", "level": "INFO", "logger": "sqlalchemy.engine.Engine", "message": "SELECT pg_catalog.pg_class.relname \nFROM pg_catalog.pg_class JOIN pg_catalog.pg_namespace ON pg_catalog.pg_namespace.oid = pg_catalog.pg_class.relnamespace \nWHERE pg_catalog.pg_class.relname = $1::VARCHAR AND pg_catalog.pg_class.relkind = ANY (ARRAY[$2::VARCHAR, $3::VARCHAR, $4::VARCHAR, $5::VARCHAR, $6::VARCHAR]) AND pg_catalog.pg_table_is_visible(pg_catalog.pg_class.oid) AND pg_catalog.pg_namespace.nspname != $7::VARCHAR"}
{"asctime": "2026-03-23 13:36:42,418", "level": "INFO", "logger": "sqlalchemy.engine.Engine", "message": "[cached since 0.008616s ago] ('medical_records', 'r', 'p', 'f', 'v', 'm', 'pg_catalog')"}
{"asctime": "2026-03-23 13:36:42,418", "level": "INFO", "logger": "sqlalchemy.engine.Engine", "message": "SELECT pg_catalog.pg_class.relname \nFROM pg_catalog.pg_class JOIN pg_catalog.pg_namespace ON pg_catalog.pg_namespace.oid = pg_catalog.pg_class.relnamespace \nWHERE pg_catalog.pg_class.relname = $1::VARCHAR AND pg_catalog.pg_class.relkind = ANY (ARRAY[$2::VARCHAR, $3::VARCHAR, $4::VARCHAR, $5::VARCHAR, $6::VARCHAR]) AND pg_catalog.pg_table_is_visible(pg_catalog.pg_class.oid) AND pg_catalog.pg_namespace.nspname != $7::VARCHAR"}
{"asctime": "2026-03-23 13:36:42,420", "level": "INFO", "logger": "sqlalchemy.engine.Engine", "message": "[cached since 0.009715s ago] ('prescriptions', 'r', 'p', 'f', 'v', 'm', 'pg_catalog')"}
{"asctime": "2026-03-23 13:36:42,420", "level": "INFO", "logger": "sqlalchemy.engine.Engine", "message": "SELECT pg_catalog.pg_class.relname \nFROM pg_catalog.pg_class JOIN pg_catalog.pg_namespace ON pg_catalog.pg_namespace.oid = pg_catalog.pg_class.relnamespace \nWHERE pg_catalog.pg_class.relname = $1::VARCHAR AND pg_catalog.pg_class.relkind = ANY (ARRAY[$2::VARCHAR, $3::VARCHAR, $4::VARCHAR, $5::VARCHAR, $6::VARCHAR]) AND pg_catalog.pg_table_is_visible(pg_catalog.pg_class.oid) AND pg_catalog.pg_namespace.nspname != $7::VARCHAR"}
{"asctime": "2026-03-23 13:36:42,421", "level": "INFO", "logger": "sqlalchemy.engine.Engine", "message": "[cached since 0.01122s ago] ('medicines', 'r', 'p', 'f', 'v', 'm', 'pg_catalog')"}
{"asctime": "2026-03-23 13:36:42,421", "level": "INFO", "logger": "sqlalchemy.engine.Engine", "message": "SELECT pg_catalog.pg_class.relname \nFROM pg_catalog.pg_class JOIN pg_catalog.pg_namespace ON pg_catalog.pg_namespace.oid = pg_catalog.pg_class.relnamespace \nWHERE pg_catalog.pg_class.relname = $1::VARCHAR AND pg_catalog.pg_class.relkind = ANY (ARRAY[$2::VARCHAR, $3::VARCHAR, $4::VARCHAR, $5::VARCHAR, $6::VARCHAR]) AND pg_catalog.pg_table_is_visible(pg_catalog.pg_class.oid) AND pg_catalog.pg_namespace.nspname != $7::VARCHAR"}
{"asctime": "2026-03-23 13:36:42,422", "level": "INFO", "logger": "sqlalchemy.engine.Engine", "message": "[cached since 0.01268s ago] ('medication_schedules', 'r', 'p', 'f', 'v', 'm', 'pg_catalog')"}
{"asctime": "2026-03-23 13:36:42,425", "level": "INFO", "logger": "sqlalchemy.engine.Engine", "message": "SELECT pg_catalog.pg_class.relname \nFROM pg_catalog.pg_class JOIN pg_catalog.pg_namespace ON pg_catalog.pg_namespace.oid = pg_catalog.pg_class.relnamespace \nWHERE pg_catalog.pg_class.relname = $1::VARCHAR AND pg_catalog.pg_class.relkind = ANY (ARRAY[$2::VARCHAR, $3::VARCHAR, $4::VARCHAR, $5::VARCHAR, $6::VARCHAR]) AND pg_catalog.pg_table_is_visible(pg_catalog.pg_class.oid) AND pg_catalog.pg_namespace.nspname != $7::VARCHAR"}
{"asctime": "2026-03-23 13:36:42,425", "level": "INFO", "logger": "sqlalchemy.engine.Engine", "message": "[cached since 0.01562s ago] ('health_metrics', 'r', 'p', 'f', 'v', 'm', 'pg_catalog')"}
{"asctime": "2026-03-23 13:36:42,426", "level": "INFO", "logger": "sqlalchemy.engine.Engine", "message": "SELECT pg_catalog.pg_class.relname \nFROM pg_catalog.pg_class JOIN pg_catalog.pg_namespace ON pg_catalog.pg_namespace.oid = pg_catalog.pg_class.relnamespace \nWHERE pg_catalog.pg_class.relname = $1::VARCHAR AND pg_catalog.pg_class.relkind = ANY (ARRAY[$2::VARCHAR, $3::VARCHAR, $4::VARCHAR, $5::VARCHAR, $6::VARCHAR]) AND pg_catalog.pg_table_is_visible(pg_catalog.pg_class.oid) AND pg_catalog.pg_namespace.nspname != $7::VARCHAR"}
{"asctime": "2026-03-23 13:36:42,426", "level": "INFO", "logger": "sqlalchemy.engine.Engine", "message": "[cached since 0.01688s ago] ('emergency_contacts', 'r', 'p', 'f', 'v', 'm', 'pg_catalog')"}
{"asctime": "2026-03-23 13:36:42,426", "level": "INFO", "logger": "sqlalchemy.engine.Engine", "message": "SELECT pg_catalog.pg_class.relname \nFROM pg_catalog.pg_class JOIN pg_catalog.pg_namespace ON pg_catalog.pg_namespace.oid = pg_catalog.pg_class.relnamespace \nWHERE pg_catalog.pg_class.relname = $1::VARCHAR AND pg_catalog.pg_class.relkind = ANY (ARRAY[$2::VARCHAR, $3::VARCHAR, $4::VARCHAR, $5::VARCHAR, $6::VARCHAR]) AND pg_catalog.pg_table_is_visible(pg_catalog.pg_class.oid) AND pg_catalog.pg_namespace.nspname != $7::VARCHAR"}
{"asctime": "2026-03-23 13:36:42,428", "level": "INFO", "logger": "sqlalchemy.engine.Engine", "message": "[cached since 0.01812s ago] ('ai_conversations', 'r', 'p', 'f', 'v', 'm', 'pg_catalog')"}
{"asctime": "2026-03-23 13:36:42,429", "level": "INFO", "logger": "sqlalchemy.engine.Engine", "message": "COMMIT"}
{"asctime": "2026-03-23 13:36:42,510", "level": "DEBUG", "logger": "tzlocal", "message": "Looking up time zone info from registry"}
{"asctime": "2026-03-23 13:36:42,513", "level": "INFO", "logger": "app.services.reminder_worker", "message": "[ReminderWorker] APScheduler started (5-min reminders + 08:00 refill alerts)"}
{"asctime": "2026-03-23 13:36:42,514", "level": "WARNING", "logger": "app.services.notification_service", "message": "FIREBASE_CREDENTIALS_PATH not set \u2014 push notifications disabled."}
{"asctime": "2026-03-23 13:36:42,514", "level": "WARNING", "logger": "app.services.notification_service", "message": "ENCRYPTION_KEY not set \u2014 using derived key. Set ENCRYPTION_KEY in .env for production security."}
{"asctime": "2026-03-23 13:36:42,552", "level": "INFO", "logger": "app.services.cache_service", "message": "Redis connected: redis://localhost:6379/0"}
{"asctime": "2026-03-23 13:36:42,552", "level": "INFO", "logger": "main", "message": "VitaPulse AI v1.0.0 started"}
{"asctime": "2026-03-23 13:36:42,553", "level": "INFO", "logger": "main", "message": "API docs: http://localhost:8000/docs"}
{"asctime": "2026-03-23 13:39:37,243", "level": "INFO", "logger": "app.services.reminder_worker", "message": "[ReminderWorker] Scheduler stopped."}
{"asctime": "2026-03-23 13:39:37,244", "level": "INFO", "logger": "main", "message": "VitaPulse AI shut down"}
